mean_hours,std_hours,max_hours,min_hours,consistency_score,sleep_hours,workload_ratio,rest_efficiency,overwork_days,burnout_label
10.28747258267156,3.731495135414036,11.653901717996773,7.666496386725886,0.6372777564725229,6.590328476998466,1.5609954220911522,0.5180656953996932,1.0,1
6.266541277024627,2.673431941280345,6.623115245735317,5.528370335564151,0.573379983774766,5.768169607517904,1.0864003147302004,0.35363392150358075,2.0,1
11.30317503893659,1.1018463623717216,13.01069531915292,9.836282816036642,0.9025188623040749,4.375279151940101,2.583418028064449,0.07505583038802026,6.0,2
9.368416348712367,3.355537502971349,9.837702832812463,9.279264708643067,0.6418244687179656,8.954859930179493,1.0461823436388005,0.9909719860358986,0.0,0
2.1301281746517944,0.3801640305468238,2.3130031763453625,2.1034875948524476,0.821529974078218,4.873868633625242,0.4370507977904566,0.17477372672504837,0.0,0
12.707468219641072,3.484880255019524,14.203471719927656,10.591108556822679,0.7257612456875413,5.276542374880219,2.408294545332736,0.25530847497604386,2.0,2
10.133676423884236,2.654933500093561,12.099796774024119,9.778795556487433,0.7380088539401057,5.179578812473089,1.95646727094509,0.23591576249461782,4.0,2
10.432771663323447,0.49837643278380717,12.995213582542625,8.789346951990993,0.952229719113296,8.539707033428515,1.2216779360796064,0.907941406685703,6.0,1
2.5373635921065505,0.357775033915666,4.885870253969461,0.44934114547649084,0.8589973328896721,7.818441963617652,0.32453570723091907,0.7636883927235305,4.0,0
6.404631254746805,3.378763500464081,8.97635279301645,6.3079274960578875,0.4724499559658639,6.286648997196683,1.01876711386348,0.4573297994393366,3.0,1
5.449576290790975,1.3182115792672673,7.729782603253646,4.103352093353928,0.7581075098453322,8.777115169759295,0.6208846739948184,0.955423033951859,6.0,0
12.121179866183223,4.00185832845246,14.23089805690164,10.068724055225704,0.6698458093492028,4.263916903932209,2.8427336036978113,0.052783380786441826,1.0,2
8.726381440967975,3.429328594635792,8.756794148390075,6.057188477403425,0.6070159644252964,8.46835190610826,1.0304698644695665,0.8936703812216521,7.0,1
10.87313935924996,3.141856101229722,12.751446294677592,9.97544905744499,0.7110442534191477,4.302136678440796,2.5273811996114133,0.06042733568815919,2.0,2
6.320970385927973,1.2537272368505292,6.6824157983453265,3.3983207968749825,0.8016558913736358,5.955653479672819,1.0613395167301143,0.39113069593456373,2.0,1
3.7268646614173226,3.1902503355972804,3.9028660584149457,1.1932401624382303,0.14398546085544417,4.2700243918824485,0.8727970426825424,0.05400487837648971,7.0,2
7.655017444190017,4.266664580316753,8.124253900506984,5.703112227944454,0.442631631942909,8.994844958788427,0.8510449573353314,0.9989689917576854,5.0,1
1.7658070732501039,0.4120192546675601,4.235683557575355,0.5900305515117104,0.7666680234159404,8.571947512503009,0.2059983534283784,0.9143895025006017,3.0,0
10.931574063910984,1.4677318890160471,13.163122243211049,8.798242935312489,0.86573462518435,6.923994776231156,1.578795827726089,0.5847989552462313,2.0,1
8.579972789464778,1.0560251945771737,11.426290005080414,6.131392982253717,0.876919750156568,5.089222869991228,1.68591020842433,0.21784457399824558,3.0,1
10.097052881024485,1.7696256048030001,13.033981656975715,9.187153256364812,0.8247384038040764,5.383888625987346,1.8754200880544396,0.27677772519746924,6.0,1
5.25431161755842,3.3404969468427588,7.934163576680366,2.275821422837332,0.36423699430392276,6.247716830285602,0.8409970810598069,0.4495433660571203,1.0,1
12.648376292738838,2.1340916164142394,13.047154445669836,9.92251818347492,0.831275448561775,5.6139009124617285,2.2530458748678646,0.3227801824923457,1.0,1
11.717453455866373,2.5682877275411085,14.352601678641314,10.260949134837606,0.7808151969867404,4.106569527174703,2.853343497127617,0.02131390543494067,2.0,2
10.340601964885142,1.4136969963525405,12.856513369251077,8.172112217558956,0.8632867795169753,7.281280040585673,1.4201626509689071,0.6562560081171347,3.0,1
3.335664494223611,0.6358017018919524,5.948922073802703,1.7636378103672654,0.8093927902542435,7.067139520466506,0.4719964116405928,0.6134279040933013,6.0,0
6.60065204472441,1.2012014202197783,7.0557088960738845,4.317860388133331,0.8180177636874766,8.521553516094205,0.7745831827797725,0.9043107032188409,1.0,0
1.5256451894467453,3.8685613555889415,1.876020672766698,0.0,0.0,6.3842702005272525,0.23896939533053413,0.4768540401054505,6.0,1
2.851473904810574,2.710876329690347,5.622900543562819,2.7818062393394465,0.04930698291961644,5.723544808991939,0.49820067807118135,0.3447089617983877,7.0,1
9.196587438909456,1.7009490293875518,9.718067386312969,8.959191349807508,0.8150456307095958,6.557585914588834,1.4024349141121528,0.5115171829177669,3.0,1
9.937145870893806,3.5545769178101443,11.04301106402161,8.927743623263625,0.6422939781711764,4.973474954479198,1.9980287348072878,0.19469499089583966,7.0,2
12.61011678921052,0.2900584460470894,13.9780713376927,9.857275891313472,0.9769979572040705,7.127701759123932,1.7691700937218273,0.6255403518247864,7.0,1
4.909904297657823,1.1425098956507356,5.283231881146516,3.715083548227654,0.7673050580240947,7.850164413950808,0.6254524158668902,0.7700328827901617,6.0,0
5.445516472418427,1.0354641932580266,5.507419336516069,2.782979826812654,0.8098501402938254,4.7673085668784605,1.1422622211307885,0.1534617133756921,3.0,1
6.634669735309695,4.434140529756999,9.616941144611044,5.247367997414436,0.3316712501666036,5.591916088176646,1.186475195745124,0.3183832176353292,2.0,1
3.2736563090114283,3.1774436207674213,5.903628043516312,2.4070975480767083,0.029389978410122475,8.339004896831993,0.3925715777256706,0.8678009793663986,6.0,1
2.5590580640256597,2.7800367137484936,5.296071852077572,0.0,0.0,6.527658743169109,0.3920330649489903,0.5055317486338218,3.0,1
6.708459114711205,0.022432343825128043,7.562148322527561,5.026446807955173,0.9966561108234325,6.659183233387734,1.0073996884597518,0.5318366466775467,0.0,0
3.7229121886106094,0.8293950094043582,4.383216906846926,2.6414593035204854,0.7772187558058177,7.612040985266757,0.4890819946734881,0.7224081970533515,5.0,0
9.037767936190125,2.8599358183788524,10.315367610716406,8.904546925306676,0.683557285540963,6.889464076106632,1.3118245245713713,0.5778928152213265,2.0,1
6.245823026467969,1.7087369691674958,7.605781133401989,5.913023629123297,0.7264192466026704,4.347898840369096,1.436515258468561,0.06957976807381919,7.0,1
10.992138352694049,4.159261726555774,11.00893666928677,10.574207369769457,0.6216148675442768,8.019808559315178,1.3706235343892899,0.8039617118630357,6.0,1
9.403181224026989,3.441258986137911,11.740940561706488,8.30867235279517,0.6340324721866667,8.614180186242338,1.091593282323576,0.9228360372484676,0.0,1
4.748399696584492,2.0132283276185396,7.7384008110105444,2.9264008293514605,0.576019615815693,4.266386164954061,1.1129793490307789,0.053277232990812176,7.0,1
10.987117616742413,3.372817398922217,12.57319022704868,10.064347273476624,0.6930207251278859,4.606248782287755,2.3852636138522927,0.12124975645755107,7.0,2
10.657172289961622,4.389319457217997,11.821948374998975,10.460589388667222,0.5881347004821854,7.509876011037402,1.4190876486241026,0.7019752022074804,6.0,1
5.649740548362093,2.074413711156618,6.827996228025703,4.855314336410092,0.6328302700983308,7.022369662572627,0.8045347681529379,0.6044739325145254,2.0,1
4.459937247162929,2.8913664954984,4.748168643679231,3.233892294464099,0.3517024264550659,5.9125849948587295,0.7543125808831593,0.3825169989717459,5.0,1
9.189946047699706,4.1339907677758285,9.988431502791741,6.213136261682719,0.5501615845926986,6.696243244701857,1.3724032583450272,0.5392486489403714,6.0,1
2.6770298033117177,1.1190359791627797,4.1834281692156114,1.4980690890589017,0.5819859839519025,7.516692840005294,0.3561446317274064,0.7033385680010588,6.0,0
3.3988984297013,3.9895106114982526,4.694442433105392,3.131312173458968,0.0,6.522382309404646,0.5211130333161269,0.5044764618809292,3.0,1
1.0883472370120661,0.43895118047842197,2.7234514742413967,0.0,0.5966809437735032,4.700941623178246,0.23151685858975815,0.14018832463564923,5.0,1
10.44309253002566,2.918016767644409,12.990289475937882,7.684172312146792,0.7205792480288175,4.447180145666451,2.3482503941743667,0.08943602913329016,3.0,2
8.978210279104385,3.5227716977510295,9.653937187203221,6.618123182519135,0.6076309656112843,6.194293675941909,1.4494324532876062,0.43885873518838175,2.0,1
9.46198454351602,2.7657279866359175,9.544977086234956,6.953329615954311,0.7077010669467667,8.614423789244169,1.0983885602807355,0.9228847578488338,5.0,1
10.368748372263614,2.2299066186864436,10.483424708111835,7.584052983956623,0.7849396534058595,6.788895873542469,1.527309972844401,0.5577791747084937,3.0,1
6.5069893064600794,2.778061949665587,6.909495722380655,4.597358796303466,0.5730649277527546,5.791100345089245,1.1236188148557806,0.3582200690178491,1.0,1
7.824894351434725,0.6824866895075006,9.536343305847932,4.840126159474229,0.9127800761447515,8.543530847605178,0.9158853044497531,0.9087061695210356,5.0,0
2.6775639775318893,0.9700681964859825,5.102118407645664,2.577719267892937,0.6377049420196612,5.94316078089469,0.4505286120037974,0.388632156178938,2.0,0
2.3743608824316813,1.214547047803539,5.034778700273575,0.0,0.4884741166390548,6.545732404671876,0.36273418093551035,0.5091464809343751,4.0,2
9.02083554148566,2.6900070328351715,10.926175147410573,6.4498035329188745,0.7018006790541547,4.582496653143606,1.9685416540997016,0.11649933062872116,2.0,1
6.65315447371759,1.9885548318528172,7.8625842310702705,3.9030533014316955,0.7011109783023466,7.687004727596906,0.8655067493105971,0.7374009455193813,7.0,1
7.782833277774266,1.100141291186278,8.246377402242707,6.348324904866718,0.8586451422095867,7.501514785718578,1.0375015580308211,0.7003029571437157,6.0,1
10.179986288992307,3.9726419946506106,11.384241307322744,7.816718518130507,0.6097595928055171,7.971219964296645,1.2770926325692677,0.794243992859329,3.0,1
8.61661984000709,1.6826482813195054,9.61386524173044,8.031378642643551,0.804720608247454,5.625956567138817,1.5315830716391805,0.3251913134277634,5.0,1
7.64295280789595,2.0071427365345103,10.253030450467364,5.833562132361307,0.7373864804632932,6.18026609533096,1.2366705073864077,0.43605321906619193,1.0,1
7.710485928944962,1.8436548444704757,9.170644061176784,6.634550471854578,0.7608899281497365,4.841708557635991,1.5925134355277422,0.16834171152719826,7.0,1
4.647401176751346,0.8187432987453869,5.325988876614932,2.8588802247654197,0.823827711960578,8.822524380482497,0.5267654671527452,0.9645048760964994,1.0,0
1.3698140148152729,3.29232156943605,2.2362172152626125,0.0,0.0,4.430386737039413,0.30918610408504543,0.0860773474078826,6.0,1
6.240608670788348,2.018062180209861,6.650019164416415,5.199402670549812,0.6766241425045278,7.245066518374037,0.8613597480384332,0.6490133036748074,6.0,0
3.5750160738343504,0.07315699451723301,6.330772421041743,2.9263011759257345,0.9795365970372354,7.526286972825931,0.47500395437247356,0.7052573945651861,1.0,0
5.902343724695633,4.338061660619086,6.053381263405039,4.93727999811763,0.2650272734086174,4.788682368254898,1.232561124501264,0.15773647365097965,0.0,1
11.240836879217994,3.6709362521793616,11.279375624885677,9.248965143895667,0.6734285630488802,5.826616029152449,1.929222180246037,0.3653232058304898,5.0,2
3.807273830384089,3.2560170934131145,4.356240630964695,1.7766511293656575,0.14479040949764366,4.215632833812417,0.9031322177413095,0.043126566762483345,6.0,2
1.6996329002687922,3.9109134173333806,4.132254954000669,0.0,0.0,6.783041287933205,0.25057092064180414,0.556608257586641,5.0,1
4.376606704263958,4.080632641224976,5.9470070641572015,3.99699687854584,0.06762637884519673,8.97469071411812,0.48766100623156866,0.994938142823624,0.0,0
4.523125093200203,1.518703678729974,6.400654955331163,2.0675729224368187,0.6642357557138752,6.149424784110795,0.7355362903026784,0.42988495682215894,5.0,0
8.94299817672274,2.749314052875144,10.016193202969944,6.878554772099874,0.6925735644192359,8.950041101864683,0.9992130846035473,0.9900082203729366,3.0,1
7.6843858280953405,2.7396351414251736,7.890419784742851,7.592870598023423,0.6434802725015927,4.6311271190448124,1.6592906285155642,0.12622542380896248,7.0,2
10.406778509276961,1.2028485096476864,12.975252996753465,9.399984960971809,0.884416824228994,5.962271716338979,1.7454384845894022,0.3924543432677957,6.0,1
8.97176248392865,0.9987851315118024,9.547445300304872,7.571628716209219,0.8886745906056974,8.50982485024236,1.0542828603191678,0.901964970048472,6.0,1
5.876642337280846,0.5125826466855994,5.975819938916191,4.794789866120402,0.9127762730371006,8.38347740828736,0.7009790867297596,0.8766954816574721,3.0,0
10.768244615992415,2.9669138816240377,12.486357023791996,10.415993951367176,0.7244756237040031,5.617957889348921,1.9167542420365797,0.32359157786978426,2.0,1
3.003675038892447,3.5141354596385095,3.2535427000462502,2.3816361853774257,0.0,7.393052918841658,0.4062834490522032,0.6786105837683316,6.0,1
1.2725448776063257,3.4242884078265172,1.5598304331858284,1.198860692875928,0.0,8.430800857788954,0.15093997581862714,0.8861601715577908,0.0,0
2.080574329307701,1.4232391973323846,4.481705423755276,1.8013428452500126,0.31593926865090227,7.8343873307661385,0.265569500391837,0.7668774661532277,0.0,2
9.668312207157403,0.92366932709341,11.14314097511139,8.869411853983769,0.9044642635340611,7.142380984664587,1.3536539464803465,0.6284761969329175,0.0,1
6.542526763016649,2.0412638030457986,7.267052119758078,4.082615966109457,0.6880006949937785,4.762878072800113,1.3736498526762146,0.15257561456002264,4.0,1
2.9352613484032215,2.4606605710822977,3.9811406184817777,1.3553488185916207,0.1616894446482955,4.365013462852818,0.6724518431347148,0.07300269257056353,0.0,1
7.0125373012403625,4.135892075858501,9.200260237769877,5.739043629167044,0.4102146058992152,7.073110899082804,0.9914360740688659,0.6146221798165609,4.0,1
2.827745232558021,3.9367041942332435,3.0268076668278265,0.841256400682374,0.0,6.50137832844554,0.4349454976625128,0.500275665689108,1.0,1
9.355844500932832,4.122262490858224,9.705286348732463,7.731312819957816,0.5593917266958413,5.190183298657422,1.8026038701471236,0.23803665973148433,7.0,2
6.353875306888368,3.8261807331119084,8.202661411860078,5.9593335266214895,0.3978193545970494,5.463848974795123,1.1628936554064653,0.29276979495902467,3.0,1
5.57225471315779,4.340615419963401,7.393169916559112,4.904384621685221,0.22103068804197223,5.96043588600705,0.9348736937577721,0.39208717720141006,0.0,1
4.618145069774519,2.0947499872607587,7.535531623380634,3.950577986802696,0.5464087949573583,6.477604260612528,0.7129402914987312,0.4955208521225057,5.0,1
8.563391117426661,0.21363073844892466,9.68703956119301,6.763533579589635,0.9750530209913941,5.951294845442063,1.4389122602428501,0.39025896908841257,2.0,1
5.341751326640685,0.37602914466815207,5.536984208173232,3.9568782280726453,0.9296056439780718,5.936458360429833,0.8998212405980579,0.38729167208596654,2.0,1
2.051799031793212,1.7562426379755443,3.664411336342096,0.889043844110651,0.1440474379985257,4.5786640565567645,0.4481217679325006,0.11573281131135289,5.0,1
2.416070825446184,1.1595919107284878,4.3311112607315545,0.7461533068008199,0.5200505305905748,8.327952091276716,0.2901158410813802,0.8655904182553431,7.0,0
12.542771974594174,0.7647326611248029,12.961580331952922,9.632424617246503,0.9390300116534211,7.045770408890471,1.7801845996525085,0.6091540817780942,7.0,1
11.902968288491284,4.289416985288918,13.561554209096874,10.960387920323653,0.6396346792391054,4.730510923010059,2.5162119868687114,0.14610218460201185,3.0,2
9.396485605728994,0.8793881478478011,9.989786970703788,7.835899304828443,0.906413079874071,6.119372014389679,1.5355310289410737,0.4238744028779358,6.0,1
4.190439537514235,4.31720672541854,6.724629711157441,2.7493294905818884,0.0,6.083579560147728,0.6888114959431021,0.4167159120295455,1.0,1
12.630116528172687,3.423774781445432,15.135601015524177,10.480187432935153,0.7289197788628179,7.003104392445613,1.8035025355036893,0.6006208784891227,6.0,1
10.345010847589535,2.8842555245635055,11.633898135584861,8.154140043640787,0.7211935717558422,7.0443480892466575,1.4685547500671363,0.6088696178493315,7.0,1
9.602682269907948,3.0420853204022027,12.50291184144636,7.415470105668827,0.6832046260725271,7.226110684898812,1.3288866845031473,0.6452221369797624,4.0,1
6.392338025725464,1.491634456466058,9.33165964907469,5.787779285909229,0.7666527567123185,7.489515286719037,0.8535049039903598,0.6979030573438074,4.0,1
4.266898742141908,2.9089216712622696,4.654652008984767,2.919619333058345,0.3182585650481028,4.516770230645082,0.9446791676920242,0.10335404612901637,4.0,1
2.1566915458419915,0.8401145322656939,3.2598329603393945,0.0,0.6104614339100097,5.52461100286406,0.39037889631033257,0.30492220057281205,0.0,2
11.8312287585261,4.219674446411908,13.632193168666033,10.686638246904169,0.643344361559147,4.086739095863361,2.8950291371675254,0.017347819172672273,6.0,2
6.469315478003333,1.3580700298226709,6.723828906747666,3.5165501261335463,0.7900751579606347,6.273207560401914,1.0312611874727853,0.4546415120803829,5.0,1
3.428360377542764,1.1483393053209396,4.576326888985175,2.3340001521661664,0.6650470840687996,6.147150389151436,0.557715390141288,0.42943007783028725,6.0,1
4.67147948980783,3.200232591873709,5.454995741857601,3.1784790077819247,0.3149423862705738,7.671634650897394,0.608928827086595,0.7343269301794788,0.0,0
7.950634827302752,2.9540192312978184,10.806785490202863,6.527058042895111,0.6284549227247094,4.835584733039306,1.644193053423251,0.1671169466078611,6.0,2
3.1212733952707805,2.0308451325448735,4.356030863765191,1.820281987863053,0.3493536530244602,7.157472285627555,0.4360859910751457,0.631494457125511,2.0,0
11.279371409108506,2.8460080561085386,13.567383984751043,8.742477304149642,0.7476802604611208,5.533470989650761,2.0383899057579393,0.3066941979301522,6.0,2
10.102234358022521,0.7177188229238527,11.262350448559042,9.63640864537848,0.9289544473541254,5.909582374048496,1.7094667133139143,0.38191647480969915,7.0,1
9.633555471411242,3.0299773833087977,10.028991682667748,7.930561352169293,0.6854767284726155,7.596434311857271,1.2681680741152765,0.7192868623714542,7.0,1
6.185116477301245,1.2177481283783724,8.774571067783787,4.329311745234974,0.8031163789966793,4.357740242867877,1.4193403306734849,0.07154804857357533,7.0,1
8.52770608842932,1.2277618950440579,8.528956839138631,5.974042164221206,0.8560267107810005,5.7139144446558126,1.4924455329227457,0.3427828889311625,0.0,1
8.009175626952826,0.7298097072470306,8.176998248876176,6.181575147174501,0.9088782989361548,5.95661615069826,1.344584815325721,0.3913232301396519,2.0,1
8.79815921865784,1.4956971076627408,9.89131243634897,5.9180981752944986,0.8299988587964074,7.578746559258344,1.1608989890168366,0.7157493118516689,2.0,1
2.013331853678669,1.4906297714009766,4.0740266202348785,0.0,0.25962043034417537,4.996122075353504,0.4029789151091178,0.1992244150707007,4.0,1
5.989688826047315,2.0438055526602117,7.014801711919642,4.94346898098912,0.6587793436326225,8.737064968452316,0.6855493060512664,0.9474129936904632,7.0,0
1.4993700863427097,0.8568877709985727,1.6983085392056347,0.0,0.4285014895230379,8.98880976397079,0.16680407369978267,0.9977619527941581,5.0,0
6.927889830934227,0.8685339127144485,7.881409932136673,4.05245638865386,0.8746322568762144,8.094550704100277,0.8558708301654,0.8189101408200553,4.0,0
4.958334547993424,2.4378235724845276,5.6932771249639105,4.186743005219665,0.5083382234724189,5.498562507317641,0.9017510560977953,0.2997125014635282,6.0,1
2.734290266392563,0.5799483210171381,2.7505496658471564,0.9036638463993374,0.7878980413508612,7.3193332703642735,0.3735709477068914,0.6638666540728547,1.0,0
2.2408356126706197,3.100036535949758,3.845241352211825,1.3954238756442132,0.0,4.415740158489665,0.5074654604307746,0.08314803169793308,5.0,1
8.051734866132545,4.247762066381685,8.401672610365104,6.103033028885893,0.4724413884703591,8.356396578532554,0.9635414966801983,0.8712793157065107,4.0,2
3.0471156224426332,1.920580297489702,3.9096044888326316,2.7661872088015675,0.36970547381128793,6.579964356301368,0.4630899891614964,0.5159928712602737,1.0,0
12.101441420521567,4.054973909178045,14.025010911188811,9.898877354914394,0.6649181061768692,4.882195831598929,2.4786882456040935,0.17643916631978573,5.0,2
7.97273367640474,0.44242466006639,10.148080742873672,6.713274190618712,0.9445077839015564,5.637082797808513,1.4143368054668704,0.32741655956170257,6.0,1
5.162437654418045,0.19330932319040056,5.952804534986113,3.4005161183887345,0.9625546425679417,8.003713722439874,0.6450052854769415,0.8007427444879749,6.0,0
8.090985897777001,3.24615994881228,9.078566910972704,8.013398690206508,0.5987930284609491,8.351133837135231,0.9688487881488113,0.8702267674270463,6.0,1
1.27364645235637,3.4245970784167343,2.0143741667387656,0.0,0.0,6.598566934672117,0.19301864555832643,0.5197133869344235,6.0,1
12.502710558897345,3.793762084345881,15.37337635984592,11.014736496491615,0.6965648315639752,6.4015575015533654,1.9530732256741439,0.4803115003106731,3.0,1
6.787641243314803,0.2556795527999164,7.359200424277011,4.911888220251276,0.962331604804285,7.753673732766297,0.8754097060637035,0.7507347465532593,0.0,0
10.392822727003434,3.496081747305737,10.942364537904464,9.445818809874911,0.6636061405895102,8.130948112592774,1.2781809185213702,0.8261896225185549,7.0,1
1.9927599990692628,1.694424297584618,3.327865886563859,1.5552994788050196,0.14970980028903902,7.824234061979102,0.25469074458710705,0.7648468123958205,3.0,0
6.839899970057925,1.3650193470698937,7.407819047659632,5.5336131440694984,0.8004328494502334,5.922140251171038,1.154970953061338,0.3844280502342077,5.0,1
6.8884839322542515,0.7786076460448361,7.358609301111076,4.056546568395161,0.8869696650667751,7.209628808046597,0.9554561151006944,0.6419257616093195,0.0,0
12.253917459699794,4.482070897961371,12.54155607280305,11.570535379738379,0.6342336307795584,8.286799541354638,1.4787273902967677,0.8573599082709276,7.0,1
7.860736628512905,0.2864861519348863,9.781250372837654,5.833219592407151,0.9635547957559438,4.758803170237098,1.6518305858238007,0.15176063404741952,7.0,1
6.681872812683446,3.7215360657359975,8.518119577389134,6.532342180579822,0.44303997246523086,5.940683425574815,1.1247650032852767,0.3881366851149631,7.0,1
4.203707957102723,2.8777249597073737,6.154196632736622,2.0494086013019377,0.31543175951481706,4.283094419376323,0.9814651617497706,0.05661888387526463,1.0,1
4.978827968110626,3.307861999178402,7.298727992138815,4.263516407706147,0.33561432120867696,6.044386428436999,0.8237110626624988,0.4088772856873998,6.0,1
7.248068829658454,3.202727039648084,8.227142868036182,5.893517648970457,0.5581268452442381,7.861410419593245,0.921980718827993,0.7722820839186489,4.0,1
6.266937523660561,3.8629551828293214,9.022208724496325,5.163678221876238,0.3835976235210746,4.985142217127938,1.2571231171958615,0.1970284434255875,1.0,1
1.2593449585639651,0.8270643143524874,3.458958791770233,0.9208239286118987,0.34325832749146723,6.709435755621918,0.18769759551073198,0.5418871511243836,4.0,0
10.915503090332294,0.0037107757560841947,13.329628856075853,9.878757232796968,0.9996600453753368,4.1829286671091355,2.6095360354007924,0.036585733421827096,3.0,2
11.7539292620772,2.693378200694698,13.916815753557334,10.703554387197643,0.7708529513288296,8.488249953658292,1.384729399610983,0.8976499907316583,5.0,1
2.6829890679833293,1.5923638769550028,3.7583560042810147,1.1166721508940745,0.40649632309090833,8.100023474502256,0.3312322583297449,0.8200046949004512,0.0,0
7.648433722468592,0.5570429900271197,8.497531186656497,4.7313791236486304,0.9271690112982597,6.622045958935329,1.1549955663095823,0.5244091917870659,4.0,1
2.3029088936253226,0.8376243934690748,3.570460102362365,0.8928563260934315,0.6362754967043198,7.528934979859749,0.3058744563189496,0.7057869959719498,5.0,0
9.06688111647774,1.492871906066503,9.357972198077816,6.323602649579838,0.8353489047790177,4.5195808243442945,2.0061331943971092,0.1039161648688589,5.0,2
4.3748054060681,0.3160501689901645,5.728646910765942,2.9901324303804344,0.9277567480940329,8.226047481986853,0.5318235052311472,0.8452094963973706,6.0,0
8.91307161630282,0.25610940957802886,9.042494565588541,8.590441713678002,0.9712658642717982,7.576307655358857,1.1764400314444,0.7152615310717714,5.0,1
9.723935371442591,4.122118146745999,9.735773251524176,9.03347668561477,0.5760854027421962,4.599836983625402,2.113973909522895,0.11996739672508046,5.0,2
10.223769903011885,1.404462372091633,13.018266721435964,9.001216874839084,0.8626277405091165,8.903446425593888,1.148293527506673,0.9806892851187776,0.0,0
2.2928913514707587,4.420038138631132,4.360901933234437,1.3167850325602046,0.0,4.112652221032233,0.5575213337380779,0.02253044420644663,6.0,1
11.992142141651295,4.3396515374868,13.677682982849202,9.39465427905382,0.6381254086028338,7.142554312963868,1.678971081799873,0.6285108625927736,2.0,1
3.76256789073857,0.6415707704720122,4.785874009007744,1.7266310841489156,0.8294859284662435,4.858774983704084,0.7743861165330563,0.1717549967408168,4.0,1
1.4489506741141573,3.217159363032859,3.16056471816938,0.0,0.0,7.596288246097684,0.19074456197189502,0.7192576492195368,4.0,1
7.6582296326978,2.7036220010718113,10.332956961712796,6.184540978987728,0.6469651432847681,4.352031269843895,1.759690856488836,0.070406253968779,7.0,2
5.4510674063492655,3.107911828973191,7.408207808180859,4.259255551482065,0.4298526146726467,4.405504414215581,1.2373310508462745,0.08110088284311612,2.0,1
10.957476917588957,0.4328595000651365,12.76492291144947,9.120899598092924,0.9604964260184469,6.331458702815661,1.7306401939755307,0.4662917405631323,3.0,1
10.699017664771622,0.8485203538555112,12.079631173686657,10.32519616843848,0.9206917512951295,8.970047327009565,1.1927492993884192,0.994009465401913,6.0,1
4.805666713872585,0.34487397652896673,5.842757805825158,4.318067149221868,0.9282359770115947,5.382581198853256,0.8928182476645998,0.27651623977065115,5.0,1
12.43479274083694,2.7186039234768202,14.530434082602076,11.52544368064684,0.7813711912906527,7.062640803782613,1.7606435165408818,0.6125281607565226,2.0,1
4.491014057681424,4.43965984132091,7.433956880728866,3.9774602082982007,0.011434882122597245,6.592995371871178,0.6811796163003851,0.5185990743742355,2.0,1
7.1806855507805745,3.0239304194607364,8.454958631342345,5.149389393706125,0.5788799832444939,8.210598048252187,0.874563035308877,0.8421196096504374,6.0,1
4.071581086811233,3.1984269075986833,5.248196698853835,3.9972761225924973,0.2144508878973066,5.442948038525801,0.7480470248828617,0.2885896077051601,6.0,1
12.23252284058756,4.430632686944765,13.516863257682687,11.751990365587309,0.6377989442828663,6.774721903557431,1.8056125424372353,0.5549443807114862,1.0,1
2.9752938109842177,3.0510519937730827,4.251925715133382,0.26746948248780766,0.0,8.753117575525904,0.33991246950723797,0.9506235151051807,3.0,0
1.5389274327079479,0.18081707682811649,4.510801752813434,0.0,0.8825044813776926,5.662929041680288,0.27175467348807214,0.33258580833605755,6.0,0
6.221164720036455,3.901525203854689,8.341499492564477,4.758393286552176,0.37286257808138756,6.197027906550905,1.0038949015317544,0.439405581310181,0.0,1
12.908506768670044,1.6410523067045832,13.986060116301818,11.42239654960477,0.8728704771114545,8.444066572518357,1.528707366031603,0.8888133145036715,1.0,1
11.700127195058968,0.019636296816219145,12.814634316539136,9.379930908346655,0.9983217022782016,5.662494286172289,2.066249713245711,0.3324988572344578,1.0,1
9.98329623348339,2.2825537990236926,11.275687007715558,9.874727500621665,0.771362709706225,5.903368823169077,1.6911185007282172,0.38067376463381547,4.0,1
11.689509890542299,4.216567503943186,11.799646453283648,10.408445444839364,0.6392862024647663,5.520594044388491,2.1174369635862496,0.3041188088776982,3.0,2
11.721359676374359,1.1579880923774244,13.30480888243811,11.421876030929479,0.9012070165621253,8.047656876625364,1.456493468355909,0.8095313753250728,2.0,1
7.226300324637389,2.2118092787377797,9.660443179205682,6.0235211766679315,0.6939223144107609,8.6519348521889,0.8352236173864819,0.93038697043778,1.0,0
4.791148621969516,0.7819959950207584,6.772852001592048,1.8396830985828911,0.8367831898524366,7.1554944033345285,0.6695761818689698,0.6310988806669057,5.0,0
10.264149185331856,0.25961702249898044,10.85941172561648,8.003249342921773,0.9747064254609636,7.118150656298263,1.4419685225754473,0.6236301312596526,6.0,1
8.939935158013133,0.36245226020900934,11.124037882148244,5.984797530957479,0.9594569475278428,5.9500180985658755,1.5025055403054848,0.3900036197131751,1.0,1
5.483892746484521,3.2715490768260995,7.642268565480612,3.245746869472716,0.4034257728830777,4.062418747857484,1.3499082903200765,0.012483749571496717,5.0,2
2.1336000167381832,3.8883351183396706,2.9212176636851743,0.3092698013184181,0.0,4.869687994117866,0.43813895660571583,0.17393759882357324,6.0,1
9.961475336188311,0.64484477663621,11.830099306759116,7.698812837406581,0.9352661373066296,4.7371917729511726,2.1028228988041406,0.14743835459023452,4.0,1
4.149526191074376,1.2974335551471092,5.982373290440185,2.1722511721614217,0.6873297105732489,4.579410014065184,0.9061268107309752,0.11588200281303677,4.0,1
12.241757806405351,0.8776326044017229,14.761120677973896,10.849559716699627,0.9283082856007401,7.270236580266976,1.6838183560122622,0.6540473160533953,1.0,1
3.891646900068217,0.1208509961689257,4.299863835568541,3.014007898052587,0.9689460531049702,4.6817447618689885,0.8312385868969588,0.13634895237379768,7.0,1
2.4730951889378323,2.4904411644914264,3.0576107024724006,0.9125610109347675,0.0,4.428169762683596,0.5584915035956225,0.08563395253671917,7.0,2
10.973352065498874,3.1496497656194142,12.43126057680229,10.197871643794583,0.7129728685619982,5.912907532809291,1.8558301486384496,0.38258150656185813,5.0,2
2.8394117994939285,2.915448663982817,2.9718472461708494,1.3793827601674926,0.0,5.245113314839493,0.5413442244347048,0.2490226629678986,7.0,1
3.151219697892869,1.7462409628601143,4.398002290697988,2.7128134801296113,0.4458523586826473,4.7293027281794116,0.6663180343936156,0.1458605456358823,4.0,1
8.192593498250123,2.497546106729574,10.557250624249292,6.4964082013399995,0.6951458524992078,4.73063937779284,1.7318152672361418,0.14612787555856793,5.0,1
11.494744490049573,0.42344687986301105,11.940887672001567,10.758893417613258,0.9631616970495023,5.281028533913829,2.1766109416437276,0.2562057067827658,6.0,2
3.357215988574879,0.6943667342520801,4.737062199384454,2.47639167675017,0.7931718612638816,6.684248816880207,0.5022577825195051,0.5368497633760414,0.0,0
4.723884074801138,4.193075787988425,7.693191774948471,3.2267996494539726,0.11236691637803542,7.790478000456257,0.6063663968404094,0.7580956000912513,1.0,1
10.32885805889413,3.4267848651895356,11.846618099168724,9.841279299829388,0.668231972435835,8.263883216260696,1.2498794802146067,0.8527766432521393,1.0,1
12.661917112731608,4.152325931213253,14.15688858509788,9.77477746182385,0.6720618296388883,7.757089248694251,1.6323026210975962,0.7514178497388502,5.0,1
7.008894234428108,4.125061280247152,8.685274985600612,5.668061288249479,0.4114533416719852,7.141066298520854,0.9814912705515529,0.6282132597041707,1.0,1
2.7267700306150093,2.922266776984833,3.284783141613233,1.6699323417347562,0.0,8.538122887597416,0.3193641115866287,0.9076245775194831,3.0,0
1.1672354524984185,4.177073916504743,1.6087271005562513,1.0796456372206757,0.0,6.598684013671253,0.17688912669255302,0.5197368027342506,3.0,1
3.755872359986263,1.8751684638710844,5.787936247331588,1.2261092706495642,0.5007369036689142,7.166784204268457,0.5240666180166702,0.6333568408536914,5.0,1
2.5818666134382524,0.016273101532234213,3.769167043155563,0.7043648675190994,0.9936971563722405,6.058102751659342,0.4261840248138854,0.41162055033186834,4.0,0
9.13190408335429,0.2815700213077172,10.001623968000716,7.8826886188303975,0.9691663404764659,5.63692100440373,1.620016330940273,0.327384200880746,0.0,1
2.4619900555423735,0.49269296565366844,2.556164915302066,1.7253916575269463,0.799880196695137,5.658558897306267,0.43509135456986997,0.33171177946125335,5.0,1
7.075959179447596,0.42909053932287117,9.614110670983044,4.84054692342144,0.9393593817543237,4.741586408561464,1.4923189350026735,0.14831728171229272,3.0,1
9.331149227714638,1.5826607588261856,9.428135825249136,6.494725500489636,0.8303895136383103,7.982988253369257,1.1688792381444861,0.7965976506738514,0.0,1
7.973399310650828,3.1557186319921096,10.223348682900786,6.8309701936947675,0.6042191656227833,4.276840421667719,1.8643200410881045,0.05536808433354388,5.0,2
3.3973078199206914,3.5579196297022273,4.543273496916434,2.9926796147829977,0.0,7.3734262188226,0.4607502291469567,0.6746852437645201,2.0,1
10.649494314187152,2.655959734550811,12.445557745701102,10.32191007236894,0.7506022674698678,8.322300964185178,1.2796334042732886,0.8644601928370357,3.0,1
9.58488555538962,0.658962785506408,10.327919557460108,9.565799638387963,0.9312498013984246,6.487141734926836,1.477520601066029,0.4974283469853672,7.0,1
9.8678080469865,3.3655572096667887,10.33400704568272,7.635941724671334,0.6589356832194779,4.351003909207751,2.2679382167650757,0.07020078184155025,1.0,2
2.572693018687759,1.5966086361191953,4.172857021192601,0.0,0.3794018079414816,6.142087308184454,0.41886298412912404,0.4284174616368908,7.0,1
2.4850456438041353,0.058470069023083104,4.571898728666566,0.0,0.9764712293438698,5.716133014411749,0.4347424452053051,0.34322660288234985,3.0,0
12.130750612078092,1.2626487923973722,12.717230496913531,9.778158849049316,0.8959133830399412,8.927696596497153,1.358777203163208,0.9855393192994306,7.0,1
5.770938325899287,1.4877024936344005,7.080015168196979,5.284386991011156,0.7422078681801592,7.456326008094722,0.773965397923086,0.6912652016189444,6.0,1
4.611384301371277,1.234104908481463,5.945349212245464,1.6782559336319127,0.7323786464479918,7.6067990241446,0.6062187638630083,0.7213598048289199,6.0,0
6.8630085442184,3.6534156893441354,7.510945991456788,5.879568215212547,0.46766557759542937,6.579134594811155,1.0431476123974013,0.515826918962231,1.0,1
8.954370553162988,3.4196687891734063,10.649518891919382,7.953511724685358,0.6181005946905489,7.5470712722104825,1.1864695893537411,0.7094142544420965,6.0,1
12.467479084563639,3.1299841368568866,12.905286144908741,10.405468225886322,0.7489481140792758,7.612854883610841,1.637687736752209,0.7225709767221682,2.0,1
4.43735472258466,0.6255228533051937,5.9666022425404,4.290207161361305,0.8590324884054253,4.331794403730524,1.0243687278332572,0.06635888074610481,7.0,1
12.097701151744324,3.635252593678269,12.437995685842322,9.620391962021646,0.6995088117915597,5.113032622386352,2.3660520175007393,0.22260652447727036,7.0,2
1.2983138966350758,3.0472918274849565,2.754941123200488,0.0,0.0,4.06483777714443,0.3194011588691611,0.01296755542888608,4.0,1
7.662376507921897,0.8767695891662635,8.597173672548568,5.337167173652144,0.8855747184623728,6.549037029642859,1.170000486062262,0.5098074059285718,7.0,1
8.607701340173021,2.9164226862668237,9.964440216417625,6.262671866551021,0.6611844938606801,8.378999274180133,1.0272946754748664,0.8757998548360266,4.0,1
2.2707688450090395,2.175802384516565,3.572016923338562,1.0998278333093867,0.04182128035674049,7.047772673476642,0.3221966641396901,0.6095545346953284,0.0,0
2.6840751647669516,1.9770752783530128,5.40787453322273,2.486310997719981,0.2634053977677354,6.501037639038547,0.41286873170048366,0.5002075278077094,6.0,1
6.029371831795646,0.5045542356257497,7.499178631665034,3.651369529092376,0.916317279859072,8.6298292380532,0.6986664122169595,0.9259658476106398,4.0,0
12.59478294571818,2.332369241303244,15.050279657348803,10.803308685003778,0.814814653705789,4.86109255510877,2.5909366676184105,0.17221851102175395,0.0,2
8.152510638812474,0.4496931403756364,8.82946781754762,5.424494571446221,0.9448399198358923,4.373021540788429,1.8642740637729918,0.07460430815768575,0.0,1
12.196278659202534,0.7391402426441999,13.25252704310531,11.848389958702036,0.9393962483723269,8.586528682048588,1.4203968927164552,0.9173057364097176,5.0,1
10.652330987355649,0.5964584142364322,10.877599129255222,9.736961798073324,0.9440067704482306,8.513908774594066,1.2511680908706402,0.9027817549188132,7.0,1
6.608579218663499,4.293487255815034,7.87082260312798,5.526610757493339,0.35031614001241596,7.414862431064748,0.8912612041157627,0.6829724862129496,5.0,1
10.41716139102625,1.2818911069975054,12.423261052251043,8.367322265392175,0.8769442980789588,5.22989581048026,1.9918487420248712,0.24597916209605195,3.0,1
1.2140414077238528,1.5984194561820348,3.7285425100520415,0.0,0.0,8.848820123521854,0.13719811124837974,0.9697640247043708,2.0,0
2.3097279611888193,1.4493627283321624,4.0074726965862855,0.0,0.37249634905654694,7.826731759019133,0.29510759181534546,0.7653463518038267,3.0,0
10.953143378592836,4.042127003301647,12.873361387372071,10.066921903620372,0.6309619199177374,7.369472917923345,1.486285857968705,0.673894583584669,2.0,1
10.56180505990194,2.5333466010069983,11.093606292752785,9.0808958342092,0.7601407537216447,5.114556620077239,2.0650480275145413,0.22291132401544775,2.0,1
3.7916889035972043,4.136219545199903,3.9033070182975225,3.704806113353309,0.0,6.565445858165578,0.5775219209037272,0.5130891716331156,1.0,1
7.369235087188642,1.34966207622553,9.74429952272059,6.610271452861978,0.816851808870651,8.112881206485,0.9083376053008237,0.8225762412969999,4.0,0
8.272189848400131,0.5167560349437703,8.773304470723991,7.15017932404121,0.9375309265848495,8.30130112366143,0.9964931671761283,0.860260224732286,1.0,0
11.412867445312134,2.502983037258786,11.686376051910392,9.63144882573579,0.7806876274299591,6.80715057900634,1.6765998214451288,0.561430115801268,1.0,1
8.237285888064708,1.5549164630550787,11.049972850784494,6.824749407267186,0.8112343696474039,6.613969218596321,1.2454375906232147,0.5227938437192641,2.0,1
5.9508588312841635,3.6085807507083674,8.841422923461693,4.857433651953171,0.39360336835117715,7.488419141538203,0.7946749131969384,0.6976838283076405,6.0,1
5.490208520886192,3.9574053401024636,7.338980395693676,3.6179746212981674,0.27918851805947686,6.641244221562364,0.8266837263808092,0.5282488443124729,4.0,1
6.110585036482119,2.126580799081823,7.246496854543999,3.624738005131118,0.6519840921310374,6.088405190328305,1.003642964858687,0.417681038065661,3.0,1
8.823172306959691,4.3711156083847875,11.322890929851846,8.098128908005323,0.5045868474157684,4.427095057121943,1.9929936432617825,0.08541901142438864,4.0,2
11.409887581027899,2.4885585285498264,12.024047459034136,10.381259943246661,0.7818945619860669,4.6302483785779005,2.4642063768795586,0.1260496757155801,4.0,2
6.4467625849155965,1.219141770238406,7.734939567204642,4.3319916358545365,0.8108908534818694,7.801377341003337,0.8263621028856011,0.7602754682006674,3.0,0
3.9740747554162974,2.2003898190492355,5.045126652418102,1.6402529591407067,0.44631393356395543,4.12332032312134,0.9638045177164252,0.024664064624268,6.0,1
3.8399483559709737,0.1678963158131742,6.578048328196019,1.3637577407670318,0.9562764130532897,4.261525128988043,0.9010737329343923,0.05230502579760863,5.0,1
9.952171362921357,3.618005221183804,12.711503609008178,9.324177706230271,0.636460719048373,8.523217890432088,1.1676542229541462,0.9046435780864176,1.0,1
10.798825161086924,0.4564577288448943,12.751482940057922,9.181024277353677,0.957730797375096,7.519985567273424,1.436016740255837,0.7039971134546847,6.0,1
2.2633369582494995,1.3893681982635222,2.595557379067575,0.0,0.38614169083419136,4.021063609570731,0.5628702199245046,0.0042127219141461225,1.0,1
1.798706283462138,2.5439244615222454,3.2452846524370456,0.6228549181876626,0.0,5.560216871774363,0.3234957061824351,0.31204337435487267,0.0,1
8.13320396507742,0.19338806541104492,8.869189063749591,6.843554694412754,0.9762224006379995,7.816592302977724,1.0405050755914549,0.7633184605955448,3.0,0
2.7540789303123794,0.3569260463165171,5.408825919865825,0.0,0.870400937900486,6.088003999886278,0.452377976486846,0.41760079997725563,3.0,0
10.895970285476096,3.1325236092585578,11.311178682524702,10.55681234737858,0.7125062268723246,6.343989114290558,1.7175266365025252,0.4687978228581116,6.0,1
4.724016087088893,0.3229969187734593,4.886946914671015,2.607210118703985,0.931626625985412,6.293995305230277,0.7505592009519392,0.45879906104605545,5.0,1
2.7264631956537118,2.146872898113194,4.839750296303946,0.1759108145310364,0.21257954204716556,5.010672016295203,0.5441312436309905,0.20213440325904058,0.0,2
12.051645669849403,1.5241303503933767,13.411503894753862,11.59926511994735,0.8735334250486289,7.606957189491304,1.5842925587248278,0.7213914378982608,3.0,1
2.986380672823338,1.026357335803874,5.501475335632591,0.8430209648016258,0.656320660944557,4.515031652606848,0.661430727977087,0.10300633052136962,6.0,1
4.416640988055226,0.8495050403864943,4.640529881563161,3.0074263220238997,0.8076581178583511,6.536255527733355,0.6757142479077513,0.5072511055466711,5.0,1
2.8433607423047036,3.4353508217966073,5.246589140128231,0.28468808828077385,0.0,4.849779137296808,0.5862866455996074,0.1699558274593617,4.0,1
2.3858807639842596,4.281939869176272,2.4978850225167344,0.0,0.0,4.23266404788578,0.5636829989320814,0.04653280957715609,4.0,1
1.2537761960372804,0.6308088399149928,1.3379862317791513,0.0,0.496872853457623,4.716219422235842,0.26584348262636526,0.14324388444716832,4.0,1
1.6647449099711213,4.318565486283571,3.0486921651642103,1.471589497234083,0.0,8.346674681558708,0.19945007724444302,0.8693349363117416,1.0,0
3.0956976512302323,2.6764312656379667,3.7595715202721878,0.8251318207853098,0.1354351854825515,4.880738323902306,0.634268310609843,0.17614766478046118,4.0,1
1.6405831915261047,2.887471824134657,3.4217393125456965,0.0,0.0,5.391846045061753,0.3042711490304273,0.2783692090123505,5.0,1
8.093725793331654,3.194668701641618,8.171176775966066,6.229680471318861,0.605290717375961,4.690473941102031,1.7255667326935464,0.13809478822040616,0.0,1
9.168574321594077,3.168535006595614,9.274742948683013,7.365946140158607,0.6544135548824648,7.677725508288793,1.1941784466891632,0.7355451016577585,5.0,1
5.723565481984339,3.6891499868355973,7.905010970500161,5.5885493197900065,0.35544548263706033,6.227245836282508,0.9191166741220462,0.44544916725650163,1.0,1
4.815893163424593,2.1756089310646387,5.446388650901528,2.2477940968067776,0.5482439378872022,8.718175193225354,0.5523969244351601,0.9436350386450709,0.0,0
7.054314844266761,2.400113643816155,9.023566215248962,6.915104161779277,0.6597665830343828,7.321622911239512,0.9634905989814905,0.6643245822479024,6.0,1
11.500059306815302,1.4572215110853715,13.749825791317578,10.55953048766128,0.8732857394725108,6.656946102433858,1.727527777731405,0.5313892204867716,3.0,1
11.213579521866471,0.47365917202402674,11.391573019041374,8.435990326004823,0.9577602164321936,7.283154658140839,1.5396596733439334,0.6566309316281679,3.0,2
1.5217007441535033,2.990880859167986,3.830962607546221,0.0,0.0,4.202126916048321,0.3621263171138368,0.040425383209664115,4.0,1
3.177980915158289,0.15124486133812914,3.983244569042147,0.20227929373052111,0.9524085054706517,8.753301300643452,0.3630608391058899,0.9506602601286904,4.0,0
3.840938453252752,1.2403577298751571,5.009576327851997,2.4117315964140937,0.6770690952299059,8.78214805208624,0.4373575155500048,0.956429610417248,4.0,0
3.992650909986542,0.4240343900074512,4.252568486872492,3.4603622708435093,0.8937962773186999,5.380699342777648,0.7420319656673919,0.2761398685555296,7.0,1
7.854791820913272,0.8582722079522312,10.370681771007831,6.390958360426021,0.8907326600729133,7.141477413715668,1.0998833106756927,0.6282954827431336,5.0,1
5.995149108438307,2.8742891080382136,7.677335467415599,5.68821033318916,0.5205642001476516,5.009576220699373,1.1967377766739202,0.20191524413987452,0.0,1
1.5910494391311278,2.828144835922132,3.1050452726726445,0.0,0.0,6.737358973002294,0.23615328283778922,0.5474717946004588,1.0,1
5.483369661514859,1.8947471084807044,8.389034094223126,3.801757961715344,0.6544557041669057,7.853946195621967,0.6981674593813055,0.7707892391243935,3.0,1
7.285035384611646,0.4057738942027102,8.28855266443366,6.07151768711138,0.9443003537004314,8.69910862402696,0.8374461912672707,0.9398217248053922,3.0,0
2.2200628348445917,1.9501826240673377,4.89240069427468,1.9814707274021783,0.12156422176048276,5.69608461632836,0.389752432483284,0.339216923265672,2.0,1
11.001502645462717,1.5873519233623203,13.160566288656529,9.785780615012825,0.8557149896230782,7.467526315213807,1.4732459158595848,0.6935052630427615,1.0,1
1.623542397581251,3.242066187851774,4.4091268051379675,0.0,0.0,7.582135571735897,0.21412732365711948,0.7164271143471794,0.0,0
12.098102428216745,2.605619736895733,14.821508586504123,9.987884630785107,0.7846257500003825,5.1057440058237065,2.3695082272862535,0.22114880116474128,1.0,2
2.189357698958506,2.2120459530164953,5.1624471140367145,1.941991146425606,0.0,7.1451606574669615,0.30641126265937,0.6290321314933923,7.0,1
11.122899419173033,2.1914193703724782,11.517929675284506,10.643177819994506,0.8029812832259338,7.277106445938883,1.5284783178319952,0.6554212891877766,3.0,1
11.831837727131404,4.348335992671885,14.21988690340619,10.65491225500889,0.6324885370342104,7.820380531730171,1.5129491051139097,0.7640761063460342,7.0,1
12.754848167039112,3.4033239976655274,15.168331231881622,12.450722918981356,0.7331740877590103,8.999736287272668,1.417246879230993,0.9999472574545336,2.0,1
10.624310563283123,2.236408022070575,12.557431147818583,7.82218698730331,0.7895008801983401,4.201161847132402,2.52889818337634,0.04023236942648047,2.0,2
10.353730489255947,2.1565017580003993,11.190313363970553,8.396854355363319,0.7917174142944711,5.01152521838779,2.065983914690695,0.20230504367755806,3.0,1
8.709799311946572,0.11915595587233552,11.605244126831517,8.425330308034736,0.9863193224545486,4.725392159598703,1.8431907908964402,0.14507843191974068,7.0,1
10.347956254937548,4.24129168493913,10.961222668608176,7.983783867796166,0.5901324299747219,4.772170262103512,2.1683962823187914,0.15443405242070246,4.0,2
2.614626500957765,1.4362828729529835,4.113352636033082,1.5094087152419364,0.45067378746950737,6.271243303109825,0.4169231481835837,0.45424866062196506,0.0,0
7.432816431371648,1.151725868463347,8.997277769829207,6.698204497711985,0.8450485251321069,8.392682783064688,0.8856305693299975,0.8785365566129375,2.0,0
7.170674442284973,4.497340164244521,7.65616247679309,5.4607196164659,0.3728149004054603,6.243616345338776,1.1484809516904895,0.4487232690677551,7.0,1
11.29086572947069,3.23410352177036,13.458452196470413,11.250749330109066,0.7135646106100694,7.342401989172067,1.5377618586017863,0.6684803978344134,1.0,1
6.55359238712219,0.21313697984679592,6.820193879662909,5.157399406809425,0.9674778400521812,5.882495712651096,1.1140836657182445,0.3764991425302192,6.0,1
5.621073953204242,0.27848464661509403,7.700367289744374,3.0896589739187332,0.9504570391826376,5.598316576555575,1.004065039255545,0.3196633153111151,7.0,1
8.674759254845322,0.11475703782089042,11.220605743717233,5.8905864668886165,0.9867711558961372,8.171175924145212,1.0616292361558461,0.8342351848290424,1.0,2
4.197559810010153,2.698285047807911,5.245749085257351,3.169895696760834,0.35717770086964307,7.277737550592098,0.5767671313825614,0.6555475101184196,4.0,1
2.6772209314474824,0.32204025027878314,4.805483357245083,0.7499111669523493,0.8797109919110535,5.75447644041268,0.46524144449455535,0.350895288082536,4.0,0
6.73452728828495,4.200247605802188,7.204849312728499,6.054056973178449,0.3763114431047401,8.570801306235824,0.7857523523950014,0.9141602612471648,6.0,1
6.00267242313862,4.2160794301020506,8.540519427497255,4.322033210184492,0.2976329319837201,6.492557825588223,0.9245466246725003,0.49851156511764466,6.0,1
3.7908392863464844,2.457243300366359,6.646934382006158,3.028756107886917,0.3517943877978039,4.941373736496443,0.7671630377495559,0.1882747472992886,0.0,1
5.410141721381536,2.7748751912817786,5.868222801880867,3.6960721954991773,0.4870975042455662,6.416109312338406,0.8432122113283889,0.4832218624676813,2.0,1
5.396709397914969,1.313524806863624,7.4722878198319655,4.881543046035276,0.7566063484220389,7.373497189667379,0.7319063477066866,0.6746994379334759,7.0,1
4.9299467729505455,0.28787644083722996,6.447440062620123,2.1062491026683157,0.9416065823637813,5.835562946280811,0.8448108294492062,0.3671125892561623,2.0,1
5.553568956723147,3.31857200336317,7.148066952220283,2.8928165275012723,0.40244336043658757,8.218923681376967,0.6757051375603871,0.8437847362753935,1.0,0
9.228920145471346,0.45803694937057854,11.34838930127341,8.218165397124826,0.9503693886011856,6.665719903030505,1.3845346458790606,0.5331439806061009,5.0,1
4.562517694855424,0.3850093845827691,6.028739192864736,2.2325290280805956,0.9156147087348514,6.338823899672332,0.7197735363954929,0.46776477993446636,1.0,0
12.386295120584085,1.4005039914190072,14.187274296637236,12.099782728387503,0.8869311624029054,8.293557116318594,1.4934840318652327,0.8587114232637187,1.0,1
11.996176234458135,0.05609546927046927,12.688879292692267,9.775093508341863,0.9953238875309834,6.314589032330765,1.899755656787414,0.4629178064661531,6.0,1
6.770925139600942,1.953160270903422,7.906444929066833,5.92354775076283,0.7115371635878793,6.072050709254082,1.1150969357488638,0.4144101418508164,0.0,1
4.940334460056265,3.1845640953603453,7.536055510270771,4.5334091540286785,0.3553950403341565,4.5185819766674795,1.0933373535251947,0.1037163953334959,7.0,1
7.425217477960038,3.606070191398725,7.754925012905194,5.390643824249197,0.5143482056784906,5.812459394284826,1.2774656946869989,0.36249187885696516,1.0,1
11.182725865283494,2.719382867095146,12.975451648084414,9.773305411825326,0.7568228981149037,5.985241502815408,1.868383399403889,0.39704830056308166,0.0,0
8.831048086721225,3.810933914012607,9.383909273425896,7.240629281529893,0.568461877164625,4.903111596122449,1.8011109707772355,0.18062231922448985,5.0,2
10.652701935364929,1.8292599169519965,13.192320729135044,9.091112582951167,0.8282820707787567,6.939116008565838,1.5351670043006829,0.5878232017131676,1.0,1
7.392667312788882,3.8194743827721447,9.129799174349532,7.214323366470824,0.4833428556747471,4.719210352751738,1.5665051481501073,0.14384207055034767,2.0,2
8.59501155121145,2.279129897242707,9.804157899222263,8.440870803933418,0.7348310838603274,5.118448943019455,1.6792218984490082,0.22368978860389105,2.0,1
4.457867370189541,1.0036625759923288,5.207341391144994,2.6543648583452497,0.7748558912488115,6.805459928625703,0.6550427769677227,0.5610919857251406,4.0,0
9.818717947723488,4.248655409972097,11.129252045292391,7.947124020657238,0.5672902070725878,5.344917823623685,1.8370194400980908,0.26898356472473706,3.0,2
3.42885511750862,1.2373689322670243,6.301692095273847,3.2873314479632763,0.6391305873646574,7.198341550641767,0.47633959758451877,0.6396683101283533,1.0,0
9.33757754582198,0.117906678845069,10.865205415052841,8.202259550158526,0.9873728835700192,7.452565664603522,1.2529346222565272,0.6905131329207045,1.0,1
11.32862881991073,1.0920331932976213,12.737097415010311,9.490074981229448,0.9036041156738838,5.506452053033252,2.057337231088811,0.3012904106066504,1.0,1
2.585234047618527,1.650094025658425,4.824055488119454,0.6151920803592983,0.3617235440719717,4.436938407483599,0.5826616937612027,0.08738768149671987,0.0,1
8.372556886503038,1.5810735748016884,9.509698098998758,5.887729608673383,0.8111600080794369,6.4472591691445915,1.2986226653602775,0.4894518338289183,5.0,1
2.1411489787592153,2.3610037924960725,3.4234208284015972,0.8789521279685726,0.0,4.464492100459085,0.47959519931484257,0.09289842009181708,3.0,1
9.708587539257122,3.9740709691616556,10.71943073397198,8.063814195816216,0.5906643522456468,6.576178407619341,1.476326665348447,0.5152356815238681,0.0,1
2.013918625882243,1.315522021993646,2.466677891870417,0.2782374990557912,0.34678491718236537,7.6310892106448005,0.26390972118016603,0.7262178421289601,2.0,0
12.231277872407512,2.34346773581626,14.372705515015465,11.295142022506555,0.8084036876389769,7.1016489573540165,1.72231518987454,0.6203297914708032,5.0,1
2.648895160453626,1.530625291598157,5.2679879021044975,2.487418953128791,0.4221646388843733,6.241338206060088,0.42441141194394105,0.44826764121201756,2.0,1
12.506562950908965,3.6979787671794018,15.223340898637261,12.49388517229365,0.7043169428967184,8.729292739487738,1.4327120563083429,0.9458585478975475,3.0,1
10.61061011302116,0.7092068097981528,13.253018927134498,8.102233864665585,0.9331606003572004,4.508736165410852,2.3533446455397735,0.1017472330821704,5.0,2
8.124184053596249,0.46579620739526323,9.479535460910228,7.52348858602909,0.9426654782409719,8.400007534559656,0.9671639007669216,0.8800015069119311,5.0,0
10.391489255554562,2.263478639569208,11.24368783216415,8.500725263077156,0.782179571772226,8.000644363206016,1.2988315420372576,0.8001288726412031,5.0,1
10.54137806779703,3.0234941359447136,12.4551493165995,8.810235631865272,0.7131784747213252,6.098692901822923,1.7284651379390117,0.41973858036458456,3.0,1
12.352324753807963,3.5798634049084495,15.216439489526058,11.153425523586407,0.7101870719675782,4.764335859503572,2.5926645639745125,0.15286717190071447,3.0,2
4.040600246070246,2.653311838073924,6.221752190576061,1.540120319968345,0.34333720821443625,4.779333928888207,0.8454316660418394,0.15586678577764132,6.0,1
8.080910744299711,3.482323925935503,9.565456429070181,5.985705957219574,0.569067888988634,8.609028803713986,0.9386553266976593,0.9218057607427973,6.0,1
2.1405903707728147,1.767195263524157,4.207016094313159,2.072365980455296,0.174435572703175,5.168523321391301,0.4141589846201168,0.23370466427826014,0.0,1
8.393988400289455,0.14790451619911038,10.711602137652646,6.063906180219401,0.9823797092459634,8.370578539939144,1.0027966836746844,0.8741157079878288,6.0,1
3.0554956491134657,0.5224468855570044,5.813303433097678,1.5344991951081788,0.8290140306013563,6.516476099651444,0.4688877243448954,0.5032952199302889,7.0,0
7.779407337669302,0.1742517055304828,10.069054599585765,6.738349470420761,0.9776009022323945,6.308673183636833,1.233128918113431,0.46173463672736653,7.0,1
7.869166168406196,1.480246427144217,9.168737835313912,5.688512198871162,0.8118928491957333,7.097556337919103,1.1087148581498005,0.6195112675838207,2.0,1
6.591821835774728,2.2297110357090704,7.412641391171181,4.5336249468359195,0.6617458585412427,5.075195414466164,1.298831138006159,0.21503908289323287,4.0,1
7.271581306157474,1.603428676456227,8.771226300346248,6.339816592550626,0.7794938117382437,6.14185337029847,1.1839392554244752,0.4283706740596941,0.0,1
10.167080680079055,2.522697637798765,11.15161451389547,7.217964065585411,0.7518759103838302,8.69242219402465,1.169648741528928,0.9384844388049298,0.0,1
10.5909365981448,2.1627411682175444,13.419230376208242,8.64481113800954,0.7957932097717978,5.1912846448937495,2.040137908554534,0.2382569289787499,4.0,2
6.9058385869051495,3.0507426083877314,8.429736117255036,5.088499449543469,0.55823719740966,8.607917794398759,0.8022658617161555,0.9215835588797517,1.0,0
8.195121298271347,3.001329736035328,9.611290306163372,7.985480207826031,0.6337662827921267,8.971048483045893,0.9135076366780376,0.9942096966091786,1.0,0
12.174834828281222,1.4312886619890577,13.21942348274581,11.33687848724701,0.8824387614143001,4.259535940377484,2.8582538094988528,0.05190718807549679,2.0,2
2.4368030620134737,1.557965049124912,4.3550240328882746,1.0958810550341493,0.3606520471795527,6.656895612956857,0.36605697365458545,0.5313791225913714,3.0,1
2.405242790801326,2.633165197385865,3.9653966266641696,0.513365677872297,0.0,4.859096498468443,0.4949979469556622,0.17181929969368853,1.0,1
2.052508142929221,2.683946105508788,2.4396549116239905,0.5142172507380876,0.0,7.108571279783386,0.2887370840279125,0.6217142559566773,6.0,1
8.894359420486333,1.416149611367099,11.501982852977818,6.60526062007216,0.8407811575384183,8.947713216074378,0.994037158511943,0.9895426432148756,5.0,1
6.023299609484553,1.4864304859894135,7.100338105915949,5.235596472080847,0.7532198989987458,8.48440447709103,0.7099260326105654,0.8968808954182059,6.0,0
10.291856993702119,3.123202559337662,11.589592283576582,8.185386007854666,0.6965365374539465,8.624242308031768,1.1933636168962112,0.9248484616063536,7.0,1
9.054776959703112,2.913348702942313,9.67177812969385,6.604985819029625,0.6782528475402849,5.066749066560496,1.787097967701377,0.2133498133120993,4.0,1
5.003653099938858,0.6077286210589862,6.663847722792525,2.7085031731899982,0.8785430146893252,6.711597994446508,0.7455233618102748,0.5423195988893015,2.0,0
11.780398568338429,1.9846884585392703,13.886563755624177,9.467858814574328,0.8315262045654876,5.174155081974753,2.276777248014444,0.2348310163949506,7.0,2
10.150385764847828,4.017177354197656,12.793881726725647,7.484864593061332,0.6042340215177151,8.497123537888257,1.194567281455631,0.8994247075776514,4.0,1
4.246419290922109,0.16337554247013847,4.401242285838897,3.9938836634806405,0.9615262810200117,4.955769965371233,0.8568636802342001,0.19115399307424658,3.0,1
5.370304213264648,3.8482377591789616,8.290299942362783,3.2787294991423384,0.283422762220096,4.769794562045999,1.1258984309297086,0.15395891240919984,3.0,1
4.773279762451155,0.7343017067886464,6.8847329885122255,1.8672451591017722,0.8461641170574149,4.0608131585700935,1.1754492452767606,0.012162631714018702,0.0,1
2.891339783499996,2.2826188460777215,3.744235836734548,1.1703878338763813,0.21053248078833942,4.909739300433109,0.5888988409720529,0.18194786008662173,7.0,1
2.7734004705063,1.9095139301535518,3.386824735548198,2.121451534553122,0.31149001002189947,4.948814234272664,0.5604171705010283,0.1897628468545328,6.0,2
12.233529560508929,0.0455820180365647,13.121793316472722,9.23726814318629,0.9962740092455649,4.387450937628058,2.788300025326919,0.07749018752561163,5.0,2
6.254848446385039,4.119286216903344,8.882025701384366,5.730816567920602,0.3414250957136993,8.338705517065794,0.7500982536898584,0.8677411034131588,1.0,1
5.599837873328918,2.047163523004375,6.474008392916769,4.59316478120434,0.6344245013316065,7.89998904348062,0.7088412202229727,0.7799978086961239,7.0,1
9.756228504128535,4.2942072454227675,11.144691907800242,9.240041938877031,0.5598496648981118,5.272407486736284,1.850431425998869,0.2544814973472567,1.0,1
7.6359167830348,1.2903475544064804,9.753130945761498,6.2423781767845945,0.8310160271425001,7.916288516556013,0.964582931390784,0.7832577033112026,1.0,0
12.233679842061546,3.8982409803718756,14.849649433233203,10.977051813228671,0.6813517248531357,6.110822733983992,2.0019693541471324,0.4221645467967983,0.0,2
10.363617926912706,4.150753082980337,12.339331413951019,8.889895237380987,0.5994880251035233,7.877601546740922,1.315580366107789,0.7755203093481844,2.0,1
6.752434769494484,2.5057458736685128,9.011762359097752,3.9684845693281954,0.6289122428862643,5.615038259175868,1.2025625575141772,0.32300765183517355,2.0,1
5.5163136817699145,0.9120500454047288,6.036294070657782,4.081340524267239,0.8346631286725347,6.823271132439386,0.8084558820393495,0.5646542264878771,6.0,1
12.839578539091864,3.0836134444757404,15.471802022165281,11.295699560450931,0.7598353065026819,5.908052709770843,2.1732335796289597,0.38161054195416855,2.0,2
9.613122832043722,2.4704012993825706,10.440280382898054,6.953076514288318,0.74301781610988,4.9383790851173455,1.9466150059266452,0.18767581702346908,7.0,2
12.414335920046094,4.250383496336816,12.79947041221564,9.961061938001597,0.6576229672121652,6.928164420010003,1.7918650839450154,0.5856328840020006,2.0,1
2.4217429266044963,1.9767242781472132,5.350475797626505,1.7025768329281636,0.1837596565549754,7.7541539998892555,0.3123155571373851,0.7508307999778511,4.0,0
11.20640415028939,1.208311414379199,11.811323926651873,11.16762628460284,0.892176705553851,7.765535622970744,1.4430948094733387,0.7531071245941489,4.0,1
8.644886607894492,0.622291506723482,9.054842518128421,6.756387831288338,0.9280162326067751,5.781447091596218,1.4952807611887524,0.35628941831924354,6.0,1
2.463060140021351,3.1438510590900575,4.341122840326711,0.0,0.0,6.5935588420291396,0.37355549545127814,0.5187117684058279,6.0,1
8.059095999630648,4.38349328541262,9.015685448118933,6.400545661799447,0.4560812669791354,7.818892992925432,1.0307208458950075,0.7637785985850863,6.0,1
9.233156381265385,0.12754696757129314,9.633203996806865,8.59962562122685,0.9861859842610168,4.2724879726129545,2.161072527401078,0.05449759452259091,7.0,2
1.147632230663234,3.3320040965015707,2.950995582310862,0.0,0.0,4.359441666504302,0.26325211310453983,0.07188833330086038,0.0,1
6.451815542100959,4.1711866315185,8.728771223767666,4.443197694267148,0.35348637847755304,5.881113699860387,1.0970397566457728,0.37622273997207734,0.0,1
10.904794134355853,0.33651690402307205,13.284389256977324,9.209696522130194,0.9691404624537692,5.117358005144834,2.130942201697147,0.22347160102896685,3.0,1
4.544308304129078,0.4957652029775992,5.010846107165896,1.9542997820661272,0.8909041443057167,5.873230097751102,0.7737323803930521,0.37464601955022037,1.0,0
6.502576981582614,3.1138069430236888,8.17317818540244,4.149849922765515,0.5211426251710684,4.468765399298118,1.4551171074238838,0.09375307985962351,3.0,1
6.307769524814718,2.9158351915310474,8.7488046368591,4.303913250546377,0.5377391041222775,6.960040153376438,0.9062834963322314,0.5920080306752876,4.0,1
4.623128697309899,0.30972336892310565,5.106389731582455,2.628852690240244,0.9330056787942488,7.358702529971772,0.6282532387306099,0.6717405059943544,2.0,0
12.02130274618665,3.754902384680204,12.644349501498676,10.034694843291826,0.6876459678322868,7.959202539469532,1.5103652264876088,0.7918405078939064,0.0,1
10.37552842517819,2.3554073153020156,10.382762617473224,8.800034190428498,0.7729843513718133,7.252614690376634,1.4305914305561132,0.6505229380753269,7.0,1
2.327060931953326,4.082388180014757,3.9009634011391903,0.935295998021785,0.0,5.9819069750303795,0.38901656974388304,0.3963813950060759,2.0,1
12.964415894050877,3.9509589644671697,13.54846098463673,10.835614515554717,0.6952458948590048,8.674641124089288,1.4945189903071585,0.9349282248178575,6.0,1
11.550400291692943,3.656284960725746,13.723128018873641,9.71891684728225,0.6834495023211145,7.631660080139953,1.5134846377331217,0.7263320160279905,4.0,1
4.406901254368467,2.3215450330998957,7.293542821221284,2.936959567466838,0.47320239345081816,6.638406229133878,0.6638492888591184,0.5276812458267756,5.0,1
11.042758955931259,1.1326978878724452,11.669025422928469,10.662774894198133,0.8974261873873419,5.034252041677961,2.19352524754613,0.2068504083355922,6.0,2
2.2770343824565944,2.2768897676000965,4.224325417747192,0.17124801649709775,6.351017692662886e-05,7.2448749336810785,0.31429588547771475,0.6489749867362157,2.0,1
12.989256765690865,0.4536512001080103,13.624760150066399,11.051261053956969,0.9650748916361204,6.95860262542978,1.8666472947057553,0.591720525085956,1.0,1
8.988216833278443,2.9648076681304176,9.042237410217556,7.9614715553579325,0.6701450662434667,7.416649994687733,1.2118971287193496,0.6833299989375465,7.0,1
8.801500186705564,0.6028974865305343,11.077162769349318,7.732530688060334,0.9315005994726677,7.905623826541506,1.1133214000337757,0.7811247653083011,5.0,1
2.085288723809593,2.3002783312532538,3.3873027537622713,1.345121571403836,0.0,8.57524809489112,0.24317532282849597,0.9150496189782238,2.0,0
11.764400786759502,0.24471888375068002,14.60476137130346,8.878655017664446,0.9791983554295342,8.74528295679073,1.3452281469777283,0.9490565913581459,5.0,1
1.347994038453633,1.3478062062359064,2.9508516848838497,0.0,0.00013934202405085916,7.150927510627981,0.18850618139397904,0.6301855021255962,3.0,1
3.8899366964937645,1.0443620730140453,4.362385303420816,2.206789608257114,0.7315220903323717,8.829780178766717,0.44054739956585015,0.9659560357533433,6.0,0
2.71626250199962,2.790141942202517,4.065585827391454,1.5113030623240773,0.0,8.557111995002838,0.3174274806249885,0.9114223990005677,4.0,0
10.321215288306622,3.5405402041012892,10.929890672724671,8.110739497217352,0.6569647948228994,4.0130717850761055,2.5718989943537442,0.0026143570152211025,2.0,2
3.3784507265547745,0.25786329543236763,6.0125385446144985,1.7952661981767828,0.9236740990757834,7.188087331230039,0.47000691155718716,0.6376174662460079,5.0,1
11.927658725570623,3.826276583199229,14.000368268233197,9.00010562382528,0.679209753461807,4.892347049170318,2.4380238371669503,0.1784694098340635,6.0,2
8.875228471929882,3.87345462729572,9.898944885893993,8.709860630163417,0.563565643459604,5.475963272292492,1.6207611392934527,0.29519265445849835,2.0,1
1.4339525259363546,1.5402108342961025,3.017413494357776,1.331095323775929,0.0,5.487500998677945,0.2613124856436152,0.29750019973558894,6.0,1
1.0651580095444055,2.9655182968664495,3.073598574183491,0.0,0.0,6.415648198185537,0.16602500271845513,0.4831296396371075,1.0,1
1.619895004172787,1.8117586426655228,3.968468154109063,1.0100573361060667,0.0,4.054330889966832,0.3995468174986673,0.010866177993366399,1.0,1
8.271102131772732,0.6938589698533417,8.511543761384358,6.458189641122155,0.9161104579777897,5.178982040123283,1.5970517116479213,0.23579640802465657,6.0,1
10.617781730312984,2.3789808835339965,10.685338256298724,8.273512644671452,0.7759437004866863,4.1456047847991835,2.561214172958679,0.029120956959836696,4.0,2
3.8626338475286617,0.3886185352571849,4.205991939038331,3.4483045639740433,0.8993902734255214,7.252792828596189,0.5325719262653049,0.6505585657192379,0.0,0
11.192906115076875,3.9531246992819455,12.377895045594563,9.871081442508292,0.6468187387047698,8.446437893464166,1.3251628978102024,0.8892875786928333,5.0,1
1.6867832818391246,4.159303917343238,3.086903112085401,0.0,0.0,8.988943299159661,0.1876508979644821,0.9977886598319323,2.0,0
10.611566243700114,3.697259116551316,11.02095113434166,8.1099755316812,0.6515821480409352,6.242784458910487,1.6998130102912576,0.44855689178209734,2.0,1
12.133545162067364,2.5313765434019038,13.36700457576618,10.644512891958293,0.7913737073880395,5.300705551470764,2.2890434196445266,0.26014111029415277,3.0,2
10.265300789252567,2.5091936600645472,11.59016914833806,9.646840028534502,0.7555655005558541,8.265517983653462,1.241942829179494,0.8531035967306924,3.0,1
9.377449407743647,4.430733194704184,9.704719298776107,7.620051640986748,0.5275119062710801,4.565792587702364,2.053849189952504,0.11315851754047283,7.0,2
11.055762623864597,1.115557604240323,13.8057425044518,9.692211417689599,0.8990971819680428,8.871194905280705,1.2462540550522114,0.9742389810561409,3.0,1
1.481815594564797,0.34176764657343367,3.2792533773279198,0.0,0.7693588542143739,7.574187273591011,0.19564021076313456,0.7148374547182023,2.0,0
3.4213853286286646,2.5287341562053,4.58699191999751,1.7546571360198207,0.26090343141243055,6.51967332683707,0.524778644130089,0.503934665367414,6.0,1
2.499084151667717,1.479535190145465,4.019805702084337,1.6608156167564245,0.4079690397147592,4.483252686621166,0.5574265664581954,0.09665053732423327,4.0,1
7.054371882315838,1.4505244776361992,7.996964341722258,4.791193123152274,0.7943793576757092,4.090979678548857,1.7243722620539021,0.018195935709771405,0.0,1
9.942257539946134,0.0318840937647662,12.505250634879912,8.389016501060254,0.9967930730383253,6.722660987409696,1.4789169881637865,0.5445321974819392,5.0,1
8.560142134916784,2.6830773429656984,10.285187259622296,8.027502478081802,0.6865615896701718,6.069252537200107,1.4104112627460028,0.41385050744002144,4.0,1
11.21357319714322,1.1881516602402633,12.69826064032385,9.524356227717236,0.8940434383089453,8.213322471810184,1.3652907499529594,0.8426644943620367,4.0,1
2.8625559092930906,0.8453634668670644,5.595212118579884,0.017595729755472078,0.7046822861615907,7.211527398467185,0.3969416950286466,0.642305479693437,1.0,0
9.81545310322194,0.18194369126851673,12.329392197924143,7.698904320408731,0.9814635463737488,6.159481732478476,1.5935517839862738,0.43189634649569514,3.0,1
3.316497890426849,1.6396270941402509,5.754903564704398,2.4200878060529125,0.5056149141921441,5.13003530050597,0.6464863682516466,0.22600706010119395,5.0,1
4.249105015813603,3.9553599257390584,4.925932628509136,2.1164854899350285,0.06913104971078232,6.402111044060031,0.6637037356226401,0.48042220881200615,5.0,1
9.518856367375648,1.5150186341881755,9.978225701780717,8.671037434369111,0.8408402673896143,4.814971393930783,1.9769289552527889,0.1629942787861566,5.0,1
12.762457418784182,3.0558339455381716,14.832746977922426,11.134390906160396,0.7605606941308576,7.335063312365927,1.7399246434953604,0.6670126624731854,7.0,1
8.338523271724835,3.404461335308583,9.744450040749022,6.758735980362177,0.5917189142047732,7.0286453623288,1.1863627828509522,0.60572907246576,4.0,1
1.6540037798955471,1.476453641355898,3.7051419187660777,0.9118311431601361,0.10734566673775181,8.050356840631014,0.20545720054887662,0.8100713681262028,3.0,0
8.395707639130393,3.6973833075541855,10.677589335463741,7.352064039490939,0.5596102834356019,6.247646361211381,1.343819280690291,0.44952927224227623,4.0,1
1.5082066189620051,3.1134584685012707,2.394147140996258,0.0,0.0,5.393242665137645,0.2796474612038457,0.27864853302752907,2.0,1
11.609748536401806,2.516590029154282,12.463699835770232,10.857952927155505,0.7832347512727227,8.181976796178777,1.4189417576720456,0.8363953592357554,2.0,1
9.514939421207448,0.004466088227830123,10.987434119981998,7.1118582903144905,0.9995306235772898,7.454985407299423,1.2763189867402094,0.6909970814598847,5.0,1
3.0775341570700387,0.1579084466526366,3.898182097649531,1.0754224170336188,0.9486899450685633,7.53354582029675,0.408510710690655,0.7067091640593499,2.0,0
2.100652069890377,4.458896298477285,4.1025378979389755,0.5027646723130834,0.0,6.640422857031728,0.3163431177678599,0.5280845714063457,5.0,1
3.2023987465638277,3.520277655766017,5.442590084205978,2.7898541381683373,0.0,8.379893074434365,0.38215269790658835,0.8759786148868731,5.0,1
12.76032615465031,4.219043664478262,14.176442992810042,12.146613896531177,0.669362396121772,5.138917537357679,2.483076652210962,0.2277835074715359,7.0,2
6.502727709501878,4.060364422131124,8.674127006297807,5.965794838730666,0.37559058236468035,6.008460126764603,1.0822619393836979,0.40169202535292053,1.0,1
10.408971380096895,0.09199342414237877,11.940284087309223,8.64858860317564,0.9911621023074114,7.981162858324118,1.3041923294724709,0.7962325716648235,2.0,1
8.636900105293321,3.5633128040598323,10.77551527119435,5.716750515137887,0.5874315135501018,4.664804509843406,1.8515031202418504,0.13296090196868118,6.0,2
7.868957799503648,2.0301558480501956,8.543862542890825,5.237240011178664,0.7420044814348539,8.040547465081074,0.9786594549285835,0.8081094930162148,3.0,1
2.7415630559805964,3.5530119180029507,4.958092193779722,2.6658074071918647,0.0,5.762976103654202,0.4757200110967352,0.3525952207308404,5.0,1
12.35229344269714,0.030221028735233135,14.497665513068194,11.5311135693101,0.9975534074805275,4.627518495151834,2.6693126036424077,0.1255036990303669,5.0,2
4.616111590176615,1.296896855402539,5.415928711324148,4.144339213365549,0.7190499341128538,4.395747427676145,1.0501312157093083,0.07914948553522905,7.0,1
7.9362065896905065,3.38095699106086,9.604119562811032,5.009173063996801,0.5739832433983161,8.215143593768671,0.9660459977486282,0.8430287187537342,1.0,1
9.397311335068792,3.568593548707154,11.963246338691997,8.690480631275348,0.6202537703108855,7.893077728128178,1.1905763073357367,0.7786155456256356,2.0,1
8.790797862943707,2.788715705465808,9.539365803861024,8.186858307827325,0.6827687601348199,5.440206726947582,1.6158940834728337,0.2880413453895164,3.0,1
12.287132916346222,1.3556528525081868,14.49507226839025,10.424507035599444,0.8896689030925441,4.581810946187391,2.681719752442115,0.11636218923747813,4.0,2
2.781267879040696,1.396631660795383,5.643168030481357,1.1127081283163367,0.497843529808749,5.23617213018859,0.5311643333888115,0.24723442603771809,7.0,2
7.100232861363304,4.350437836389147,9.698958620635999,6.4226784100196,0.3872823720947899,5.0649381784683785,1.4018399852434906,0.21298763569367568,0.0,1
5.848412688889192,1.9764548065539205,7.05297293693002,3.837318095277465,0.6620527805247418,7.665278258460991,0.7629746098823836,0.7330556516921982,1.0,0
6.690024753791418,2.0120649760972666,8.511647952755833,6.39900311990735,0.6992440162561468,5.077815421784588,1.3175005781207034,0.21556308435691757,7.0,1
2.4306103143729354,2.485497376083148,5.405920717131047,2.372503116280259,0.0,5.080492608838125,0.47842020479364494,0.21609852176762506,4.0,1
2.609135318473184,1.8427605158897493,4.314447552600339,2.3618909463541433,0.29372750319132646,4.161340662494277,0.6269939257771046,0.03226813249885545,5.0,1
4.3369065493750885,2.487022040688364,4.681989356666188,3.2423018714477707,0.4265447013040383,6.98429844154759,0.6209509209366074,0.5968596883095181,1.0,1
4.656455245129976,1.9455094024540105,4.792747509466259,1.7314062615055237,0.5821908941380354,7.444897741280537,0.6254559037541672,0.6889795482561073,4.0,0
6.134838564176199,3.72021713820984,8.505782093408286,4.493097567748108,0.39359168146107537,7.26745234474042,0.8441525686255222,0.6534904689480839,2.0,2
8.33185056443954,4.090729589092278,9.602735540645078,6.067672255393138,0.5090250890298523,6.8429957807803925,1.2175735352403438,0.5685991561560785,5.0,1
8.615549409019156,4.194496169169128,9.355988080906739,7.651062152324478,0.5131481499278345,8.830374744204176,0.9756720024451939,0.9660749488408353,0.0,0
5.941730759026843,2.5393329262322393,6.9847468510096835,3.7837135625768554,0.5726273994535322,6.363692560885441,0.9336923024138227,0.4727385121770881,2.0,1
5.905397313144365,1.989668508590229,8.177515912783722,3.006853718777293,0.6630762668310937,8.300682540606173,0.7114351481647089,0.8601365081212347,5.0,0
3.6115423203635437,3.1735802645632707,5.007284327265031,2.538259649517384,0.12126731931973789,7.230049551886694,0.49951833586273353,0.6460099103773388,4.0,1
8.059674980908099,3.7724561608315796,10.665173458485729,5.062496676703024,0.5319344552022456,4.42080970343918,1.8231218988318032,0.084161940687836,6.0,2
4.804490935806855,2.5334200892986973,7.009267702139953,2.8892610827118563,0.47269749841389996,8.050442304880447,0.5967983812385329,0.8100884609760893,6.0,0
1.4327180113283644,3.149914598200176,4.35476046266464,0.0,0.0,6.921942708449091,0.20698206727131013,0.5843885416898182,0.0,0
6.020800529882324,3.373782078245616,8.686311830251855,5.2642988133378745,0.4396455983716909,7.267628296627173,0.8284409004071538,0.6535256593254346,0.0,1
6.689592101082043,3.0437719952277904,7.453233736440071,4.760319793550319,0.5449988655159619,4.901137178119259,1.3649061142273675,0.18022743562385185,2.0,1
3.707114418450532,3.3576010007818926,5.684292116858192,2.1740956640633695,0.0942817993232391,6.187450470711787,0.5991343988930672,0.4374900941423574,7.0,1
7.869495197465389,0.9389039965019927,7.93112430104982,5.000287261033081,0.8806906957889249,8.402912371871421,0.9365199646503948,0.8805824743742843,3.0,0
7.789262805183052,2.242685461598089,10.762582978471846,5.075237661814505,0.7120798825652943,5.077155965431577,1.534178358556873,0.21543119308631536,7.0,1
9.424026173324457,2.6472084957228925,10.207044499732246,8.234008376549225,0.7191000484255815,4.000624532685968,2.3556387499821896,0.00012490653719368083,0.0,1
8.77538178641452,0.011150688856603863,10.769767067285272,5.934772531799821,0.9987293215123851,5.287543560587375,1.6596330008181897,0.257508712117475,7.0,1
8.829196678252378,3.8518312896615687,11.376657541851074,6.174759020002349,0.5637393264611263,6.43771224588206,1.371480479560119,0.487542449176412,0.0,1
4.794569821888517,2.7451102880021043,5.275963810072431,3.0234182707810997,0.42745430977562826,8.106390216509606,0.5914555916792432,0.8212780433019212,6.0,1
10.449186663831446,0.5811134926419147,12.992824692262882,10.202832937462825,0.9443867248870799,7.216454502866755,1.4479668180102125,0.643290900573351,7.0,1
7.589732603196153,3.673606826591222,7.626469600568621,7.10736188121754,0.5159767782801452,8.59531734478588,0.883007840053778,0.9190634689571759,2.0,2
6.177018342158681,3.226756348982451,7.502949756414903,5.946395608137281,0.4776191084038781,6.277822158139467,0.98394286849141,0.45556443162789345,2.0,1
8.512149771292686,3.4123479455863666,9.928262638886101,8.188170427345502,0.5991203118753213,5.954076114785186,1.4296340199876316,0.3908152229570373,4.0,1
5.327888013403051,1.764191078378353,6.450160153179258,2.3970308902238178,0.6688760961303462,5.1570910829785666,1.0331188508553233,0.23141821659571332,5.0,1
7.152870935281099,3.8439112801274646,8.912025174182599,6.516369037632642,0.46260581032329173,5.09031242269552,1.4051929118121542,0.21806248453910407,0.0,1
9.840468261786643,1.86312411959563,12.58499530789454,7.767904514764655,0.8106671278204641,7.680549485040302,1.2812193035085961,0.7361098970080604,1.0,1
11.636834640684492,2.5672911882551612,12.617801983585359,9.727249867636184,0.7793823434356071,4.401795615226545,2.6436562843651217,0.08035912304530904,6.0,2
12.0526863675423,0.0028903666494317637,13.790466029041573,10.15925177298329,0.9997601890100438,5.213567924165043,2.3117923354710195,0.2427135848330087,6.0,2
7.043595102197191,2.90192901605038,9.67598267942716,6.423483103409102,0.5880045667098117,8.42947629770065,0.8355910679906067,0.8858952595401298,1.0,0
7.243301376886829,3.2317910645757153,9.562287562190964,5.5052615937330005,0.5538234713126435,6.884604090498264,1.0521013672933812,0.5769208180996529,7.0,1
10.598444929166037,2.5519921446995655,10.720644723582526,8.721829880411182,0.7592106991397676,4.232938045341661,2.5038034612459312,0.04658760906833219,6.0,2
4.773408300930415,2.2345146766962722,7.601780593313402,3.0621923509950815,0.5318827689094333,7.521275241648928,0.6346541174956277,0.7042550483297856,6.0,1
11.048588348140823,3.6447141317026874,11.188529060916661,10.490100946313788,0.6701194743746612,6.5334118387655815,1.6910901410783155,0.5066823677531163,1.0,1
6.929699758209081,3.066177227243588,8.69597518133207,4.760517966984954,0.5575310137194148,8.272608637490078,0.8376680273263309,0.8545217274980157,5.0,1
2.3902806920232207,1.2513331787401034,4.116341552968715,2.1705512062736876,0.47649111549282963,7.412169362706315,0.32248058227726284,0.6824338725412631,1.0,0
1.8647097648753244,4.315830021359936,4.223880456982273,0.09110972941645867,0.0,4.022232939888943,0.4636006399288278,0.004446587977788674,1.0,0
11.103918532473557,3.1827023738790334,11.54924768802049,9.795140535269617,0.7133712423617682,5.028695435874603,2.208111164032414,0.2057390871749206,0.0,1
1.6668150028825348,4.445725180105911,2.2049261790706463,0.9159552234833138,0.0,5.289818502824725,0.31509871312077486,0.25796370056494505,3.0,1
4.367337233603871,4.370675923209908,6.623658031818953,1.945170266525455,0.0,7.51116144580825,0.5814463269247326,0.70223228916165,5.0,1
5.00956048601855,4.135093752645404,5.458074743253426,4.481882786001998,0.17455957180549908,6.546570888350471,0.7652190087688489,0.5093141776700942,1.0,1
3.0759333422991255,3.399171935513884,4.484268723496044,0.27698806260527276,0.0,7.7372374854558155,0.39754929948591544,0.7474474970911631,1.0,2
4.766720437623871,2.7424321582363533,6.9616647082566665,2.1130253526603098,0.42467107225541234,6.564335993917313,0.7261542434818754,0.5128671987834625,2.0,1
9.912310800701029,0.7747679865731589,11.866036587049072,8.83054815921478,0.9218378032982617,5.636923053483005,1.7584612574365903,0.327384610696601,1.0,1
1.1761941227208492,2.4450813784069094,1.8080066810601347,0.26073533014506933,0.0,4.518303233543447,0.26031765951184893,0.10366064670868944,6.0,1
10.926081094248238,3.444194350774473,11.837961870306493,10.513621043991531,0.6847731294445927,5.013110493343682,2.179501351258005,0.20262209866873632,1.0,2
11.278576282894697,2.3438572141750553,14.18550099261782,8.52959283509283,0.7921850102898365,6.0039004017284086,1.8785415360401065,0.4007800803456817,2.0,1
5.467138878298578,3.90707607782546,6.81315073876323,3.584543301828762,0.2853526927339778,6.757271540908893,0.8090749121446754,0.5514543081817787,2.0,0
2.8433547887276176,0.4934515463626422,2.976727218036759,2.748004042297408,0.8264544585435085,8.693187015953113,0.32707852523012526,0.9386374031906225,1.0,1
8.21008489534097,1.7142315662188534,8.868839593739967,6.677086651656138,0.791204160727785,5.198600885332506,1.5792874037522593,0.23972017706650117,7.0,1
2.436070670378732,2.2768398836714576,3.463375939364245,2.1786738268905714,0.06536377973079044,7.330424697233419,0.33232326515790156,0.6660849394466839,1.0,0
5.37903233293903,1.9454638314109862,8.377500545822787,3.657780278080504,0.6383245701094324,4.762729557466509,1.1294011696520425,0.15254591149330174,3.0,0
12.50115017081167,0.48863946519698886,13.409224813242426,10.974265015849232,0.9609124393739474,7.56876560961167,1.6516762198232566,0.7137531219223341,4.0,1
12.945573671003645,0.6908773232008374,13.02476121735128,12.697035534495479,0.946632158546337,4.056704385719895,3.191155292599993,0.011340877143979,2.0,2
10.265258696255028,3.769277817849692,11.804023428921036,7.817676916904709,0.6328121940828632,7.279599749648078,1.4101405364699189,0.6559199499296156,3.0,1
4.731538119049194,2.1797291664065295,4.982354273971126,3.944586587550361,0.539319115356816,4.816088283572622,0.9824442245355378,0.1632176567145244,1.0,1
9.25198058999311,0.2192509203872744,10.074183386080275,7.627527497493013,0.9763022719022546,4.901622231904117,1.8875344023399012,0.1803244463808234,3.0,1
9.464876385808152,0.07421066539942461,12.44202591408997,7.547759755916549,0.9921593624285788,6.794538166572886,1.3930124688050967,0.5589076333145773,0.0,2
5.654100341963797,2.1306393089744695,7.7680158987542605,2.767186741238298,0.6231691727928461,5.877057729543562,0.9620630938404818,0.37541154590871245,3.0,1
8.690663615033912,0.7397042666599967,8.842663502882523,7.209228536394375,0.9148851803008015,6.356525752754181,1.3672033990058778,0.4713051505508362,2.0,1
1.128731739708115,3.1730667569964983,2.474791895483503,0.0,0.0,5.5444444127812895,0.20357887205183525,0.3088888825562579,2.0,1
3.5086919032268975,3.578955581374881,4.023604441113445,2.444119879183801,0.0,8.767335247641626,0.40020049469087204,0.9534670495283251,0.0,0
7.301059635607134,1.0273351880569752,7.669893604813497,4.728748030657149,0.8592895772215474,5.453280500409444,1.3388380874702768,0.2906561000818888,7.0,1
2.9650156510995505,2.6647962519680135,4.726211891145956,2.2575369702453,0.10125390030241599,6.7102371236775,0.4418645118571598,0.5420474247354999,0.0,1
2.9908824145184036,0.6950008956842371,4.507850083439051,0.8684431272121502,0.767626807289197,8.271777777704227,0.3615767365728848,0.8543555555408453,1.0,0
11.035651486602855,1.3661219321747415,13.264251239549381,10.769815505337865,0.8762083114138575,7.320904061304105,1.5074164876621843,0.664180812260821,0.0,1
12.869596032203265,3.99957972381645,15.546514716898844,9.911444962152288,0.6892225899081523,5.613884734908603,2.292458188921613,0.3227769469817206,7.0,2
7.671633136341381,2.4484414116703985,8.411678708636366,4.8098239367542766,0.680844825585851,6.762183416834097,1.1344905429869376,0.5524366833668195,2.0,1
11.06883677058056,3.9864991281489006,13.837812730546752,9.742195855028427,0.6398447993429206,4.414955631163637,2.507122991780368,0.08299112623272738,3.0,2
12.883859971915271,1.0136151188077813,14.437835289577558,11.312054317944511,0.921326751375962,6.728432013538461,1.9148383971170857,0.5456864027076922,6.0,2
2.6991506628252964,1.485109544618997,3.475655417380648,0.90582607587123,0.44978634758221303,6.15694544176771,0.4383911938726467,0.43138908835354195,0.0,0
6.378947359052213,2.1192846230556768,8.91630487336004,5.553834679983203,0.6677689117392934,7.789668535367221,0.81889843323757,0.7579337070734441,0.0,0
5.710872590103039,2.160360338375443,5.8174623441901065,3.6874582844875508,0.6217109899948818,8.239514215670585,0.6931079236736593,0.847902843134117,1.0,0
1.9605914037542203,4.489415852326652,3.639119536173102,0.0,0.0,4.998082608237195,0.39226870730848395,0.19961652164743898,5.0,1
10.063962073536933,0.5150039353700854,12.228826678626833,8.488732596561107,0.9488269200930037,4.407679527303816,2.283278993219608,0.08153590546076313,7.0,2
6.205348327871116,3.8338426602071585,7.045281389339546,5.762126250415463,0.38217124041408257,5.952784906224178,1.0424277755077056,0.39055698124483557,4.0,2
6.631923210284816,3.8865691773984157,9.22239896297447,3.874365378610016,0.413960467550181,6.670752041002736,0.9941792423883765,0.5341504082005472,6.0,1
2.8080756857588822,2.489393841920043,3.5289293758328366,2.462940438722036,0.11348762622568531,5.884009741575113,0.47723844947394284,0.3768019483150226,7.0,1
3.1711198267704175,1.548167257166192,5.690742674965635,1.2836033206388833,0.5117916251235132,7.1428058549904,0.44395996351418116,0.6285611709980801,2.0,0
11.88524346587458,2.3365174692973327,12.120878357371952,11.575977676045316,0.8034102140182453,6.528256398595375,1.820584661538695,0.5056512797190751,1.0,1
1.5357890676913466,1.316104671629537,2.0155718432966405,1.0974869402925789,0.14304333888249843,8.683130173325448,0.17687044153838513,0.9366260346650896,1.0,0
3.794227419324475,3.595983517979728,4.9371811710302,3.732612477237988,0.052248818912399964,6.046955616597965,0.6274607686733971,0.40939112331959304,6.0,1
4.504711963774341,2.2422562141964857,7.066878502168878,3.414619712204062,0.5022420451677941,4.412470864742912,1.0209046363951013,0.08249417294858237,5.0,1
6.882370508819037,4.166289804948527,7.3161266041993835,4.963622815552923,0.3946431974840844,5.509675105707386,1.2491427129141786,0.30193502114147713,6.0,1
8.037342076177552,2.802111049602197,10.663656795560277,6.472709416978936,0.6513634702811054,7.029469311816222,1.1433782152896153,0.6058938623632445,4.0,1
6.919479710207999,2.314436999016075,7.60867429004638,4.895862256462542,0.6655186378245044,5.28012549303543,1.3104763739677974,0.25602509860708605,7.0,1
2.0093840146825843,3.1998120928994354,3.3669092104661704,0.0,0.0,5.344942259028169,0.37594120147669013,0.26898845180563385,7.0,1
3.9240094486685626,2.267698339936054,4.982212661449576,3.5034882166858465,0.42209661582096947,5.697862420111754,0.6886809753106674,0.3395724840223508,6.0,1
11.123060617150493,4.070278576887512,11.477439296994064,10.951048406885347,0.6340684711713603,7.7307088995452755,1.4388150894938958,0.7461417799090551,6.0,1
8.651064405741508,0.8300068239907858,11.483993624298929,6.774989984437498,0.9040572598858552,8.700666171469807,0.9942990841447351,0.9401332342939615,0.0,0
8.789788601611292,4.380069076856575,10.104323473867932,6.830115686685565,0.501686641695382,5.7518831692389,1.5281584036023412,0.35037663384777995,5.0,1
9.042439064216259,3.654857483330364,11.113432848284843,7.372327858791145,0.5958106593392738,4.9774401988024595,1.816684621623744,0.1954880397604919,7.0,2
10.154836228474348,3.873300128391913,11.880639258466442,9.417548829502136,0.6185758153803498,6.103184760835515,1.6638585634238885,0.42063695216710306,2.0,1
1.697301780657368,2.17308524566982,3.2024495312139902,0.0,0.0,5.75919846489813,0.29471145872160703,0.35183969297962603,6.0,1
5.399300619191349,3.767406972019188,7.249033489861896,5.172242572702578,0.30224167207355257,8.95012457061588,0.6032654156477075,0.9900249141231761,2.0,1
7.474329223140144,1.380483376097423,10.16935614174743,5.577393855176066,0.8153033757432685,6.319341292589963,1.1827703042253022,0.4638682585179925,1.0,1
5.061477799567912,3.4287668035387884,7.159414926650241,4.700243191929796,0.32257594731888484,7.39641676405932,0.6843148460971876,0.679283352811864,5.0,1
11.133746479446238,0.6320257127506019,12.731186717811902,9.170403330146549,0.94323332995615,8.568940333224266,1.2993142730003002,0.9137880666448531,1.0,1
6.790870103047528,1.3817336218312892,8.726427985045458,5.537692739577039,0.796530694761602,7.145307886819417,0.9503957297031661,0.6290615773638834,3.0,2
10.22353107351255,2.005796985118798,12.042713915039615,8.069221907199536,0.8038058503763459,5.24689237459927,1.9484926206997661,0.24937847491985393,7.0,2
11.224186202574028,1.4504387316453984,12.523549825032967,11.067609595143225,0.87077559963209,7.037050476666401,1.595012887827282,0.6074100953332803,1.0,1
7.057497794841977,1.7415770203088263,8.931789825233327,5.392248829400873,0.7532302423697999,6.00938168032558,1.1744133041087865,0.401876336065116,1.0,1
11.914626926456199,3.690471351526641,13.24533632694869,11.47999322981596,0.6902570786054558,6.111749347194035,1.9494626251199787,0.422349869438807,7.0,2
8.045487286443766,1.1550415146397541,10.318330420059503,5.998342391612345,0.8564361021878761,8.896622906852025,0.9043304825527977,0.979324581370405,6.0,0
11.20329158600466,3.353765274695575,14.110029036571516,10.843424692069613,0.7006446499272451,5.392955067974263,2.0773938304316175,0.27859101359485267,3.0,2
5.087089547098291,0.3317043110024333,7.9666856195899785,4.866339578242513,0.9347948747645617,6.344675732391554,0.8017887377801055,0.4689351464783108,3.0,0
6.985803502377823,3.4458259838177736,9.448010861652765,4.846435107826985,0.5067387763419218,4.799335228496002,1.4555773184793779,0.15986704569920035,7.0,2
7.376932492054932,3.5641045927339783,9.182209183233388,7.186336688350085,0.5168581796603706,4.892720993427444,1.507736186462423,0.17854419868548882,5.0,1
2.259756590752847,1.807644489761169,4.5077525549650685,1.5861641369582986,0.20007115051318647,7.01742212042917,0.3220209005489676,0.6034844240858339,7.0,1
5.782630080418487,3.251150204253617,6.316774966191151,3.308424489041471,0.437773096490666,7.755078540763574,0.7456571909649703,0.7510157081527147,0.0,0
12.008052070620113,4.118122816852946,13.44510744256188,9.578987147195434,0.6570532179046189,7.182299368084226,1.6718952323235012,0.6364598736168452,4.0,1
8.56998688437691,3.6032083809953708,9.341901179351003,6.007609611034582,0.5795549713659397,5.646419989514854,1.5177735450588137,0.3292839979029708,5.0,1
3.13007898924361,1.7570092967863196,3.1405639325716512,2.151779320477469,0.4386693425871324,4.298090862825099,0.7282486781087348,0.059618172565019736,0.0,1
5.066267627315259,2.17896081426029,7.966480351331487,3.4821235410646314,0.5699080714741129,6.3513193107434605,0.7976716929891251,0.4702638621486921,4.0,1
3.299236115952398,3.5071089515361242,5.890781801507922,0.9791940581339422,0.0,6.52134826546982,0.5059131918198069,0.504269653093964,0.0,1
1.2978775815828705,1.316675654321056,2.838973436992651,0.8869210365496291,0.0,7.853258039799093,0.16526613222250286,0.7706516079598187,7.0,1
12.12952550204832,3.617472331389931,12.89198236640534,9.956352864401165,0.7017630796209591,7.201447811459774,1.6843176288449138,0.6402895622919548,5.0,1
6.378487939082458,1.4763201415242353,8.457413569680167,6.086028890898494,0.768547004301994,8.356293138004935,0.7633154837607004,0.8712586276009869,1.0,0
4.690420869049434,3.6269576207349217,5.9948241226992165,1.9506690431688307,0.22673087938269276,7.914914393475458,0.5926053821777166,0.7829828786950916,4.0,1
8.181726298692839,0.39060199507825505,10.591774898960937,6.269795751157961,0.9522592200205158,5.829388919054734,1.4035306980374793,0.3658777838109469,0.0,1
1.0877734755161876,0.1997878360976556,4.086327806059035,0.0,0.8163332342675031,7.161107117623491,0.1519001821435091,0.6322214235246981,6.0,0
4.336265279209766,4.489539513164201,5.383513101679376,2.882077515208273,0.0,7.736432647275633,0.5604993253236389,0.7472865294551265,1.0,1
9.436401588386712,3.9125570545561006,10.169610718820856,8.892315444851981,0.5853761608268933,8.784401845863725,1.0742224404078227,0.956880369172745,4.0,1
8.605237276831156,3.9728137655979174,9.407384743215431,7.567485159467195,0.5383260637920619,6.111760813111229,1.4079800469892092,0.42235216262224584,0.0,1
12.781671370510425,4.280759764229779,13.061710107552441,10.600300374558978,0.6650860720683018,7.24140996155568,1.765080479957321,0.648281992311136,1.0,1
8.444292515896528,1.9724233923651953,9.626431105396994,6.821461653333363,0.7664193431655673,5.963319176408171,1.4160389987682493,0.3926638352816342,7.0,1
6.730070483532794,1.290759996060685,6.782345641683522,5.142151871232006,0.8082100329827258,7.689140894348935,0.875269497074634,0.7378281788697871,3.0,0
10.137190758208092,0.5851124775805634,10.480377430411918,9.551453074571354,0.9422806089441695,8.559965856552786,1.1842559804660806,0.9119931713105572,0.0,0
11.839934463568637,2.2554411009230906,12.655021705386648,9.768847527707585,0.8095056093542528,8.596130078597875,1.3773563633066686,0.9192260157195751,5.0,1
9.648351360620218,0.9902174421447352,10.12793968834866,8.472249657436167,0.8973692597694658,4.78543758693755,2.0161899900139955,0.15708751738751,1.0,1
12.558534682592555,4.209978855326939,14.75501198109473,12.010274667276953,0.6647714911228927,5.020482988104394,2.501459463631075,0.20409659762087884,4.0,2
10.384062048858127,0.01801423099250593,10.700876421461828,7.552707794069139,0.9982652038375978,7.774647253948993,1.3356312781372464,0.7549294507897987,6.0,1
11.401617259143118,0.6443853198440471,13.999599574216692,9.881221018546302,0.9434829897199623,7.15504942971201,1.5935064280334443,0.631009885942402,5.0,1
2.3692488542036463,1.1091413388754205,3.032592365336505,0.7851389116665499,0.5318595018385158,8.525536434274773,0.2779002673284789,0.9051072868549547,1.0,0
9.788962035925453,0.8953052021693777,10.114733886840156,6.844846305281035,0.9085393120451779,5.569002797077677,1.7577585058966374,0.3138005594155354,1.0,1
6.281064394328423,1.0160029646086963,6.311384327622198,5.1818459828169425,0.8382435044725682,8.240104055731315,0.762255470543445,0.848020811146263,1.0,0
7.637245628935302,2.9522142227753028,9.782860641901742,4.808183575247954,0.6134451651534918,7.418879284919299,1.0294338721024732,0.6837758569838599,5.0,1
8.84922891378828,1.4738043524091715,9.619079151603907,6.764452830381841,0.8334539238653,4.9772815507829975,1.7779241185173,0.1954563101565995,5.0,1
12.637781400466833,2.7676097185651796,14.166277215880157,10.738494502232435,0.7810050964750075,4.6324718449781965,2.7280859600186766,0.12649436899563932,4.0,2
12.814936977179496,4.0061607014083105,13.149785117195963,12.111682071352053,0.6873835034427109,7.513618010043038,1.7055614166238526,0.7027236020086075,3.0,1
4.458738945854863,2.7115054448656593,7.414626715563611,4.303471928691493,0.3918671898505175,4.79230756362134,0.9303949896082184,0.15846151272426798,0.0,1
9.805041969254994,3.1253975607887163,10.18119618646486,8.491690454399578,0.6812458762962144,7.971645198715741,1.229989760562176,0.7943290397431483,6.0,1
9.999802455223223,1.6447648419961078,11.235580235148857,9.969289569236048,0.8355202665891671,6.785475200636586,1.4737070226540776,0.5570950401273173,5.0,1
5.157914335756585,0.7188231043021912,7.712862842759983,4.944906803445435,0.8606368664715811,6.384335312313949,0.8079015407928413,0.4768670624627898,5.0,1
2.486437298370652,1.4426282810245774,3.2210981438118726,0.7004570312875331,0.4198010615550518,5.377645179607098,0.46236544348437586,0.27552903592141964,0.0,1
1.491363523428637,4.339271919168486,2.2922788794671574,0.0,0.0,8.919227974624299,0.1672076919293519,0.9838455949248598,2.0,0
10.328117530350143,2.798151230039117,12.753616078022342,9.824272534577313,0.7290744202109933,7.610835554552632,1.357028076131811,0.7221671109105264,2.0,1
6.87639690180287,1.2488000374530683,7.696415873378909,4.678895663781549,0.8183932580846729,7.890318235824385,0.8714980430804412,0.778063647164877,4.0,0
12.826482033939115,2.0291187022294674,12.835095967223554,9.977304554154859,0.8418023978156769,7.843554638326691,1.6352894351323675,0.7687109276653382,6.0,1
6.579681474323836,3.7598086684394745,7.863422635793686,4.350153232145246,0.4285728445804661,6.920077885882983,0.95081032075469,0.5840155771765966,6.0,1
12.735003748886083,3.0079960681759808,12.772609377921508,10.380858090160984,0.7638009279393352,8.69849420979439,1.464046930622387,0.939698841958878,4.0,1
5.938912026328719,2.522937783281257,8.66828887781682,3.8367742855236036,0.5751851901330702,6.9191075169133835,0.8583349820495447,0.5838215033826767,2.0,1
10.524185806719672,3.983232944852285,12.449625479257335,9.849973485355418,0.6215162846793337,6.600227925520747,1.5945185417046535,0.5200455851041494,3.0,1
2.0178312677419847,3.0259780749755563,3.766874066405711,0.9351614412744766,0.0,5.368552212114336,0.37586134734587734,0.27371044242286724,5.0,1
7.665540521653167,2.8922837885599293,8.270309054240256,4.817739633343715,0.6226901703291534,5.408679599208368,1.4172665215323756,0.2817359198416735,2.0,1
10.62471744382869,0.8539566174484565,12.7245560001146,8.641085706918334,0.919625475033741,7.684419529910218,1.3826311021247464,0.7368839059820436,3.0,1
12.096420006638663,0.478749073555835,14.1281839376737,9.729345804836447,0.9604222511046168,5.673837108198027,2.1319646256958555,0.33476742163960543,6.0,2
10.87099708740918,4.3431395267582955,11.052387809185275,7.964913230875148,0.6004837926239046,7.64355372573339,1.4222438249907272,0.7287107451466779,4.0,1
1.4436487264140907,2.6948626654515873,4.086188318845808,0.7493379648760935,0.0,8.763533794074124,0.1647336291885223,0.9527067588148249,3.0,0
5.47242809568081,1.870575341158931,7.210668184470226,4.5073680937011495,0.6581818329170357,6.196537183893794,0.8831429447248202,0.4393074367787587,5.0,1
1.5843816677662153,2.650593694095979,3.961782310882046,0.0,0.0,4.48662821439821,0.3531341559975296,0.09732564287964199,2.0,1
2.311387493374696,0.2781538248227192,3.100129709761229,2.238315072022674,0.8796593709968525,7.332732406647181,0.3152150337955064,0.6665464813294362,0.0,0
9.10366754400981,3.6995727325684804,9.469810943270172,7.390010312008693,0.5936173289848672,4.047615158477428,2.249143554308234,0.009523031695485606,6.0,2
9.559098355740378,0.9749049100395119,11.66644707530073,7.133033217196882,0.8980128801108038,7.935017606361484,1.2046726081712626,0.7870035212722968,3.0,1
10.284648193019516,3.620457028430762,12.666296251785003,8.453318071547141,0.6479746355458158,6.628265585193592,1.551634897671218,0.5256531170387184,2.0,1
11.385478576667953,2.404702994686248,12.543579177525828,10.49929872497962,0.7887921022824494,6.448661020043275,1.7655569956740491,0.489732204008655,0.0,1
9.873177621718119,1.2445740614560625,9.944254447667053,7.700865371709934,0.873943920676727,6.847210802888436,1.4419269255670069,0.5694421605776873,7.0,1
10.610459105279585,0.13594476708931708,13.065221179241178,10.172364231239747,0.9871876640077079,6.58204271967358,1.6120313339147978,0.5164085439347159,5.0,2
1.587564517879351,3.671250098969726,2.205846236870673,0.0,0.0,5.618886358980113,0.2825407770246328,0.3237772717960226,2.0,1
3.814421805295583,0.7940706366118799,4.831517630988047,3.511676712174217,0.7918241145985829,5.40754454839621,0.7053888823582376,0.28150890967924197,4.0,1
8.46277328050295,0.2331230203794305,10.34746630383434,5.872299879215644,0.9724531175948535,6.0764873031194755,1.3927081319100971,0.4152974606238951,3.0,1
11.297503655497877,3.4014497887164636,11.597367813131786,9.80407537228918,0.6989202311909708,8.474546409577833,1.3331101287886713,0.8949092819155666,2.0,1
1.0540014992759095,1.5751945006784047,1.269988797691299,0.0,0.0,4.676852298939215,0.2253655732328716,0.13537045978784298,2.0,1
7.175552105396198,1.752003025162425,7.252663420122021,5.673566823669904,0.755837181665105,5.623822983432916,1.275920690699989,0.3247645966865832,0.0,1
9.127448792372766,1.1118041427632355,11.877368373091132,8.526829883094003,0.8781911388325399,4.961502139747022,1.8396543093777962,0.19230042794940444,7.0,1
1.3552874695433585,3.866303154136037,2.2894357023493255,0.0,0.0,6.13568488368691,0.22088609425602893,0.42713697673738193,7.0,1
5.816266690640655,1.3379828674793943,7.798243135992051,3.267107242944679,0.7699584735974311,4.667492095615856,1.2461224510918476,0.13349841912317117,6.0,1
11.747618576604362,0.9458665638796073,14.715324323657589,9.344752849947964,0.9194843995221873,7.803978069511161,1.505337210326147,0.7607956139022323,2.0,1
9.059353706270304,1.3916237685127024,11.067706086956134,8.570208102796316,0.8463881846726539,4.517336962922873,2.0054633472391195,0.10346739258457464,7.0,2
3.8519003603271678,0.9141730882532864,5.427184747895708,1.8316374259399826,0.7626695909196262,7.326310468086354,0.525762643708067,0.6652620936172708,2.0,0
11.233373555582952,1.4294484936234335,12.796133356134668,8.662861760686676,0.8727498478929331,5.338551624345118,2.104198731422955,0.2677103248690235,6.0,2
5.176377080914172,0.37321300290677867,6.307128526280827,2.717074315057744,0.9279007311343579,6.360949984288314,0.8137742151250893,0.4721899968576627,0.0,0
11.240136053728714,0.7133851310375625,13.039475021593969,9.963238723837168,0.9365323402112281,4.999939808587707,2.248054273458069,0.19998796171754146,2.0,1
4.587323813426867,1.8767379752826654,7.46369798206398,4.443045292388519,0.5908860914092118,7.651118397378595,0.5995625182063008,0.7302236794757191,4.0,0
8.083843010597787,3.9576008501544435,10.447975111692717,5.29033474167654,0.5104307635655352,8.741379946341622,0.9247788175574015,0.9482759892683245,7.0,1
5.763280812974009,0.2578083602502863,7.035960664073722,4.575625465429823,0.9552670833477486,5.10872643696498,1.1281247653569586,0.22174528739299593,2.0,1
4.297900609060804,0.9570361804201379,5.295235096158404,3.2149706972917724,0.7773247295662163,8.765766038564141,0.4903051929691718,0.9531532077128283,3.0,0
11.63869074606243,4.087555539937183,14.289285334931794,9.360145912625992,0.6487959316798521,5.62636900505717,2.068597124646674,0.32527380101143405,6.0,2
3.251124183273896,4.005066033719648,3.6584816601536776,2.4592075367978286,0.0,6.789235835259508,0.4788645235137316,0.5578471670519016,3.0,1
2.017739094829157,3.057528749831736,4.5664948657220625,0.0,0.0,7.50794975542788,0.26874701623707997,0.7015899510855761,5.0,1
5.103123262547925,1.0821309934285708,5.868353546574922,4.874968580089978,0.7879473142711673,4.9963430803259685,1.0213716673385427,0.1992686160651937,3.0,1
9.61166977169881,1.8891475247510359,11.758557479026564,7.389536169550178,0.8034527226150072,6.223819687163139,1.5443361560623678,0.4447639374326277,0.0,1
10.68917927171538,0.9504944749708427,13.10784101403987,7.7918108003907856,0.9110788161738531,4.33913740332025,2.4634341524967986,0.06782748066405002,2.0,2
12.984920440801178,0.5786482910634146,14.415909992591596,9.997614050178658,0.9554369013116794,7.4852688801401,1.7347299941693133,0.69705377602802,4.0,1
4.556344684133979,1.7099927753125117,5.133196612560802,1.7849316039414802,0.6247007428417306,6.083080598622392,0.7490192855846483,0.4166161197244785,0.0,1
5.895303413575386,2.591197222816576,8.429606643962511,3.2830161973564573,0.5604641456028019,8.458222663197954,0.6969908038985628,0.8916445326395909,1.0,0
2.6418553363555155,1.6196970395916235,3.7443803715154598,1.805214662982325,0.3869092613428171,5.36995944286569,0.49196932760178985,0.27399188857313794,7.0,1
7.898463155476403,2.748710477096864,8.86050393692396,4.998518067587111,0.6519942648347934,8.618006621619635,0.9165069722343745,0.923601324323927,0.0,0
12.970960447155006,1.3331463092068745,14.501008994215326,10.187270665711948,0.8972206942856509,4.705199223414225,2.7567292756932216,0.14103984468284506,1.0,2
9.410572121447903,1.5563273749235562,10.715830844759655,7.807454600372343,0.8346192606742276,7.034832330069416,1.337710933240543,0.6069664660138832,4.0,1
8.14255408496046,3.5580311624007432,10.191710736076633,6.936321121779422,0.5630325417214566,5.539040899360894,1.4700296013159904,0.30780817987217884,4.0,1
5.708429115061528,3.952416289022361,6.120022540179524,5.380627354386963,0.30761752325275915,4.908908054766437,1.1628714678244532,0.1817816109532874,1.0,1
11.983585123426657,1.4491533668897343,13.290654085570276,10.211682889951282,0.879071800970747,4.4696858585958275,2.6810799466769137,0.09393717171916549,0.0,2
6.962999153564193,2.571821106053743,9.638104587239805,4.8613613079976,0.630644633248693,7.27821279414345,0.9566907907896154,0.6556425588286899,7.0,1
2.612402959756738,1.2517302775152062,2.7205910880759143,1.4004132102121511,0.5208509955019478,5.165839666296227,0.5057073251423158,0.23316793325924542,4.0,1
5.384541558389602,0.24000588768342385,6.756556557849581,4.166452876498006,0.9554268668779289,6.864072060355238,0.7844529473239438,0.5728144120710477,4.0,0
1.8060000261732028,3.320357316121836,3.787595925328833,0.08606585403029143,0.0,8.89709361417639,0.20298763894038058,0.979418722835278,0.0,0
3.4237484522653787,0.7695156745626766,6.086881713391334,3.3403961645438933,0.7752417605173318,5.579809101397657,0.6135959833120065,0.31596182027953146,1.0,0
1.2120253719989464,1.9157063568611272,2.993384052798474,0.0,0.0,4.174721388583644,0.2903248526508615,0.03494427771672885,0.0,1
6.4393589980019605,2.1917047202062054,8.912811811719946,5.569641876711833,0.6596393024699726,4.714113071982102,1.3659746594271782,0.14282261439642047,7.0,1
8.614483179421565,0.8301221288059766,9.282556236299424,8.191810594114925,0.9036364560106186,4.5966100470558535,1.8740948419018435,0.1193220094111707,6.0,1
5.119509548546893,0.4254990779852832,6.1779378572304715,5.103044360143122,0.9168867498047629,6.316417636026179,0.8105083994679789,0.46328352720523575,4.0,1
6.044581258063325,1.5660585660198176,8.870978079847454,3.4739066339061853,0.7409152926961262,7.723252848303137,0.7826470758873796,0.7446505696606274,5.0,1
12.510511274134911,4.285286583976433,15.16843661341297,9.920889146735904,0.6574651115309629,5.482221928909292,2.282014744453062,0.29644438578185833,1.0,2
10.023557458898987,2.7681101549478964,11.6974164069651,9.737637645345856,0.7238395483541277,4.729213854219216,2.1194976095141835,0.14584277084384317,7.0,2
7.490279643339415,1.7163460278130613,8.91674465672395,7.033555734673012,0.7708568825812413,7.203833831644634,1.0397629676626488,0.6407667663289269,4.0,1
4.414490501341903,0.17509869348396717,5.767692675705279,3.070783807568599,0.9603354694203688,5.505901044246213,0.8017743991158618,0.3011802088492425,4.0,1
11.763961585275943,2.701229766259868,11.940330569976991,11.206849066076996,0.7703809429605082,6.875851746561163,1.7109097198262722,0.5751703493122327,7.0,1
3.821165402567914,0.41515938420917664,6.498296714437615,1.613701992057643,0.8913526789679976,8.668932798363759,0.4407884443733547,0.9337865596727518,0.0,0
4.904112766200125,2.4414483197138686,7.358561291446131,4.729993529082958,0.5021630953226253,5.456734774632631,0.8987266137614851,0.2913469549265262,3.0,1
11.908777773075382,3.383777287222843,13.277531207258983,10.259649775917783,0.7158585581407655,6.562458072431343,1.8146824926933616,0.5124916144862686,0.0,1
7.354504663420869,1.9061340673265386,8.19282458157929,6.206129968079157,0.7408208771955662,8.034059568156081,0.915415749787479,0.8068119136312163,3.0,0
9.90781539301572,1.3473517266743598,10.936577212295312,8.512975941938965,0.8640112201097183,7.458590562488141,1.328376361459709,0.6917181124976282,2.0,1
8.088937529965193,0.2132290521791937,8.458419287583862,6.814666176878388,0.9736394240418728,7.757390873895929,1.0427394547289008,0.7514781747791858,3.0,0
8.841270508113942,0.11150043822718558,11.00663973203111,8.38179296050998,0.9873886407926488,7.8628468742805016,1.1244363078001531,0.7725693748561003,5.0,1
4.592599498177907,1.9351195634048455,6.2626090678424795,3.93175504225222,0.5786439544374389,6.6995801016702154,0.6855055732571904,0.5399160203340431,2.0,1
3.896464739519955,3.9750537181633554,4.5987750079946395,3.702041642788675,0.0,6.680310539511325,0.5832759894130591,0.5360621079022649,0.0,1
4.869908166023983,1.0982825045693567,6.738924882257052,4.524051440126769,0.7744757257987382,7.594447902242237,0.6412458454795849,0.7188895804484474,1.0,0
2.8652987690010696,2.583249776018196,5.802989411765994,0.0,0.09843615473342227,7.488241350567779,0.38263974608454826,0.6976482701135558,5.0,1
11.491772383489689,3.079376188558928,11.858957789918227,10.652411948457933,0.7320364443536065,7.350288320148426,1.5634451171104038,0.6700576640296851,4.0,1
4.3989631990013685,0.27373440375612645,5.774418230877352,3.477886580982676,0.9377729725453788,5.910673460713318,0.7442406061238389,0.38213469214266366,7.0,1
7.737872732972615,0.6889516911151969,9.220349195738995,7.356553741676252,0.9109636827988348,8.142713228024384,0.9502818675157995,0.8285426456048768,7.0,1
10.503693101696488,1.4907455703880519,11.004084743167896,8.238200488206234,0.8580741501151365,5.181014446854446,2.0273429478803333,0.23620288937088924,1.0,1
10.405889312508563,3.0154192836685674,12.000629945500508,7.633460881946718,0.7102199347782957,4.778659831763561,2.1775748178058274,0.15573196635271228,5.0,2
6.260635103010315,1.9756580050264358,8.078566878654584,3.8913834918103616,0.6844316954239233,5.725811095578508,1.09340580723049,0.3451622191157016,0.0,1
6.715087703040708,3.3038778069821038,7.187121319496194,4.877240214738192,0.507991860555142,5.26915620202478,1.2744142412138588,0.25383124040495597,0.0,1
12.936420987220298,3.9041903950793664,13.400592684246927,10.49672224038857,0.6982016587944796,7.315912561015782,1.7682580101017682,0.6631825122031565,6.0,1
9.095169723748288,3.412675244693443,11.664215870649556,7.882479024949713,0.6247815765567686,5.155089255749805,1.764308874691909,0.23101785114996093,3.0,1
10.775661317414592,4.465112432909621,11.709823627424726,8.197169252172529,0.5856298466161391,7.282449191754345,1.4796754544632438,0.6564898383508689,7.0,1
11.830647630630782,3.3946248092924236,13.721647791866674,9.435091081716237,0.7130651748511734,6.566113974203942,1.8017731152869758,0.5132227948407884,0.0,1
10.45107803475207,3.8348063775335275,12.331397261777713,10.445904101983114,0.6330707354033741,4.762250340376298,2.194567124315909,0.15245006807525954,4.0,2
3.222152139442811,3.7456486130925044,5.739664766190716,1.75876973469026,0.0,5.291981320605115,0.608874435534548,0.25839626412102296,2.0,1
7.746048804850867,3.2861959302602095,9.965732698545438,6.952199076613188,0.5757584269024654,6.608633921516114,1.1721104386840986,0.5217267843032228,7.0,1
2.2227298877745385,3.6081081749515076,4.7444591880893725,1.964031138671452,0.0,7.66552651961849,0.28996441171860465,0.7331053039236981,5.0,1
8.83506551876798,4.206074525403346,10.710709887719977,6.296477390524656,0.5239339746300071,5.99125822087338,1.4746594443195342,0.39825164417467607,6.0,1
12.464193138253732,2.1384332033683164,13.812564619795713,12.440344085350365,0.828433884195418,5.1641632108902,2.413593960773589,0.23283264217803995,2.0,2
7.152784771601336,2.8722916076064458,8.333484335540561,4.962294265435255,0.5984372940997345,5.475391045468944,1.3063514025213756,0.29507820909378885,7.0,1
6.195669914413206,2.3172287470774773,7.332759214397514,3.231093551421648,0.6259922205205242,4.4755859463669845,1.3843259829347,0.0951171892733969,6.0,1
1.4301130170179581,3.8296664423643283,2.6852923107454316,0.0,0.0,4.125747505451165,0.3466312504893753,0.025149501090232996,6.0,1
12.517294267950644,1.941118212921783,12.905222024411955,11.403572678126341,0.844925095522294,8.86564655998427,1.4118873545499036,0.973129311996854,3.0,1
2.2360322095619054,3.688770470151298,3.5079073225714064,0.41853334613776516,0.0,4.482049671829577,0.4988860841091828,0.09640993436591536,7.0,1
1.4929491196581632,3.5970955877571247,2.6612838412660267,0.0,0.0,4.624436725553251,0.32283912793283,0.12488734511065011,5.0,1
3.9527993380592616,4.3284874561586575,4.056514328013956,3.232043356733425,0.0,8.354820425398213,0.47311601408487014,0.8709640850796425,0.0,0
1.786365207020589,1.1201431466583844,2.611757472999609,1.0342609195599803,0.3729484081664193,7.31752617859629,0.24412146447056032,0.6635052357192579,7.0,1
6.461414108941148,3.193287794486605,8.7171350331618,4.6398800666806075,0.505791187401561,6.180362656226632,1.0454749127757674,0.43607253124532636,0.0,1
7.193053615085349,3.406137739413688,8.926890329314224,4.373414152522432,0.5264684622577678,7.245117028629247,0.992813999644427,0.6490234057258494,5.0,1
4.750839388343007,4.213253217620996,7.169341878611097,3.8555194610667165,0.11315603976027266,8.67492411765205,0.5476519821857376,0.9349848235304101,1.0,0
1.6115257908986327,4.08106088124989,3.2395899240409274,0.48126180121159345,0.0,4.49688655717853,0.35836478648234976,0.09937731143570598,7.0,1
2.3392044189907204,2.5808663776880176,4.901455715416523,0.0,0.0,5.218555135876661,0.4482475240913133,0.24371102717533227,5.0,1
5.6140525358791376,2.606189336387909,8.002253834684288,5.08538604025959,0.5357739672488137,8.301502017353705,0.6762694900444951,0.8603004034707411,6.0,1
1.7263414099184335,0.7528105278190322,2.021195120345175,1.4954369047925213,0.5639272026414514,7.903196726505535,0.21843583927610896,0.780639345301107,5.0,0
9.37827670731896,4.38733216090697,12.309295811366937,7.609010990677142,0.5321814126594255,8.971283607785955,1.0453662059217241,0.9942567215571909,4.0,1
3.4842464982977437,1.1475785821654207,3.52848883900173,3.4114455330328446,0.6706379463318455,5.569544075360962,0.625589177705166,0.3139088150721925,6.0,1
4.6248588254036616,3.2613129830308143,6.415372939192517,4.083559131579193,0.29482972212753666,8.724431985692727,0.5301042902263446,0.9448863971385453,2.0,0
5.72950932613717,3.5810775216239064,8.107043854087458,3.862881784065766,0.37497657865961354,5.718444156475021,1.001934996540907,0.34368883129500427,4.0,1
5.999315596829774,1.9854697707512146,6.9949980163824845,4.020778394755775,0.6690506210741107,7.575465955927466,0.7919401435809471,0.7150931911854933,2.0,1
1.0199284920976064,0.950371740130761,2.81563786898908,0.0,0.06819767513680641,8.413714738107933,0.12122213835918175,0.8827429476215866,0.0,0
2.3448444519843705,0.8503217289885904,3.431212044526715,1.1936003132962205,0.6373654003919156,4.853910476291809,0.4830835804321914,0.17078209525836172,7.0,1
11.353174764890536,3.8542320040571627,11.535019689913042,9.624582011624991,0.6605150467712082,5.028193275176001,2.2579034145208237,0.2056386550352002,3.0,2
1.0147967501428976,2.298404190368317,1.0401813074108903,0.0,0.0,6.904793240161733,0.14696989683055706,0.5809586480323465,0.0,0
7.0980082697545015,0.40561641917220015,7.382594360088066,4.68756213087955,0.9428548962248209,8.21912385017757,0.8635967043617614,0.8438247700355141,6.0,0
6.874024078086498,3.226587627432999,7.169252860446638,4.495771593456955,0.5306115325200933,4.394747676110558,1.564145335454196,0.07894953522211168,7.0,2
4.997129932127654,1.1257697376226332,6.829799264308904,3.002727635582811,0.7747167368243097,8.254404048779518,0.6053895475187602,0.8508808097559036,5.0,0
6.175924241757396,3.943776378378957,7.7535199346449355,3.4932264920719986,0.3614273388080401,5.715602647725483,1.080537717963144,0.34312052954509653,2.0,1
10.36697365031901,1.3930730371348887,11.733363550838437,7.852897889532755,0.8656239434840252,6.031133069862509,1.7189097853142452,0.4062266139725018,6.0,1
11.094444474579477,0.901218735405644,13.17020890138673,10.694706449925656,0.9187684667339052,5.699305478437781,1.946630956447792,0.3398610956875562,5.0,1
4.124182520983,0.38186299599720447,4.174660932020346,1.25414419701255,0.9074088030647617,8.557399523038438,0.48194343502132586,0.9114799046076876,2.0,0
4.869885291612758,2.3018901148694138,5.682835735859951,2.1946583846589967,0.5273214917743786,4.653971632914195,1.046393419584159,0.13079432658283902,2.0,1
3.9097942363399927,2.028319145182293,6.2419724302028765,2.9470126978161133,0.48122099973193777,6.871372405881717,0.5689975750686006,0.5742744811763434,7.0,1
6.758360806612782,3.380904650714143,9.488292126164136,6.697807550791663,0.499744871950893,4.740540403128959,1.4256519788655266,0.14810808062579178,7.0,2
9.199100291905754,2.090711642368664,10.514110080618499,7.387172451630892,0.7727265084599337,8.642973150474207,1.0643444254366374,0.9285946300948413,5.0,1
3.7390345055610466,1.5471718601596698,3.9834864459764456,2.423781774961882,0.5862108632967764,7.989656567678097,0.46798438379531765,0.7979313135356193,0.0,0
4.9688289046584,1.1774471203482484,7.3650151223438645,2.7201289169000042,0.7630332734451044,5.16909637130539,0.961256774441523,0.23381927426107793,1.0,1
12.164615411069805,1.25166035461487,14.820126710888006,10.590816117543937,0.8971064589945147,5.488891340440768,2.2162244898972556,0.29777826808815355,2.0,1
1.582831478163497,4.175315558225162,2.823812290244655,1.3533601724106565,0.0,5.907576639813388,0.2679324492375094,0.38151532796267756,4.0,1
6.529235262874795,0.7428537093951555,7.259301024635626,5.7951730021104675,0.8862265365717454,6.027088376477183,1.083315003038186,0.40541767529543654,6.0,1
9.538696499161334,4.446793910507176,9.67061150383017,6.891125230781745,0.5338153477366484,8.086714293160275,1.1795515648709318,0.817342858632055,6.0,1
2.805448138689689,1.4711375483650113,4.578696604374256,2.6923790515445383,0.47561406390776484,6.822666776545952,0.4111952452864739,0.5645333553091904,2.0,0
1.5684882400657822,0.3977560593787386,4.29809671175328,0.0,0.7464080066280531,6.13974657445864,0.255464654940433,0.42794931489172805,0.0,0
2.658464459662369,1.1191067135453925,4.692128536223346,1.782633935808072,0.5790401825843774,7.597223284681764,0.3499258031579268,0.7194446569363528,2.0,0
12.025878322368195,0.26286470799578415,12.977624116052398,10.667958913240703,0.9781417455798755,6.289324381719033,1.9121097263361722,0.45786487634380657,1.0,1
1.111117381853481,3.5551339612376216,3.0397823547233815,0.0,0.0,4.641200084423953,0.23940303405199745,0.12824001688479053,7.0,1
3.259863697736222,2.3064881064349745,5.756068920080298,2.5096196258146186,0.29245872824784336,4.537445921347642,0.7184358236423957,0.10748918426952833,0.0,1
1.3754021548197346,1.5164397849006042,2.802892332868108,0.0,0.0,5.629783398975858,0.24430818334324209,0.3259566797951717,6.0,1
2.327553610746439,2.979223220842031,4.786799080739955,0.24722695645281068,0.0,7.01435118807586,0.3318273562782535,0.602870237615172,5.0,1
8.441791439539555,2.837909366776441,9.617520469538618,8.18661300052723,0.6638261692317726,4.674206638241172,1.806037279241053,0.13484132764823437,0.0,1
3.8996669048690293,4.229424401524156,4.945183940656341,2.7778856773147673,0.0,6.750670853487037,0.5776710181114325,0.5501341706974074,5.0,2
7.830544605168122,4.325672325367709,9.579510482803784,5.597412701549247,0.44758984930463386,5.3480482240436675,1.4641873590375807,0.2696096448087335,4.0,1
8.082344593193515,3.0630769904943236,9.476403846276959,5.91743191367012,0.6210162836816101,7.4770670780414585,1.0809511950119621,0.6954134156082917,0.0,1
11.193223997077348,3.6801716725987585,14.124559758460599,9.559413965361632,0.6712143281006719,4.141313505881853,2.7028197650768915,0.02826270117637062,1.0,2
1.056896714942487,3.5659129515083032,2.606064985527011,0.0,0.0,6.345117157402865,0.16656851067113912,0.469023431480573,2.0,1
11.240433512108401,2.210865897149549,12.395949598856467,10.917498832988871,0.8033113318300434,4.261320745071163,2.63778161385988,0.05226414901423269,1.0,2
8.429429037123688,3.170062296150376,9.614229666509296,8.074795233590098,0.6239291792849504,5.652538876376602,1.4912642303713144,0.33050777527532044,4.0,1
2.952921833259491,0.35216553457606586,4.596741685098841,0.9804539323704566,0.8807399740116592,4.0778757214343955,0.7241323755253627,0.015575144286879094,4.0,1
10.275248657623408,3.4110948741763814,11.339984771647995,8.195247053938022,0.6680279973910292,6.345493802889656,1.6192985095886772,0.46909876057793126,1.0,1
11.26589850148703,4.328248532365654,13.434618307381838,8.822317935523818,0.6158097348565361,7.835079342390058,1.437879312917132,0.7670158684780116,0.0,2
4.051161805049888,0.38238638906582295,5.19315058815481,3.5080511717301164,0.9056106846709584,4.501100188729723,0.900038131831317,0.10022003774594453,5.0,1
12.02552417083217,3.762521030663345,13.1779573304079,10.475209192538856,0.6871220765753134,7.676113459970136,1.566616261411925,0.7352226919940271,3.0,1
6.453489163583894,4.1984101199217205,8.304408911714308,4.470995272177147,0.34943562877385126,6.920976335461656,0.932453580359399,0.5841952670923313,2.0,1
8.241093451999857,1.0178500041092793,8.423634070087887,7.569994730512812,0.8764909037814298,6.5230263656801,1.2633849673456945,0.50460527313602,2.0,2
12.815794403411724,2.3616503442414167,14.781859157757163,11.265010806629752,0.8157234526474054,6.997416311401208,1.831503776976992,0.5994832622802416,0.0,1
5.338432943670393,4.175362014583448,6.8533495951464545,3.4230978704986046,0.21786747934446948,5.679485658645977,0.9399500702222225,0.3358971317291955,6.0,1
10.757912149841355,4.321017020353356,12.11699049270128,10.114563615408313,0.5983405552891528,7.551697768841447,1.4245686836447367,0.7103395537682895,6.0,1
4.820789413941515,0.5754707295854236,6.97854838606537,3.694099183191091,0.8806272831745798,7.898329209603862,0.6103555936969232,0.7796658419207724,4.0,0
10.590562266897892,1.5705190149995278,12.865329612912475,9.941545836490768,0.8517057947047459,7.891119327934387,1.342086189142716,0.7782238655868774,2.0,1
8.20880702635171,3.141650885178855,10.747589616589089,5.499978313065914,0.6172828920093255,5.347298946968442,1.5351314949401793,0.26945978939368836,1.0,1
3.596268342704817,0.9970132472366864,4.72067770515716,2.885871696914842,0.7227645013589795,7.269535048449263,0.4947040379799769,0.6539070096898525,2.0,0
5.968313125470837,1.4614678288551637,6.949426202230979,5.605809247513446,0.7551288281745657,4.7404786287263825,1.2590106596629325,0.1480957257452765,7.0,1
4.81162761236274,0.10480977002111974,6.954653916846298,4.706161677781308,0.9782173978402179,6.477098067981335,0.7428678031213353,0.495419613596267,0.0,0
1.9373007169643666,0.6908475641903951,3.682715294385704,1.802440299730316,0.6433968365670604,4.013146300297588,0.482738622516879,0.002629260059517513,6.0,1
1.3580172411963698,2.5304827248798474,3.2534218802518198,0.783258536295919,0.0,4.967933795041706,0.2733565496689493,0.19358675900834116,2.0,0
5.1577438648861715,2.938905298368822,6.8243125862036775,3.3331183309653145,0.43019557090129323,7.1586705791630285,0.7204890639749483,0.6317341158326057,2.0,1
1.228409773809839,2.920103239931266,3.5464888434214026,1.175460150276471,0.0,8.371807526015647,0.14673172669014642,0.8743615052031295,6.0,0
2.9858530909813004,3.502622118501975,3.5559757564577597,2.125621316709859,0.0,4.245141492930122,0.7033577316454478,0.04902829858602438,7.0,2
9.702199850210425,1.8687663618245616,11.369336248434616,9.527699176240526,0.8073873564061834,6.792763960871651,1.42831399796872,0.5585527921743301,7.0,1
9.497094828203055,1.2307082230851998,9.971400195033944,8.286118517305553,0.8704121370431697,7.183875100525152,1.3220016627946112,0.6367750201050304,2.0,0
9.862964637488592,0.07011315019136244,11.084720455361568,9.717234423999018,0.992891270244966,8.661954905913731,1.1386534269250121,0.9323909811827462,4.0,1
4.805838053559745,0.929834217235741,6.797819523807969,2.9832127236972608,0.8065198604545151,7.275718973224783,0.6605310171057467,0.6551437946449565,2.0,0
11.680233485412346,1.4057451549091677,13.159448310354858,9.6149606888553,0.8796475124692645,4.515163512353692,2.5868904754954496,0.10303270247073844,1.0,2
8.125966576341371,0.8019308541620949,9.264741186357915,5.93195392741008,0.9013125581273119,4.733721212722402,1.716612831888353,0.14674424254448049,3.0,1
2.5123161009595183,0.09065012173471015,5.167226105206336,1.839285905020753,0.9639177085637876,7.178820644434989,0.3499622327111713,0.6357641288869977,0.0,0
2.7246239374664096,0.7085142389933621,5.043101080958845,0.11912345158117965,0.7399588878117984,5.0780983838161635,0.5365441414348632,0.2156196767632327,1.0,1
9.317145123156418,2.9974479910540754,10.896017478157543,7.246280621163639,0.6782868623990463,8.641527374386442,1.0781826776100383,0.9283054748772883,4.0,1
3.0753272373049367,2.833134374126681,5.9254867043314,2.9053765794054756,0.07875352588185103,8.60343600392943,0.3574533751283033,0.920687200785886,5.0,0
7.08751241898452,4.210576377291191,8.360608287289502,5.765212292880239,0.4059161905645774,8.743279300786067,0.8106240433549132,0.9486558601572135,2.0,1
12.901293711144529,3.5917573112878918,15.265512493908847,10.598024231027086,0.7215971210557572,5.4647630390609665,2.3608148457543026,0.2929526078121933,4.0,2
1.048091256800074,2.5549025257853604,1.5518999762043277,0.11540947663938472,0.0,7.5847495398015825,0.13818402984833328,0.7169499079603165,6.0,1
1.198957622770683,0.619003563719451,2.056335054102474,0.05428130104888873,0.4837152273247244,7.315069534674247,0.16390242322201995,0.6630139069348495,7.0,0
12.917014983166078,2.538323185163206,13.931271727167942,11.02820350127645,0.8034899558085795,4.178018906688861,3.0916602513421836,0.03560378133777213,4.0,2
8.015666009609987,0.27717777411381345,8.333128267723557,7.849223369262294,0.965420493595728,5.327825381731398,1.5044911263599097,0.2655650763462797,1.0,1
2.5229197062221576,1.9389820383488376,4.028334151450361,0.0,0.23145313203316853,5.0338336483973425,0.501192507031971,0.2067667296794685,5.0,1
11.767626397049124,1.7561638302623794,12.344406799428612,11.244183365219941,0.8507631215499194,5.8540430086917,2.010170813500571,0.37080860173833996,1.0,1
11.564563601532306,1.9251621421332374,13.467121269881282,11.484547602593526,0.8335292010605438,8.765268582726124,1.3193621498744266,0.9530537165452249,1.0,1
7.434404957336502,1.2592166327765424,8.004682036055558,7.418436011215242,0.8306230774348782,8.228008194791691,0.9035485601536545,0.8456016389583383,2.0,0
8.461504358329078,3.0862370143072066,8.832023130346904,7.2628412333308905,0.6352614282743623,5.467122956841385,1.5477069795440799,0.2934245913682769,2.0,1
4.278246298010516,3.7842501028445077,7.185506480807289,1.625486201584383,0.1154669836086174,6.650157655496615,0.6433300561640638,0.5300315310993231,1.0,1
1.6062363564640618,3.458326466695399,3.5809572738973805,0.0,0.0,4.961330607933309,0.32375112311516674,0.19226612158666184,0.0,1
8.134811306690372,2.8248844310589614,10.944164050815838,5.3986739119412865,0.6527412469007522,5.3871699614796915,1.5100342786393148,0.2774339922959383,7.0,1
4.537062318433156,2.42255159699856,6.006725694412852,2.935715360446459,0.46605282736447584,4.325016245074423,1.049027809687472,0.06500324901488455,5.0,1
8.963452559924223,0.13987881003613667,9.063659949114346,7.617213858298729,0.9843945389233678,7.2130325045841825,1.242674638472456,0.6426065009168365,5.0,1
11.034942122111215,3.2532029941136456,12.758055633405547,9.87735919379083,0.7051907515133173,7.284603872481645,1.514830773955584,0.656920774496329,0.0,1
1.2179265269723687,2.4524232281032385,2.892913187479494,1.078672299598451,0.0,8.192508104017218,0.14866345098580436,0.8385016208034436,6.0,0
8.148565296228728,1.218334727987491,8.19349211403851,5.420001527313268,0.8504847560648064,8.35775906713627,0.9749701122959961,0.871551813427254,2.0,0
3.775366476242227,1.4752891748404875,6.359092609447722,2.2868381993880447,0.609232856167939,4.800296995968614,0.786486019388562,0.16005939919372275,5.0,1
11.486661974845617,4.210230539113836,13.346574016694891,10.121459681691087,0.6334678822852343,7.715204730814936,1.4888343700028182,0.7430409461629871,3.0,2
4.043974078741941,2.809630103027522,6.27804758687038,2.4984716176995896,0.3052304371096308,4.673538164136661,0.8652917632671094,0.13470763282733228,1.0,1
8.32924159882502,2.1416059559588776,9.811004917297563,5.946778044482418,0.7428810377812805,5.868575058729054,1.4192954022860989,0.3737150117458109,2.0,1
7.642490081075337,2.7941478286878345,9.497697394800126,6.969076823127645,0.6343930055458202,6.5776828577961055,1.161881812531777,0.5155365715592211,1.0,1
5.753998000710987,1.8618404624354565,6.526407680396559,3.624295963726217,0.6764266407104417,4.2473495704353805,1.3547267314098579,0.04946991408707611,6.0,1
9.131449163197528,2.115820229413573,12.05272246650347,6.9991399406354295,0.7682930505772335,4.783818557727272,1.908820130405564,0.15676371154545432,3.0,1
9.709235616585207,1.3063916551845167,10.911395639228203,7.160577269810659,0.8654485577677244,5.355580499950191,1.8129193682506513,0.2711160999900383,6.0,2
7.803253543832642,1.9793398526624002,8.290233407845529,7.777202748441032,0.7463442855542243,4.637711648170947,1.6825654839731452,0.12754232963418932,6.0,1
10.10106684621705,3.085165045970597,10.268813101340932,9.589880216511654,0.6945703762839643,8.670481361031666,1.1649949323015631,0.9340962722063331,1.0,1
12.801004911915252,0.17973866288911144,14.709520711171365,11.387864355780986,0.9859590193015386,5.441595940435581,2.3524357655431825,0.28831918808711626,2.0,1
6.0312686548096615,3.577623332832697,8.98140820833903,3.4796474924252263,0.4068207639897278,6.505858322544569,0.927051951609471,0.5011716645089137,0.0,1
7.17499662262637,1.2734079338759077,9.862380113165216,4.279646037742419,0.8225214587752958,8.98267118962843,0.7987597977437673,0.9965342379256861,0.0,0
1.1496385352945588,3.0715190704462487,3.2559522377537995,0.0,0.0,6.8332133846562195,0.16824273889588148,0.5666426769312439,7.0,1
10.55234267572454,2.89226391606027,13.524136462703122,9.91594074945548,0.7259126238656117,6.057478874960424,1.7420354067340407,0.4114957749920848,5.0,1
7.242760804551926,2.936826221135874,9.411245590678245,6.689006717077989,0.5945156411502449,8.648962029621426,0.8374138746067485,0.9297924059242852,3.0,0
5.895537164326782,2.736580123151113,6.9132905345309705,3.97720530236798,0.5358217501011029,5.112488776833043,1.1531638350077322,0.22249775536660862,1.0,1
2.1288635570727497,4.3159582713129065,3.9325179562532693,1.4986561158945357,0.0,4.897503704193539,0.43468339906509673,0.17950074083870787,4.0,1
11.675877060104767,2.2875487321292587,11.915176987561452,10.016614788342109,0.8040790665785982,6.676821845203918,1.7487177778289473,0.5353643690407835,4.0,1
5.740086880486677,3.2954360198190815,6.4051343511543,3.2356510930549707,0.42589091621211217,6.136508689156951,0.9353994545187003,0.42730173783139025,1.0,1
9.190979178510645,3.1745219905555992,10.443599886296122,8.021520233124374,0.6546045933845739,7.984930386577325,1.1510406144505265,0.796986077315465,0.0,1
2.792489876417809,1.0632040977524866,3.397945357106945,1.6570733071920216,0.6192630430888584,4.210050206521836,0.6632913479492315,0.04201004130436718,3.0,1
12.53859555449239,1.2748762763407153,15.399098598976902,12.43017454381917,0.898323837721686,7.0886291220560995,1.7688322154531757,0.6177258244112199,4.0,0
3.141301141861971,1.9080769417063554,6.128093722095919,2.379047406588306,0.3925838830672044,7.553395714489382,0.4158793290593973,0.7106791428978765,6.0,1
3.3945039147938845,1.2496406870844416,4.507311675158881,1.2999295359360614,0.6318635304445303,8.859583804119834,0.3831448508016134,0.9719167608239669,3.0,0
11.307794326692566,1.6503439451848188,13.435481284924162,10.226620591295976,0.854052532482917,4.728816001199178,2.391252762599566,0.14576320023983555,0.0,1
11.950992929703174,1.7593227626773769,13.174305121692896,11.476096177833409,0.8527885697007878,5.231216093547339,2.28455347972427,0.24624321870946772,7.0,2
3.545768890279617,2.717390524222548,3.964296503438236,3.228465688998636,0.2336244667067806,8.662216157846212,0.4093373826821291,0.9324432315692424,3.0,0
6.637610658097935,0.9895051923077773,7.6483912012042605,6.352450523645808,0.8509244902605769,7.153144227416503,0.9279290962228001,0.6306288454833006,5.0,1
9.801938854753958,3.6193133964450928,10.502053950900947,7.824538555400272,0.6307553587023531,4.190245163677558,2.33922800978817,0.038049032735511544,0.0,2
11.54038880572962,1.9689136054717706,12.52462346695188,9.702524369348975,0.8293893179323182,4.386720011278895,2.6307557300346507,0.07734400225577893,0.0,2
5.5486323404476625,3.1780985025746107,6.193697405640812,3.9930693236414077,0.427228493874546,7.927202803138342,0.6999483270758489,0.7854405606276684,0.0,0
7.204233842193151,0.36649116558368044,7.54126919936789,5.703254497715733,0.9491283634579925,6.837372492282078,1.0536553113531815,0.5674744984564157,6.0,1
9.900596926236819,2.114844273559651,10.552882214324057,9.441186368173204,0.7863922459104195,6.82707740809437,1.4501954986621948,0.565415481618874,1.0,1
9.773631719833546,0.1269878947979774,12.490902815323075,8.271819045553285,0.9870070923032345,8.399328216556427,1.163620645347344,0.8798656433112854,6.0,2
10.395521560313018,3.0415949631700414,10.651186587642604,10.215708230511877,0.707412952248405,5.205489596856141,1.997030513055179,0.2410979193712283,7.0,2
7.839205823698316,1.5466953464868132,8.81347575496402,5.061630447890253,0.8026974439411867,4.8021549091101,1.6324350155440988,0.16043098182201998,5.0,1
2.2553811616573025,4.271637663476229,3.8407308451652087,2.081298499649482,0.0,7.069029738110403,0.31905102188184886,0.6138059476220805,7.0,1
11.84767949053648,1.4585589657063873,12.911217459071551,10.577088905854724,0.8768907475196781,8.412115488269418,1.408406661446566,0.8824230976538836,7.0,1
11.386870471852339,2.537126541079771,12.939691756909,11.385157302642822,0.7771884252700164,5.326253223338091,2.137876288336872,0.2652506446676181,5.0,2
10.577169229819997,1.158244090625766,10.707429410523059,8.218717913470265,0.8904958344279533,7.4064718239567595,1.4280982202088979,0.6812943647913519,6.0,0
2.198349725928754,2.7905068302630314,4.144058626021887,1.6998391603218637,0.0,4.761895159291371,0.46165437339361654,0.15237903185827423,4.0,1
3.4527684049771503,2.1016905755995556,5.143204809645331,0.6780203515121159,0.39130276662344976,4.859543479145745,0.710512915419806,0.17190869582914897,1.0,1
9.923204381291823,1.667827176775348,11.966103178855898,9.79127113771013,0.8319265518787766,8.507550289313688,1.166399732453693,0.9015100578627375,0.0,0
1.2776811349833572,0.9166020708608095,2.9794545824650682,0.0,0.2826049898022882,4.589824974531877,0.2783725179223571,0.11796499490637533,3.0,1
12.750695604487355,0.5018460478715489,14.064406351764344,10.78078216604059,0.960641672937833,4.1217276832759735,3.0935317867368246,0.024345536655194698,3.0,2
5.525736164268169,0.5394561028050298,6.576160791150416,4.776529007610497,0.9023738943069,7.874702240553921,0.7017073148253385,0.7749404481107842,2.0,0
9.631750404289884,4.495680078774989,10.311055974589213,9.024491576598098,0.5332437106372006,5.812547742625902,1.6570617276235227,0.3625095485251803,0.0,1
11.65085306185652,1.855398270857556,13.151056242276358,10.577819261725452,0.8407500068014844,5.983292761010654,1.947230985884191,0.3966585522021308,4.0,1
5.735558657800987,0.008683685430027566,5.813716014933508,3.250350008274922,0.9984859913483377,7.999287724540977,0.7170086706851279,0.7998575449081955,3.0,0
4.829589863195992,4.288179557817064,5.81431234749397,2.2437202181896256,0.11210275007092396,4.899678957886741,0.9856951658887915,0.17993579157734824,7.0,2
8.30489354677896,0.08990965903415693,10.338510427472547,7.7790374082059826,0.9891738938581545,7.251634707605178,1.145244332022016,0.6503269415210357,7.0,1
7.9718724849766085,1.8836375649954016,8.298023604035686,6.911528365923616,0.7637145390188804,5.567641644188172,1.4318221240582378,0.31352832883763443,4.0,1
5.909679731497565,3.2286491368679515,6.098353458456151,5.197205579790804,0.45366766329826425,4.521342303234221,1.3070631098358192,0.10426846064684411,6.0,1
8.2212970704125,4.115696599672927,10.177832886286597,7.853368527498807,0.49938597712460187,7.437480244850439,1.1053874161352912,0.6874960489700879,2.0,1
12.224576434797937,3.2079883114444545,13.417900598224987,10.285228272211153,0.737578775955563,5.593320672754681,2.185566884148875,0.3186641345509361,7.0,2
6.611683079519158,2.086315897050053,9.0171581891673,5.5740700098125515,0.6844501056753944,8.333020521400353,0.7934317529327376,0.8666041042800707,7.0,1
3.360906169007576,4.384989175428466,6.172840080921548,2.6847540346785737,0.0,8.595178251159505,0.3910222767694415,0.9190356502319009,1.0,0
5.526471794596047,0.17693722364971692,8.397593155793778,2.928478474090118,0.9679836919057957,8.245258809604763,0.6702605609126971,0.8490517619209527,5.0,1
5.729283791117423,4.441014911421036,7.00606235279996,3.4843299984067233,0.22485688031263085,5.611758737177309,1.0209426419495768,0.3223517474354619,3.0,1
2.5733043163146383,3.822261982687975,3.366285989139735,0.25202087022561104,0.0,5.182913121798281,0.49649767531156225,0.23658262435965619,2.0,1
2.954458006654659,4.180185077068616,4.780299222882093,2.8368703331048186,0.0,8.464003212039,0.34906154128726075,0.8928006424077999,3.0,0
9.214744880724126,1.146475908438915,11.099323658508835,6.469353533030928,0.8755824579758934,6.264734919382306,1.4708914262620847,0.4529469838764612,7.0,1
5.073733050506832,0.6410613252792139,6.940767858734523,3.3495179165841265,0.8736509550467626,7.538698617790079,0.6730250548196294,0.7077397235580157,7.0,0
12.458780702269692,2.9849187571771503,13.424116543426337,10.947372288216137,0.7604164622117981,8.135821007053172,1.5313489187469618,0.8271642014106344,2.0,1
3.923160944303289,2.32136747093754,4.114416153555198,3.891404906219946,0.40829155268066886,5.388433274339112,0.7280708036204572,0.27768665486782246,3.0,1
2.1870940612578678,2.3542558233497073,2.8171085777346647,0.0,0.0,4.595487139673951,0.47592213725856314,0.1190974279347902,4.0,2
10.042054756003095,4.160786303174479,10.505313040069796,8.410383344545092,0.5856638502506492,7.124137816716429,1.4095817647491211,0.6248275633432858,5.0,1
11.572432623014441,2.79036407993968,11.944133660364372,9.096972235992835,0.7588783472897134,6.950961278816125,1.6648679454283244,0.5901922557632251,3.0,1
4.337360282457855,1.3997872579706545,7.116210245672574,2.3708274002429737,0.6772720809862177,5.351000363292879,0.8105699846726876,0.2702000726585759,3.0,0
3.4250572197457356,1.8002995038804421,3.4666001576676395,1.0349763792130946,0.47437388972611383,6.923533606926711,0.49469785433251984,0.5847067213853421,7.0,1
3.229193618453046,0.6007312579133306,5.034766836162011,1.1503983727796387,0.8139686470081926,7.951786272391715,0.4060966313524645,0.7903572544783429,2.0,0
7.264147616398148,0.865413181240602,10.106569003618558,4.501255909390668,0.8808651438625764,5.750054911720637,1.2633179557279108,0.3500109823441274,2.0,1
6.6209996949612515,0.6450753159429232,7.701159077443635,5.944547135942602,0.9025713116353348,5.211588594627861,1.2704379048235352,0.24231771892557213,2.0,1
4.11327807825441,3.6463110354510953,5.694572345771798,3.506977764055689,0.11352673802241109,7.625006068047781,0.5394458760486636,0.7250012136095562,2.0,1
1.5420774038731166,3.1719306058745347,3.6294283942985954,0.0,0.0,7.929360083408974,0.19447690452344168,0.7858720166817947,4.0,0
6.777896083915369,2.3865525792488334,7.729405167890086,5.273711682164962,0.6478918310783248,8.7714471893446,0.7727226690880654,0.9542894378689202,5.0,0
12.511988171627301,1.6846552513240685,13.944944134749049,10.71450466062269,0.8653567100435515,4.737929114587356,2.640813711860908,0.1475858229174712,1.0,2
8.830230409031959,3.008224306459577,11.281538960030215,6.704603001458278,0.6593266350804812,8.446320509440973,1.045452916351193,0.8892641018881946,7.0,1
6.946078679543421,3.658074064630924,9.182145675384211,5.3037940885434125,0.47336126850907245,7.8254940559495125,0.8876217437367426,0.7650988111899025,2.0,1
2.3283048883553934,3.9655494705226904,4.753653122833915,0.0,0.0,7.509499539654439,0.3100479434162844,0.7018999079308879,0.0,0
4.029235486595047,2.4615730269285008,6.991255977478015,3.0726334187874893,0.3890719380592267,5.565268145951891,0.7239966486656827,0.3130536291903782,5.0,1
4.537287394894513,3.689483048188654,5.648269819703049,1.9603160640954362,0.18685268816337985,4.1109647559407705,1.1037037932124476,0.0221929511881541,1.0,1
10.177642631286812,2.3008767903571274,12.418916420094131,9.85461357251001,0.7739283178126077,6.537752470597211,1.5567494604697236,0.5075504941194422,6.0,1
11.520529567175432,2.1353854013455087,13.32888326848138,9.618517636291871,0.8146452045546847,5.428846882428581,2.1220951367156173,0.2857693764857162,7.0,2
11.819702242797261,3.894443350299451,13.81951654446085,9.149304720216868,0.6705125670426543,5.449105094633456,2.1691088788942388,0.2898210189266912,5.0,1
12.81482329900905,1.7386827131909879,15.034445013507852,12.056740915303935,0.8643225370633525,8.635692885963268,1.4839368963477932,0.9271385771926536,6.0,1
12.78840019725439,1.7816070556831602,15.037594148093334,11.807896172482652,0.8606856973348658,4.764844460266046,2.68390716714819,0.15296889205320915,3.0,2
12.435989593215776,1.3721010537821225,15.093225041100235,11.51966425773756,0.8896669184629548,8.67116189795277,1.4341779959329175,0.9342323795905539,2.0,1
1.8618656860346126,2.334157777325775,2.909830711742779,0.16907455070951127,0.0,6.5190335500537,0.2856045565249892,0.50380671001074,4.0,1
2.6535224311336623,2.451825151602573,4.613966499469394,1.4149069844382167,0.07601114547387422,8.191396380304685,0.3239401816171131,0.838279276060937,2.0,0
4.653598317712395,2.9720751538970562,5.494469612502963,4.329720462727687,0.36133826966009774,5.417937857209552,0.8589242697791256,0.2835875714419103,7.0,0
7.634779048773538,1.9372603954930674,9.418485164124464,4.9609173835041585,0.7462584859211778,7.1696033204236755,1.0648816548922226,0.6339206640847351,3.0,1
2.1637346644657516,0.9802678134761971,4.417260084981535,1.5497047769897292,0.5469556274275269,6.7829419786170835,0.31899648725978,0.5565883957234167,3.0,0
11.14956349362571,3.9007892808624414,13.522566752110631,9.54732346066012,0.6501397312018042,8.620830447089169,1.2933282428017558,0.9241660894178338,5.0,1
8.401074148927709,1.5570039025710647,9.661447657895078,6.616659461115924,0.8146660921008777,4.896492134212105,1.7157332062741129,0.17929842684242098,1.0,1
7.508372827626459,4.153245389280786,9.03453349723054,7.386117296683834,0.44685147040124984,5.022849448712398,1.4948432964781022,0.20456988974247955,4.0,2
2.983735880407494,0.9330899986190508,3.9852854339180124,2.696598897444482,0.687274599355082,8.744821997267723,0.34120029902721266,0.9489643994535445,6.0,0
4.039065692802368,2.520258643063037,4.54617473242126,1.1239965615137133,0.3760293011440372,4.489823103930525,0.8996046390483513,0.09796462078610499,6.0,1
2.9237442997870966,2.414767920882535,3.7052965153646933,0.9302072793389493,0.17408375244771734,7.173412345219982,0.4075806825374174,0.6346824690439965,1.0,0
11.223197893537584,3.728915315671479,13.959608908237058,11.122502362398304,0.6677493036259637,4.3028205660762655,2.608335095825759,0.0605641132152531,0.0,0
8.010734320734619,0.6248312403787339,8.937642947962566,5.628136658775622,0.9220007535686898,4.3849540406030165,1.8268684794773782,0.0769908081206033,1.0,1
9.8215531302356,4.094717278128576,12.74583113087243,8.295924702403143,0.5830886190980313,6.985743714508609,1.4059423780230202,0.5971487429017218,6.0,1
4.552394354920309,2.391426774774316,5.276828610566454,4.326795638684882,0.4746881336873596,6.756839810770294,0.6737460828453955,0.5513679621540588,2.0,1
5.455031645059326,2.637492227614649,7.62424490750246,3.412775350915952,0.5165028547536565,6.865130993767964,0.7945997898672729,0.5730261987535927,0.0,1
5.8582595731184055,2.295748319839952,7.579969453833913,4.360204155513,0.6081176856050603,6.368260482749714,0.9199151933227614,0.47365209654994284,4.0,1
10.120179660928418,0.1621120807631991,12.210789809502813,9.505420257595649,0.9839813040682396,7.711796702908024,1.3122985538651741,0.7423593405816048,7.0,1
10.268235852094817,2.2369079781296914,12.20010969192236,7.635129035828358,0.7821526491648182,8.960942681824493,1.145887906740204,0.9921885363648986,1.0,0
3.4817623301683804,1.1859734820464574,5.6020080809611486,2.607622755267618,0.6593755203305038,5.378906231951778,0.6472993170035232,0.27578124639035567,0.0,1
12.298466280857188,1.5420968117002416,15.015107426163564,11.444796374497264,0.8746106403445976,5.617198336574742,2.189430663464262,0.3234396673149485,1.0,1
2.4478640493242367,2.9209571963421297,4.138272537511681,1.6295433039474005,0.0,5.615247711716074,0.4359316231440386,0.32304954234321476,1.0,1
11.753464989083565,2.2396370826334766,11.95701133779555,9.451097657816412,0.8094487808732475,7.816344731529262,1.5037035075580665,0.7632689463058524,1.0,1
2.2047477477977115,0.419481957003572,3.01722405113841,0.0863917366561151,0.8097369835517074,5.740077505618641,0.38409720872925623,0.34801550112372814,1.0,0
4.174477733815733,0.32868573642791515,6.2991346750420245,1.4650406774046605,0.9212630280033914,7.383685337913253,0.5653650640258062,0.6767370675826505,5.0,2
11.157742432815484,0.8354596302781665,12.639966316742504,10.469724774062644,0.9251228789955719,6.229437785059644,1.7911315302924489,0.4458875570119288,1.0,1
3.1539048681530493,0.8589831595750065,4.79956081601211,0.7948110815246241,0.7276445563565671,7.039023335115062,0.4480600103169703,0.6078046670230124,4.0,0
5.962815175719638,2.7373534063711418,7.752556541860512,4.24367844613535,0.5409293553961654,8.145076864024496,0.7320759859316295,0.8290153728048992,3.0,0
6.3983115993295145,0.8001650882049426,7.546199418283225,5.472272770371511,0.8749412128836,6.570293437771029,0.973824329145966,0.5140586875542057,5.0,1
3.9431076762785158,3.9677374047364675,6.264794251542082,3.836745279055264,0.0,6.375866004233528,0.6184426827132693,0.4751732008467055,5.0,1
9.522942416031839,0.9439229727603591,11.693547067721484,7.066099766478509,0.9008790632639689,5.334872918026515,1.7850364127426266,0.266974583605303,4.0,1
11.216015792826447,0.41009150441872183,13.358914029405788,10.492801678286378,0.963436971559811,6.57952290909892,1.7046852709207307,0.5159045818197839,7.0,1
11.494901678266862,3.940857073618411,13.640832200371696,9.599672569622104,0.657164786274832,5.312061364548019,2.1639248663395128,0.26241227290960384,1.0,2
5.071865748838731,1.3289740923452984,7.742939753801474,3.4252619406592935,0.7379713584395281,8.217851028589793,0.6171766476654028,0.8435702057179586,4.0,0
7.370204731453773,1.914401834251811,9.156383069783598,7.356856115513422,0.740251200067519,5.944320134307919,1.2398734531332347,0.3888640268615838,3.0,1
3.980876846387818,4.31561872805599,6.882093444878693,0.9978459565685305,0.0,4.6455381591747695,0.8569247975125832,0.1291076318349539,4.0,2
3.937558018601745,4.249661486209982,4.295136071773658,1.4945699512013588,0.0,5.1998376396318005,0.7572463394992777,0.23996752792636009,1.0,1
2.9350487542230894,3.2171260016921304,4.830925684004683,1.4756349423130433,0.0,6.672907337336281,0.43984557342807556,0.5345814674672562,2.0,1
12.280228129690176,0.3102252827964962,14.431007767497562,10.239204018963026,0.9747378241250699,8.581437579148762,1.4310222519742801,0.9162875158297524,7.0,1
11.65586594326696,2.6700305643512885,13.087527176130038,10.226083233494641,0.7709281680702893,5.502807492873898,2.1181671280271455,0.3005614985747796,6.0,2
10.328304559932306,4.45085070769016,11.192929719303116,8.094545746096113,0.569062794201788,5.3219310204965575,1.9407062061034819,0.2643862040993115,3.0,2
7.211938255452749,4.261123027907912,8.862050613586046,6.808952617996066,0.40915702866893044,6.032799174050677,1.1954547213296922,0.40655983481013536,0.0,1
6.887294986142463,0.4770112163397429,7.981538027014571,5.548242000440371,0.930740411540451,8.838772391460733,0.7792139769088724,0.9677544782921466,5.0,0
7.356947994189976,1.7818528639066589,10.084320207393425,6.350336462971395,0.7577999918833398,8.226098372306769,0.8943423311052545,0.8452196744613538,2.0,0
7.438816162925072,1.419915356562777,8.509193400524836,6.059850432442968,0.8091207894557726,4.748339755373458,1.5666141317092859,0.14966795107469152,2.0,1
6.214757016372284,0.5837764810720749,6.741877994478671,4.863339057791191,0.9060660811783692,7.0687664355013204,0.8791855089680198,0.6137532871002641,0.0,0
2.5810579947048096,3.126592400619424,4.3102254152011685,2.1517761453672266,0.0,7.959321016720173,0.3242811779148965,0.7918642033440346,2.0,0
2.507966234422432,1.2323176396210653,3.69594400856354,0.0,0.5086386639870931,7.840051706851188,0.3198915425813831,0.7680103413702376,1.0,0
12.4269965901482,1.55189611406384,12.714691024550723,12.380520161783815,0.8751189716029903,6.444227458773079,1.9283919864172803,0.4888454917546158,0.0,1
6.784369115036206,0.4066149451563808,8.478896168029932,6.7541502805840095,0.9400659164821679,7.65915692837021,0.8857853649539793,0.731831385674042,4.0,0
12.438466298862267,2.240854014503995,14.05200553235937,11.318142343261293,0.8198448296870038,6.917933052964918,1.7980032769370808,0.5835866105929837,7.0,1
2.9629225325213198,0.7117553864342542,3.482513792420905,1.1017934844808672,0.7597792792008703,5.0072249142610135,0.5917294675704816,0.2014449828522027,1.0,1
7.652998624479203,1.9444069061077012,9.445913131358731,7.114038944034418,0.7459287526998581,4.280268203182543,1.7879717487770757,0.05605364063650864,0.0,1
3.492607040218471,0.6450399994648568,5.194683961790938,1.8930250285059875,0.8153127471722361,5.847498400251686,0.5972822566429677,0.3694996800503372,0.0,0
4.038215273519219,4.292324504775656,6.359053142643992,1.8698993696287824,0.0,4.309695009737699,0.9370072045457799,0.06193900194753983,4.0,2
1.3606549451341454,0.6524213993871417,2.4453647346620486,1.078473118013692,0.520509294644999,5.97506701960446,0.22772212272595035,0.39501340392089207,6.0,1
2.427439728882536,2.3484921923278494,3.1737182998734537,0.0,0.032522964675637756,8.144395007853799,0.29805034340079384,0.8288790015707598,2.0,0
12.00218089155035,0.8864092139354438,14.855840552462675,10.992078948332466,0.9261459878046427,8.221470742017907,1.459858128571834,0.8442941484035813,0.0,1
4.858395897787981,0.34362811562674156,6.542048466136345,2.931149656426234,0.9292712815389963,4.170369606700089,1.1649796914840624,0.034073921340017854,0.0,1
8.297550542975099,0.9103887847894417,8.37897041962764,7.965390968415372,0.8902822248476452,4.347677337547471,1.9085019192467847,0.06953546750949417,4.0,1
6.580169583871276,0.2464834832569624,9.042304636206506,4.451710417707297,0.9625414694689449,7.349335437956223,0.8953421216682356,0.6698670875912447,2.0,0
5.80541494294334,0.6272882240444497,6.395689125700162,3.2840459017558823,0.8919477366890134,6.499993474710999,0.8931416570693494,0.49999869494219984,2.0,0
7.3826330961528175,2.2206787099344765,9.740742049090347,7.066777669160951,0.6992023467762878,4.746791963651955,1.5552889515033586,0.14935839273039092,1.0,1
3.246867335384098,2.933169844759084,5.362354616851992,2.8692778722738996,0.0966154321140148,8.027648088660467,0.4044605966186401,0.8055296177320933,7.0,1
12.863246782234919,0.39302916782302555,15.769687955024391,12.020104539073236,0.9694455704320446,5.08248081353211,2.530899230939842,0.2164961627064219,2.0,2
10.819694424446356,1.9845838075692082,13.716432329229935,10.783886978320368,0.8165767229908844,4.390746273478554,2.464203975939263,0.07814925469571073,5.0,2
9.899375592778183,2.615611602840084,10.722607466745464,6.941221709766493,0.73578014306799,7.747535690500043,1.2777450776918273,0.7495071381000086,5.0,1
6.62511156416743,1.0540155429497768,8.924460307837684,4.829959339309481,0.8409059933948095,7.04062987315982,0.9409827932332556,0.608125974631964,0.0,0
2.8345254655160317,1.6743528518221142,3.7850907228558035,1.0117571156253953,0.40930047297447913,5.972213693656618,0.4746188952559954,0.3944427387313237,1.0,1
12.047990299282814,0.3232569138012389,13.935584115771597,9.171103790327905,0.9731692252590475,7.463631018917673,1.6142264092028942,0.6927262037835347,7.0,2
5.096644808580732,0.9905898610489271,6.889883063444511,2.6005570456224505,0.8056388274534717,8.556903443456013,0.5956178940500313,0.9113806886912027,7.0,0
1.6012802763632052,2.10038816663523,1.7649108232266992,0.0,0.0,4.170912213833239,0.3839160822067658,0.034182442766647725,3.0,1
5.108844121727544,4.45698980516395,5.124389371233617,4.090337012022667,0.12759330702444116,7.138397188376677,0.7156850462238473,0.6276794376753354,1.0,1
10.533484365950612,4.483192783226101,10.70677640973504,9.528894185556675,0.5743865346477393,5.090836485077799,2.069106795479729,0.21816729701555976,2.0,2
8.472504939858498,4.4082975650592955,8.856331082453721,7.597291060420557,0.4796937155715698,6.370688799706919,1.3299197631892288,0.47413775994138374,7.0,1
10.010063016938316,1.903888738351474,10.783020490981638,8.969975731609356,0.8098025222089162,6.119905644416848,1.6356564297801608,0.4239811288833696,5.0,1
10.523624606348529,0.3630617028659926,13.244490276076217,9.415098322268976,0.9655003179563275,5.949898339172648,1.768706624290302,0.38997966783452964,0.0,1
3.543455332966511,1.4560804676220007,5.09935335900657,3.1234442660247312,0.589078926979729,4.95178050123731,0.715592165703044,0.19035610024746194,5.0,1
12.085399793118162,1.0697146891693978,14.476075009640528,11.017556205011882,0.9114870250483125,8.013249682224911,1.5081771156995325,0.8026499364449823,1.0,1
6.255875235044471,0.06356958709434563,8.770810491366095,4.915634129310288,0.9898384183338187,5.897602924638501,1.0607488016714741,0.3795205849277002,2.0,1
8.668163791169976,0.4285512462976893,10.872993086941598,7.7401217749299995,0.9505603197375847,8.4359813046824,1.0275228782641685,0.8871962609364801,3.0,0
1.027705271040904,2.0393637077207973,2.20186064430262,0.5316643665682607,0.0,5.773341364732454,0.17800874850720516,0.35466827294649084,2.0,1
12.920421980934137,1.5284810871193364,15.512000162457085,11.800190786398645,0.8817003740764179,8.198566723395768,1.575936674890245,0.8397133446791536,5.0,1
4.370756631569861,0.8115917473551737,6.596905891532623,2.928033311920554,0.8143132149035552,6.722331657623439,0.6501846166148644,0.5444663315246878,1.0,0
1.7447572784818628,3.222449867964362,3.9742116086970203,0.0,0.0,5.928126174298961,0.29431851266023223,0.38562523485979217,7.0,1
6.499144498438167,1.6070201815347835,9.203867479934875,4.365431214014157,0.7527335817935772,7.52016107298998,0.8642294274495026,0.704032214597996,4.0,1
2.548360686184501,3.8334053508594494,4.3443511035575515,1.9402755929345283,0.0,7.933273123017111,0.321224373177175,0.7866546246034222,2.0,0
2.8279205218909085,1.084397221184028,4.413643811777439,2.717954336386197,0.6165390035576607,6.413453951372409,0.440935655472472,0.4826907902744818,7.0,1
8.587393756362522,2.4227707053898113,11.257881429153748,7.675995190941314,0.7178689164457206,6.127102141917684,1.4015424514654502,0.4254204283835367,3.0,1
5.715128698842799,0.8286264771713211,7.07851388333539,5.243719784265946,0.8550117554939574,6.887094851861611,0.8298315649446842,0.5774189703723221,3.0,0
12.062229401859941,2.228852773736289,14.496941489946469,10.874863964212858,0.8152204953594557,6.925816892528591,1.7416327328654029,0.5851633785057182,0.0,1
4.829877935296841,0.6860992904027379,4.991417016631264,1.8918395778390278,0.8579468674790494,6.127396079273437,0.7882431415906688,0.42547921585468734,7.0,1
9.714161540606813,0.7271038096718487,9.71803137397578,9.17094742789115,0.9251501216412313,7.788314392213189,1.2472739352072253,0.7576628784426378,6.0,1
6.533193161858891,2.7550051966890705,8.118070630671962,5.576571331589984,0.578306483761581,5.99860723876904,1.0891183406099367,0.39972144775380797,1.0,1
8.919415613551346,1.1870371897909502,9.140251295000485,6.744072664592629,0.8669153629316841,6.264991714412464,1.4236915258854124,0.45299834288249274,7.0,1
8.196344280591884,0.7756525195391129,11.125973320951076,6.668795932006119,0.9053660396652957,7.026591121397562,1.1664751995647162,0.6053182242795124,6.0,1
6.673407673107978,4.183957125607829,6.689911195227374,6.541623242387823,0.37304038198235046,8.934244509653324,0.7469470603695093,0.9868489019306648,3.0,0
12.400733135493246,0.1935146283302298,14.555182044989184,11.915663081009281,0.9843949042193034,5.3034305550705145,2.338247480894631,0.2606861110141029,7.0,2
5.112563713059471,2.543166507131492,5.842717800418133,2.306815048739883,0.5025653175460174,5.159763999557624,0.9908522392686565,0.23195279991152482,4.0,1
3.1268260149912708,2.4671872882496935,6.02948203080744,2.8173310367741853,0.21096112274204004,4.884436332564913,0.6401610753209087,0.17688726651298267,5.0,1
9.13712873055794,1.127739934813769,10.281753682441629,7.231850368928823,0.8765761139993367,7.4472210715406675,1.2269178855822078,0.6894442143081335,1.0,1
11.152090735694905,2.03747285300768,11.2339410144865,8.77511378917217,0.8173012665251848,6.245473187092038,1.7856278302088817,0.44909463741840766,0.0,1
1.4830448792790851,0.3948200238718596,1.5638521755054333,0.6867276911043134,0.7337774268410654,5.943031700371374,0.2495434912767521,0.38860634007427475,4.0,0
6.395592261072167,3.2457156566574854,8.055712376246234,4.220358251656097,0.49250741383044816,5.020451870744344,1.2739076931184568,0.20409037414886874,2.0,1
11.709852276247915,0.9976371676957043,14.669988213341759,11.200166739157375,0.9148036077517991,8.455691887016691,1.3848485059191704,0.8911383774033382,7.0,1
9.99542342707441,0.8702341192195016,12.934744032211569,9.14117260257304,0.912936742943544,6.2158651761119295,1.6080502301574409,0.4431730352223859,0.0,1
12.90169259797154,1.4169531522487637,13.913511514839337,11.966226505318918,0.8901730806645057,7.038466557431645,1.8330260565561884,0.6076933114863291,6.0,1
7.376965739166925,4.060664641184139,8.825076686733617,4.387660767474254,0.44954812252622633,4.5626478914626425,1.6168167946885115,0.11252957829252849,4.0,2
8.919948625613815,3.584099917275942,9.221316043007263,8.276231739959943,0.598192762345724,4.539861083424506,1.9648065131731571,0.10797221668490113,7.0,2
4.629763373655138,4.261015310101909,6.196293941630333,4.2421409797543825,0.07964728082033845,4.3367727083199785,1.067559608271161,0.06735454166399571,7.0,2
12.370427195991908,2.9338305571488847,14.169531993136728,9.593352883547677,0.7628351462187609,5.836730404191468,2.11941041291002,0.3673460808382936,6.0,2
5.396025862678435,2.9831467996443943,6.149210859512398,4.910233781217377,0.44715854305345304,6.364433010959558,0.8478407822639464,0.47288660219191153,2.0,1
9.862128552239543,2.160139497417976,11.698471859985064,7.224288793351327,0.7809661995404187,5.2228907472461845,1.8882509762317807,0.2445781494492369,5.0,1
5.837682449428983,4.07333845515139,8.536760704517745,3.886312566488913,0.3022336363037653,5.748387529386548,1.0155339074803058,0.3496775058773096,1.0,1
7.741827160755992,2.2989471717164807,7.744693161026434,6.011242666544436,0.7030485021197519,4.031300170118849,1.92042934885887,0.006260034023769734,3.0,1
9.637390420258555,1.597770318577611,10.32419174318239,7.3833742856188245,0.834211311475047,5.755442326306974,1.6744830151816437,0.35108846526139476,2.0,1
7.1072098210162515,2.8816875446294934,7.736968510988066,4.9292129495721015,0.5945402461443802,4.595856674154238,1.5464385260282667,0.11917133483084755,2.0,1
11.885035922914103,2.4576277203043357,12.256694532015583,11.553457354659162,0.7932166350826015,4.641922391869448,2.560369372769204,0.1283844783738896,4.0,2
6.031611855133723,0.5580891688945296,6.529915493345029,3.0332135239136555,0.9074726321423485,4.022530487800017,1.4994570888715633,0.004506097560003397,1.0,1
8.764861577719902,1.767264362605933,10.642599213816066,5.9391923983737165,0.7983693927239783,7.481902830325534,1.1714749277676126,0.6963805660651069,4.0,1
5.108349199600649,1.40996434992516,5.416432370052577,2.418573311014901,0.7239882602318211,8.65641887024692,0.5901226911695109,0.931283774049384,3.0,0
5.897880018772156,3.810751987550093,8.113474845834322,4.031012616944936,0.35387766868417403,7.107727804260786,0.8297841702993499,0.6215455608521572,1.0,1
6.280601298802629,1.7047915063789894,8.94166907047778,4.712227304805687,0.7285623740032661,4.4810102596395485,1.401603864952507,0.09620205192790969,4.0,1
2.509684219747423,3.696998546875017,5.28944739228253,0.900848468102418,0.0,8.94824724696252,0.28046657076885473,0.989649449392504,6.0,0
2.1006841487080803,1.990753172554255,4.0812115916671825,2.055873316023383,0.05233103521128235,8.877925854382566,0.23661879848558126,0.9755851708765132,4.0,0
9.009879077761095,3.390752535505245,9.602068309661943,7.511470571924766,0.6236628143129499,6.341172678287443,1.4208537655206053,0.4682345356574887,0.0,1
8.866212860116628,0.6087686783003546,9.122102586736352,6.994904157136868,0.9313383642029607,4.539346092031479,1.9531916448672366,0.10786921840629589,4.0,1
8.954916570521142,4.160925988463081,9.650991431942142,6.978797944196296,0.535347319464649,7.603696548236022,1.1777056743010856,0.7207393096472045,4.0,1
1.2371973441123,2.1625195085951323,4.123068901467428,0.24077894895836116,0.0,8.807341022417186,0.14047342335936366,0.9614682044834371,5.0,0
4.918562112061359,1.1690921053183787,7.805597717313495,3.5047150611807103,0.7623101876762892,7.893498020693463,0.6231156452015238,0.7786996041386927,3.0,0
3.373718167110363,1.086703228641631,4.5194748188653895,1.4647863471226397,0.6778915206268081,7.1210142728549055,0.4737693308621605,0.6242028545709811,0.0,0
10.337817070528148,1.1928477985873736,11.3151916938208,9.052900539702602,0.8846131837650681,7.054159511855385,1.4654923883070934,0.610831902371077,1.0,1
11.327564816753561,1.6502587781308544,12.857596563530757,8.441159219802985,0.8543147794934611,8.889590571028144,1.2742504535215562,0.9779181142056288,2.0,1
3.960164526713768,3.2288378970402754,4.83522880111597,1.8438381971577669,0.18467076929259896,4.365596684098847,0.9071301847782192,0.07311933681976938,5.0,1
9.014189906175837,4.273213693053571,11.953177261142526,9.010368667423165,0.5259458989070231,4.747780097953131,1.8986115026814419,0.14955601959062612,5.0,2
2.5523536414992933,3.0106684355563447,3.2160178115730256,2.4825151970525345,0.0,8.154057223698405,0.3130164004835904,0.830811444739681,5.0,1
4.30183030722056,2.4622482192484534,5.409258353768866,2.2309296968154366,0.42762776692618365,4.725565401598795,0.9103313448513752,0.14511308031975895,2.0,1
2.6638539548010343,2.018690136077106,3.9519665819015692,1.4259186621645261,0.24219188802042124,5.916482434645149,0.45024285700609934,0.38329648692902973,3.0,1
4.40224919919075,3.726875101669274,4.777441268434237,1.8838363515539518,0.15341568979003462,5.407496280273752,0.8141011978593333,0.28149925605475035,0.0,1
9.096838568191334,3.8234574110073147,10.245313048501723,8.577792339732548,0.5796938263391094,5.217223582201966,1.743616777173262,0.24344471644039328,6.0,2
11.92392292222303,1.3186695349476836,14.49411508252895,11.882442180066153,0.8894097568770732,4.128609755542134,2.888120609175202,0.025721951108426743,2.0,2
3.4302688950902316,4.290391118940436,3.851351899460507,2.266021844749095,0.0,6.831256317674056,0.5021431982013799,0.5662512635348111,4.0,1
7.50494841940863,1.7780191344287193,9.257014271887192,5.296756106486283,0.7630870946653592,6.006197604167305,1.2495340503285208,0.401239520833461,3.0,0
9.416693214921187,3.6003513113618753,10.636604629101237,6.501510014788481,0.6176628855597683,6.757951063185057,1.3934242978200928,0.5515902126370114,2.0,1
12.435069621826788,4.35068945137005,12.946679800179153,9.784107983773621,0.6501274553595215,5.522541032487518,2.2516934774544644,0.3045082064975036,1.0,2
8.320725794646087,3.1664614538502502,8.357734287993704,6.8685019588346705,0.6194488879939191,8.707304275271312,0.9556029663827064,0.9414608550542625,7.0,1
4.061283172328569,0.7269782690303718,4.881313082798269,1.622831322739469,0.8209978870757852,6.956735961207637,0.58379147850015,0.5913471922415274,0.0,0
8.505737882967235,2.6376162982826887,8.691224765061241,8.294746509364392,0.6899015306403313,8.806035232661333,0.9658986885970767,0.9612070465322666,7.0,1
4.845893940136194,0.5344970539301028,5.9761993540264,3.129076897381544,0.8897010416379272,5.750029771293294,0.8427598000151324,0.35000595425865877,0.0,0
12.713540688300494,3.551139179410168,15.144170255398532,9.940645449257083,0.7206805510381489,4.011447686731611,3.1693148412111163,0.0022895373463221345,0.0,2
5.796113621963642,1.2659182824324733,7.95516940459648,4.606958179491423,0.7815918794905201,7.906327824812203,0.7330980640309228,0.7812655649624405,7.0,1
9.22513264913217,3.1284667037700835,12.067283784237471,6.344830760142823,0.6608756943929273,8.136894272803211,1.1337412457190568,0.8273788545606422,7.0,1
1.2787309881611018,4.095403533585895,2.559777240172309,0.6166756979737859,0.0,4.29351698600168,0.29782832869421455,0.05870339720033595,7.0,1
5.800737353617064,0.8145443280157758,7.924141549392623,5.4838359250168836,0.8595791744461823,7.126846142311595,0.8139276810226737,0.625369228462319,6.0,1
11.50129135987014,1.7678602737052502,13.4973165261762,9.927004351625037,0.8462902800746706,7.305089335200601,1.5744217260218225,0.6610178670401202,3.0,1
8.32272933319895,2.912034546331048,8.97386824267373,5.600988717255277,0.6501106272055384,4.728669335237827,1.7600573741069931,0.14573386704756536,0.0,1
6.327314636751716,1.888463667642755,7.238062152449691,5.393476980517483,0.7015378914976409,6.762622764262906,0.9356302809301184,0.5525245528525812,4.0,1
12.231249993228712,0.7866852373112185,13.820738593421993,9.830769035031855,0.9356823515383357,5.215994403399718,2.3449507509548972,0.24319888067994366,4.0,2
11.24781251376675,0.1308222637595865,13.637784470784515,10.740220716125908,0.9883690927814216,4.082258516022581,2.755291579310783,0.01645170320451612,5.0,2
4.866588085875259,1.829691646658833,6.252026289264057,2.6298768978724403,0.6240298923244987,8.33455545188059,0.5839049381784572,0.8669110903761179,0.0,0
7.534580824496075,2.9214406196186418,8.217805433022656,5.863500000333782,0.6122623557078861,6.458475856132321,1.1666190278224844,0.4916951712264641,0.0,1
6.877891073109552,2.5829289366861987,9.858288143950661,6.352840146926436,0.624459167900367,7.908495504553556,0.8696838822440246,0.7816991009107112,4.0,0
8.586430001378348,0.7030855789228909,8.933166420439353,6.432168253065522,0.9181166586334452,7.614465161145544,1.1276471583575516,0.7228930322291088,6.0,1
5.009335203505067,2.02812049740324,7.877001925979051,2.8680668631357853,0.5951318059162523,8.968526305072645,0.5585460791559212,0.993705261014529,7.0,0
3.930460009190659,1.6626197078156377,6.357598874482125,2.384154321760338,0.576991063659748,6.189767019505966,0.6349932068209518,0.4379534039011933,4.0,1
11.952062023066432,1.2339108103202994,14.468742580989987,11.275659110138408,0.8967616794542265,6.137753033785888,1.9473025319323027,0.4275506067571776,2.0,1
12.086493993982076,3.2817205973717516,14.471246743256575,11.689612317247086,0.7284803517872316,5.408777835255851,2.234607218510455,0.28175556705117016,3.0,2
11.119874629143748,1.3934341351223294,11.744387453057614,8.248109483764381,0.8746897621066411,7.125736067016073,1.560522944515995,0.6251472134032147,4.0,1
12.738453169174736,2.4306387854986315,14.63620030136046,10.77101555439727,0.8091888588654991,6.4305625027764215,1.980923622727383,0.4861125005552843,4.0,1
9.939898309356263,4.154505908713275,12.210147746709058,7.51217385863611,0.5820373831387484,7.643805610708344,1.3003860662588387,0.7287611221416688,1.0,1
10.176006742743995,2.426741920141121,12.41306411904895,8.08509515559327,0.7615231611485016,5.782558492207136,1.759775842554414,0.35651169844142727,3.0,1
10.15108110355169,2.7766030957225234,10.965777215183921,7.662660107974823,0.7264721789336273,4.654223708046629,2.181047096211042,0.13084474160932585,4.0,2
6.767291571307679,0.3296069377539813,7.310649734598723,6.279819112060908,0.9512941131203115,8.31217726059727,0.8141418739211795,0.862435452119454,6.0,0
6.47742633417126,0.8016036468378134,7.461795285914907,4.986575660530127,0.8762465822870107,8.140234709823423,0.7957296767321059,0.8280469419646845,6.0,0
3.882715313788038,0.4542803968415106,5.3222487549202135,1.8813410022811579,0.882999303289556,5.755000935578721,0.6746680595278814,0.3510001871157442,6.0,1
8.737830332311486,3.4416582676012806,10.459172573502515,8.427660632625832,0.6061198104437406,7.451758587559996,1.1725863404778658,0.6903517175119992,1.0,1
4.471841633228014,3.7616448641257905,6.982692720185495,4.0219707852427895,0.15881527731776268,6.462014531378059,0.6920197426845418,0.4924029062756118,3.0,1
4.0937009164282525,0.8390488193755994,6.400803599542101,2.1917531336754132,0.7950390523136536,7.8048604856555,0.5245066102016862,0.7609720971311,4.0,0
8.031536489152657,0.9867228791539097,10.059988066152204,5.425419076391197,0.8771439461818331,5.950661843322562,1.3496879339842027,0.39013236866451245,7.0,1
5.919788658700519,1.4544328027175228,6.7102565375288,3.9385401218757257,0.7543100123042581,6.678196176956148,0.886435274113001,0.5356392353912296,2.0,1
3.6262793055355864,2.6598492762922596,5.062920802340416,3.5176648651673594,0.26650733377543545,4.289080520323736,0.8454677612958121,0.05781610406474726,7.0,0
10.792672201033973,2.7980828721000877,11.798979823417856,7.881373449763004,0.7407423462901039,4.874549907940406,2.214085896105655,0.1749099815880813,5.0,2
11.326839031532511,3.090392813436559,12.031623570184113,10.908318328813776,0.7271619376921231,7.908828038875515,1.432176673440857,0.781765607775103,5.0,1
3.0123942361333715,4.0733674029605815,3.04313031728381,2.314707535475902,0.0,5.907827410864387,0.5098988217891459,0.38156548217287745,5.0,1
1.0900843935999984,1.3276806322344217,2.1084703053120704,0.0,0.0,4.175527121147951,0.2610650971655786,0.0351054242295902,6.0,1
5.0335596223524846,2.9644154514304906,5.801908425496349,2.72046063239236,0.4110697649698165,4.838181428559733,1.040382568673311,0.1676362857119466,5.0,1
10.57013002816903,2.5187528059996147,12.28583700906948,7.7603999870335105,0.7617103290794696,6.057990160428073,1.7448245619834613,0.4115980320856146,5.0,1
11.070086394811893,1.376267581856552,11.25699170566303,8.650227316387804,0.8756768887999327,7.589565535083859,1.458592898847612,0.7179131070167719,3.0,1
2.6599488413925907,4.08336833967153,3.471507631523194,0.7047454163829907,0.0,5.817425209036155,0.4572381673701479,0.36348504180723096,3.0,1
10.292030814196615,0.42967535381647876,10.42633928416186,9.438371817607596,0.958251645222069,7.7259287718943455,1.3321415609780567,0.7451857543788691,4.0,1
2.3884500077131534,3.2040046207442314,4.312703721253461,1.4078056826145773,0.0,8.290302936475417,0.28810165635860246,0.8580605872950834,6.0,1
5.68075108187835,3.2754317086017086,7.385319757584225,2.838937862745241,0.42341573123132137,5.705683071028563,0.9956303235143206,0.3411366142057126,5.0,1
12.98331418014299,4.118969374604827,13.99575424936641,10.401437331676057,0.6827490024924081,8.001877854272127,1.6225334123553663,0.8003755708544255,7.0,1
3.3110898787709178,2.333612665581091,3.753093680077549,2.2326185334439383,0.29521313192279386,4.634403329650947,0.7144587217056703,0.12688066593018946,5.0,1
2.847562990931517,1.4473005219866066,5.721322489237723,1.7277607380694058,0.4917406474955083,6.076417625358298,0.4686252931411392,0.41528352507165955,3.0,0
6.073603990561522,3.724833014370092,7.8267813327273625,5.180520819733868,0.38671783340524957,4.487811981407963,1.353355268831037,0.09756239628159254,4.0,1
8.436022311638338,3.468646268245767,10.473362411354541,7.457631883763326,0.5888291732632781,4.262639943973879,1.9790604936183729,0.052527988794775736,4.0,2
12.194809388959039,2.2514202648876167,13.788855648767393,9.612806990092682,0.8153788064185725,4.322636887427235,2.8211505399467396,0.06452737748544699,6.0,2
12.76985374639641,3.45535819035215,15.189453489335026,12.73833317662687,0.7294128610261308,4.523760135408182,2.8228405937009695,0.10475202708163636,2.0,2
1.8356876390967356,1.2054402093476737,4.524827787741099,0.5275297757681616,0.3433304317825989,8.178629617081993,0.22444929346876086,0.8357259234163987,1.0,0
2.655970208174864,2.6527784868156057,3.8041018389677532,0.0,0.001201715798405556,6.71838561816845,0.3953286338599492,0.54367712363369,1.0,1
10.488855686751926,3.89332554654544,12.558931623443758,8.8609466212035,0.6288131267300254,8.736940938885054,1.2005180943904192,0.9473881877770107,0.0,1
4.247585827250326,1.4309302707743063,4.937248280889516,2.8962484568186153,0.6631191625148116,6.6900015065625675,0.6349155262646279,0.5380003013125135,5.0,1
11.618188714076327,2.1759749209383443,13.573753855562442,10.681079299977563,0.8127096250122032,7.1435566615519335,1.6263871436210156,0.6287113323103867,7.0,1
8.961439086749042,4.279701843778002,10.1589059766787,8.739701197163331,0.5224314083542404,4.922419805702465,1.8205353140273617,0.18448396114049306,4.0,2
2.342137628568126,3.591953288872815,2.362482426772041,1.6686781944855875,0.0,6.702905103168542,0.34942127219747904,0.5405810206337083,0.0,1
10.990351419088086,3.9916755914874873,13.856935024355948,10.718976189277472,0.6368018237747404,5.926512744016634,1.8544381652066586,0.38530254880332676,2.0,1
3.1162765600969102,1.7336117740070085,5.721601196713067,2.7361782709506253,0.44369129614314573,8.657176710701851,0.35996453165205966,0.9314353421403702,7.0,0
6.081944736155846,4.484273668355515,6.95445438719393,5.591395103777036,0.2626908229373611,8.66960607890896,0.7015249229087509,0.9339212157817919,0.0,0
7.62621914271196,0.6865452210771583,10.61949108541054,6.720130846459125,0.9099756762519394,4.992493062511205,1.5275372538777252,0.19849861250224093,4.0,1
7.009193788963339,2.3344676244733904,7.960576812632941,6.976143748976733,0.6669420628447685,7.10065431969183,0.9871194221531319,0.620130863938366,3.0,1
9.233954987381805,2.156730220333122,10.61048754675903,6.3835233306020625,0.7664348349888761,7.19087901485489,1.2841204765518008,0.6381758029709779,7.0,1
8.832240818431062,3.5929448586006054,11.386017896954314,8.460783540400138,0.5932012121880925,6.812675397290089,1.2964423377553413,0.5625350794580178,4.0,1
12.904504066336658,4.088779976317554,13.818293120320781,11.755057449257897,0.6831509405321703,4.621648539975746,2.7921863713168418,0.12432970799514927,4.0,2
12.993062910690254,3.290127196086269,14.344683763852753,10.354480231545912,0.7467781678037391,7.270076594204309,1.7871975270588343,0.6540153188408618,5.0,1
7.197512831627691,2.8206730625863625,9.194274332997457,6.877808921055404,0.6081044760084884,7.995426424621001,0.900203747665512,0.7990852849242002,6.0,1
2.142389043530368,1.9234313588182668,2.5337917078476524,0.6915762882680054,0.102202578646168,5.726130169265651,0.37414256752831015,0.34522603385313017,4.0,1
9.73411958762462,2.296466626840804,11.001170693699773,7.199768795000433,0.7640807053818822,6.572758509720786,1.4809793442476757,0.5145517019441572,5.0,1
12.71996893859907,2.291851409511698,13.64819875068395,11.04908106649665,0.8198225624154618,4.58163973174639,2.776291826365532,0.11632794634927794,6.0,2
4.819916651548244,0.09165813157969949,6.850239569142698,4.188885865279964,0.980983461290714,8.65344355743514,0.5569940590190728,0.9306887114870278,4.0,0
6.534506630050886,2.2637061217245495,6.942414800232001,4.327978035813142,0.6535765820002051,4.5476892658616,1.4368850306250782,0.10953785317232008,5.0,1
6.0973230977854715,3.851868600783562,6.795517535088283,4.0532999091829485,0.36826890440125293,5.041885533341235,1.2093339004752857,0.208377106668247,2.0,1
1.6170298546831523,3.191733050140117,3.7511584659406005,0.5304721350423796,0.0,5.492392379000175,0.2944126608407962,0.298478475800035,2.0,1
9.067173174681338,3.580688799562522,9.535846283853683,8.928287689937212,0.605093149697302,8.12895119591011,1.1154173467351203,0.825790239182022,0.0,1
5.240052340821613,1.7571824539583445,6.506110127541282,5.216458271133331,0.6646631866118293,7.503279602511775,0.6983682627350671,0.7006559205023549,5.0,1
10.449566495578027,2.3803795661083114,12.588208661855884,7.973387846196513,0.7722030318563337,4.035072190015512,2.5896851415532804,0.0070144380031024415,2.0,2
10.985440903383832,0.15067606048695215,13.281846056673848,10.020768818706626,0.9862840224791943,4.917807735797052,2.233808536966598,0.18356154715941048,6.0,2
10.854769439174145,1.723490739762046,11.13941297518915,10.44145974335643,0.8412227224705408,7.750755895959509,1.4004788158575303,0.7501511791919018,7.0,1
5.999991976478562,2.134872202016898,8.555978804736997,4.444338297989615,0.6441874905189673,6.019172455004062,0.9968134359550448,0.4038344910008124,7.0,1
4.858548186890794,1.1484400481958674,7.0304650902806936,2.096048299715524,0.7636248517006463,4.1310676623363,1.1760998811970733,0.026213532467260058,2.0,1
9.985849356004659,0.14058440545792417,11.0037331220846,9.960406762437465,0.9859216376648634,8.819584391600124,1.1322358189026798,0.9639168783200247,5.0,1
10.616673206112676,3.1068364895052842,12.908081763103397,10.448242584083433,0.7073625203310877,4.756164564702811,2.232192150141899,0.15123291294056215,6.0,2
6.895089356696394,1.9578948788197945,9.07998595271837,5.643954558941177,0.7160450318285838,6.552333200234138,1.0523105504539982,0.5104666400468275,4.0,1
11.716372234435637,1.870551869005054,13.519045913960793,9.688474514170448,0.8403471798627815,5.241580488224217,2.235274696393148,0.24831609764484347,4.0,2
2.7269043529426993,1.12494039312829,4.402347873160233,1.2986029766415488,0.5874661346613324,7.687346601126798,0.3547263437481789,0.7374693202253596,3.0,1
11.548825355907521,2.420236795491077,13.752935822606277,8.856180040511308,0.7904343757131054,7.88363049523644,1.464912055795324,0.7767260990472881,2.0,1
2.1531427956625753,1.9711205157182916,5.150922500778939,2.0208891290501407,0.08453795090179839,5.986102017624465,0.359690294171938,0.3972204035248931,4.0,1
2.8423062646553667,2.1329301286309095,4.577963012603023,1.821883655724136,0.24957765630174622,7.292248107295159,0.3897709215093663,0.6584496214590319,7.0,1
7.406080159287525,2.613921067963719,9.832233774574268,6.352036491121362,0.647057416103476,8.545367922732428,0.8666777400638112,0.9090735845464856,1.0,0
1.8102217622489802,0.028460912578809117,4.043042914195729,0.7898400842899551,0.9842776652163048,8.074045592463031,0.22420256877652361,0.8148091184926063,0.0,0
1.6336852168013243,4.084631565922901,4.201110422902802,0.17062748043115228,0.0,6.074488588224574,0.26894201759934677,0.41489771764491473,0.0,1
1.0062249299884662,0.31989328625286567,3.8697995141408814,0.0,0.6820857079574321,6.207380269483189,0.16210138356357567,0.44147605389663785,4.0,0
6.235799916331158,2.0291613629219754,6.815049538713604,5.282152067122706,0.6745948570915926,8.434391370135103,0.7393301594245646,0.8868782740270206,2.0,0
10.295486575506757,0.9331779385772163,10.791865484692106,8.06203695561015,0.9093604822138983,4.171864002131715,2.4678384938353766,0.03437280042634292,3.0,1
1.418060203358988,2.357020662164439,3.1771156886036906,0.9786637895217738,0.0,4.1140578615691314,0.3446864995763889,0.02281157231382629,7.0,1
8.827091277590265,1.2610354895871203,10.174976466249777,7.144916710688414,0.8571403138439762,5.028976707825111,1.7552460053861993,0.20579534156502213,0.0,1
10.877527808994238,3.8700292412817174,12.589695887751745,9.752263731997601,0.6442179409477833,8.138108223426718,1.3366162639225792,0.8276216446853436,1.0,1
3.0160101829344534,1.7836192528308912,5.4101383863909795,1.3983777760477416,0.40861630278200745,4.766065938086004,0.6328091600313964,0.15321318761720076,1.0,1
2.762364817856851,2.874400000957968,5.5575082580045905,2.4391155667401025,0.0,5.426396424741763,0.5090606364956665,0.28527928494835264,3.0,1
11.329611683446434,1.1199587766654553,12.581859159042107,8.469223143163708,0.9011476467192768,7.145343450700879,1.5855937173090153,0.6290686901401757,5.0,1
10.877495319401136,0.08732767722307877,13.03129325603201,8.158852968995802,0.991971710889425,4.9212140503069035,2.210327615951348,0.1842428100613807,1.0,1
7.467301195170243,1.8186954102597424,8.057698758694471,4.988112282298356,0.7564454194728275,5.515581706217867,1.3538556027104354,0.30311634124357345,0.0,1
10.830398551527765,2.4141892030123056,12.434054399591336,8.152050081363608,0.7770913792759959,6.334563635615961,1.7097307998666331,0.4669127271231922,0.0,1
2.113072929093937,2.0679621806778763,2.178487262435497,1.6730093185494788,0.021348410551737973,5.1405464188396905,0.4110599840806211,0.2281092837679381,6.0,1
5.733778215265053,4.32906463718487,7.245029916664343,4.222612896206055,0.244989172120472,8.962068419889665,0.6397829102196972,0.992413683977933,0.0,0
9.853570673276474,3.1807762823071277,11.489580050652973,8.899843197006904,0.6771955682082231,4.817230086606339,2.045484748729981,0.16344601732126787,5.0,2
4.08942351188756,4.480514102814278,6.295759519222553,1.4272656879750842,0.0,8.249685524601265,0.49570659386864513,0.849937104920253,4.0,1
10.027946973202633,1.3277704064128737,11.976401343823609,9.459633925704233,0.8675929968555844,6.350499157493596,1.579080120240571,0.4700998314987192,0.0,1
7.050143252689766,3.5507397582321594,8.125333455607171,6.390307187263849,0.49635920420801616,4.645618398600942,1.517589833640439,0.12912367972018846,4.0,1
10.003191855378796,2.5000131039597626,10.02038455751816,7.943048486313764,0.7500784609448947,4.592430785812903,2.1781910978998322,0.1184861571625806,2.0,2
6.576155654287955,2.7529215950182473,6.922613275156802,6.309456677024951,0.5813782793868001,6.501480280254277,1.0114859033350414,0.5002960560508554,4.0,1
5.414852082661811,4.436339401990475,8.334034043214167,3.217750551911892,0.18070903244144076,5.767600857346051,0.9388396001372127,0.35352017146921016,1.0,1
3.630270597743588,2.9429423988800263,6.397270072689505,2.8258887328012205,0.18933249749778258,5.173011495564968,0.7017712218223302,0.23460229911299368,5.0,1
3.5005520972201802,4.0446760155161305,4.475831586463617,1.5177460014187383,0.0,8.794695685828744,0.39802992875134546,0.9589391371657487,6.0,1
10.017889726856751,3.265876056236612,10.794448546628415,7.3987763677747695,0.6739956073302351,6.316898703165954,1.585887347193949,0.4633797406331908,0.0,1
2.426924176407526,0.5732375477613753,3.736173057477638,0.5980900567025542,0.7638008004807489,8.644054906861639,0.2807622351497371,0.9288109813723278,4.0,0
2.0317882013313415,3.1474066964504064,4.10160829016756,1.3937370014730144,0.0,4.819998630324094,0.42153294163793675,0.16399972606481886,5.0,1
3.115496380265562,2.179420149084669,4.185979398239483,2.967999803647912,0.3004581347326434,4.917330336150061,0.6335747585151633,0.18346606723001227,0.0,1
3.1041581374470626,4.134590968420541,3.306039680640529,2.970316222361865,0.0,6.980138454712257,0.4447129749054563,0.5960276909424514,5.0,1
10.877291473682797,3.6307550123570485,12.085676751015987,10.610855827640775,0.6662078035564712,5.349378213084113,2.0333749158131855,0.26987564261682256,4.0,2
5.782079481690548,0.4686060942325135,6.563846465134844,4.0426257442814,0.9189554388319298,4.924689278056302,1.1741003655712152,0.18493785561126047,2.0,1
12.88466148832579,0.6026203964410131,13.859451521959425,11.840007926203835,0.9532296291224244,4.473426927066555,2.8802664486071965,0.094685385413311,3.0,2
2.6465350934873486,0.3132495080937251,3.135406830849262,1.917214161299654,0.8816378785739224,4.381353351535819,0.6040451160049999,0.0762706703071638,5.0,1
8.842477908323719,2.219601936350778,10.818998116660662,8.184558234932146,0.7489841694417587,7.7658419270671315,1.1386373803855152,0.7531683854134263,5.0,1
6.384754086415008,0.3634729164330886,7.964646886150682,3.539009490705711,0.9430717437956682,5.410815731849083,1.1799984332922557,0.2821631463698166,6.0,2
5.7150181203648875,3.256552514586123,6.52760747225095,5.358568392688665,0.4301763448515188,8.892095766538175,0.6427076664953452,0.978419153307635,0.0,0
11.501010388648988,2.485613616526947,13.162597832567712,10.586567156331023,0.783878673913716,4.915605637395624,2.3396934654714143,0.18312112747912473,6.0,2
12.707147749940795,3.7614825789891406,14.18527129144251,11.292715963883214,0.7039868699876677,5.772233250119239,2.201426588171623,0.3544466500238478,0.0,1
11.474307505290145,1.2590810490209232,13.86223207498823,11.47295892706738,0.8902695392780406,5.874543097411667,1.9532255215466447,0.37490861948233345,5.0,1
3.3076081484215965,2.3361335287251332,6.175560956442201,0.544748585994423,0.2937091021982319,6.500763963684149,0.5088029909867839,0.5001527927368299,2.0,1
3.6495750545072085,0.5286585865974496,4.041586581443177,3.352279282226897,0.8551451665736923,8.353179344897267,0.436908499604601,0.8706358689794534,0.0,0
8.872886549140759,3.980745011926262,11.524626985864707,6.825474747082241,0.551358513390239,8.173851049820936,1.085520949067837,0.8347702099641872,5.0,1
4.469002979658301,0.7875223303042724,6.583393794513007,2.582406548170836,0.8237812026778988,4.049781654318977,1.1035170192181192,0.009956330863795415,4.0,1
9.816701569366959,0.4606301310768225,11.894362205260673,7.389510004052747,0.9530768937181283,6.046275334791313,1.6235948622584158,0.4092550669582627,5.0,1
7.797047809715735,0.9227276933543249,8.919950501143152,5.842884618029278,0.8816567865334193,8.13968365520291,0.9579055083709351,0.8279367310405821,3.0,0
7.610905221884835,3.6280416992534166,8.642629808279597,5.3027429702368964,0.5233100934142318,4.000989039133551,1.9022559540760557,0.000197807826710239,2.0,2
10.94256309806543,0.4761653745810726,10.95948155253298,9.678817271699847,0.9564850236353442,6.668197861091219,1.641007559465959,0.5336395722182438,4.0,1
9.526393260912133,2.764923726771747,12.473007884824057,8.060279777257264,0.7097617481196645,5.2973781066660095,1.7983223151325558,0.2594756213332019,1.0,1
1.3189331799675004,3.3578158527680655,3.138450677086647,0.0,0.0,6.063842746210503,0.21750781396693467,0.41276854924210066,6.0,1
1.5935096457521882,3.3798652221729197,2.8004955175239648,0.0,0.0,6.10152349939404,0.26116586224906685,0.42030469987880803,5.0,1
8.218701429472189,0.8552739897365902,9.850007895148725,6.68408577867203,0.8959356296032868,5.958772203587572,1.3792608860805236,0.3917544407175145,7.0,1
6.834304907467306,0.27730799269925405,6.955886009756093,6.217629689303658,0.9594241116757519,8.459750611056315,0.8078612741296816,0.8919501222112629,0.0,0
4.122215864115897,2.0196287269749793,4.6431687299909035,3.347891081696771,0.5100623563758627,6.682318044847673,0.616884116626907,0.5364636089695345,4.0,1
6.02387304777762,0.9111840536004574,7.893952822667828,4.94838132459944,0.8487378391985503,8.518733619139924,0.7071324585432697,0.9037467238279848,4.0,0
10.094923824794327,3.146718640562721,11.637709013845187,10.067070668523817,0.6882870346347728,7.633712036606755,1.3224134963940295,0.726742407321351,6.0,1
10.91933781589516,1.6051175984493944,13.280562284678059,9.66724746715445,0.8530022950555809,5.755600354870028,1.897167479089458,0.35112007097400555,3.0,1
7.73467681468053,2.0220927346490942,9.710904886016541,7.726371387388792,0.7385679087701333,6.467818407744774,1.1958710537418271,0.49356368154895486,7.0,1
5.624433770285236,0.5106821989577032,7.428740798223398,3.929387462521226,0.9092029136060386,5.949292691026459,0.945395370910021,0.3898585382052918,1.0,1
4.248361137941284,2.553976289466863,6.694158250857225,2.1362748310242377,0.3988325835443227,8.142871391001608,0.5217276478953106,0.8285742782003215,6.0,1
7.2630216492310415,0.8348588533435829,7.467810965886743,5.576575754385662,0.8850535089025968,4.937989059854819,1.4708460389834441,0.18759781197096376,4.0,1
4.776995422772572,3.0554354741172167,6.849655812066428,2.6964355031579443,0.36038551354863146,8.682061411307757,0.5502144244857426,0.9364122822615514,7.0,1
7.769141644566675,0.32025970146552163,9.915913784433721,7.769102138898052,0.9587779813887813,6.902122471259581,1.1256163125063863,0.5804244942519162,1.0,1
9.119828590115652,4.391525665265955,9.945319239155685,8.941502670262723,0.5184640125774267,7.05878976984042,1.2919818959733416,0.611757953968084,2.0,1
1.792950531032738,3.0803714036361525,2.3798994404949214,0.0,0.0,6.584007001259857,0.27231904988704525,0.5168014002519714,4.0,1
1.0128095802729669,0.8177830551536678,1.6543670066409644,0.0,0.19255991345059809,6.7724823852245875,0.14954776146521942,0.5544964770449174,4.0,1
3.5473256660889154,0.06342590457835107,4.141748256384898,1.394220953420732,0.9821200784622967,7.338377082114135,0.48339375673877955,0.6676754164228271,1.0,2
11.734137972625373,1.5050830149234844,13.305484545336157,9.745101244964719,0.8717346754883316,7.275176275504299,1.6129008464213452,0.6550352551008597,5.0,1
8.75548915874271,0.6876596882349333,9.162368092840197,6.63334116730803,0.9214595922892238,5.070735444349821,1.7266704711441232,0.2141470888699642,3.0,1
3.0635242232442743,0.9828509990379568,5.041381807502326,0.8447544458557767,0.6791763578754677,6.91220080436537,0.44320532778930827,0.582440160873074,1.0,0
11.683167541883424,3.9273761629705026,11.998402318729733,9.510035046780716,0.6638432044314091,5.773132203442213,2.023713840281948,0.35462644068844257,4.0,2
6.63947128344808,2.7144209702288227,6.720140204378848,4.42544585038306,0.5911691075468977,7.185151529014394,0.9240544554470701,0.6370303058028789,5.0,1
6.713101080143928,0.7940594386300477,7.670971807481541,6.491041957898386,0.8817149586829962,6.739172901339594,0.9961313025237142,0.5478345802679188,0.0,0
12.22650332611186,2.50496730309352,12.802082497310984,12.036688671627987,0.7951198935394947,4.898399668562463,2.496019956187034,0.17967993371249252,7.0,2
1.7138403062000802,1.1510129404124696,4.679826472430327,0.6304804765117633,0.3284012890533011,7.67366958769518,0.22334038319140603,0.7347339175390359,4.0,0
3.5821392955446223,4.392903889611401,4.491128197396274,1.9993491518982354,0.0,6.285067237397451,0.5699444668197267,0.45701344747949013,2.0,1
8.029255901856668,0.14740753618662866,8.69544815993321,5.741398740091485,0.981641195898048,6.757207761430685,1.1882505593044923,0.551441552286137,6.0,1
3.345838114984049,3.2954328997551676,3.9361475854816925,2.3417146586110116,0.015065049024083343,7.363214324624065,0.454399120747429,0.672642864924813,6.0,1
9.154324110507494,3.4784866178614227,10.275882824917964,8.328972880606589,0.6200171005668507,7.264358869585685,1.2601695861743132,0.652871773917137,7.0,1
3.5691074720406424,0.3022324378096512,5.386654158035376,1.2247625476850539,0.9153198831424234,7.744644100450223,0.4608484813179676,0.7489288200900447,6.0,0
2.189883647185772,0.7734121390410821,4.535719472324619,1.441873092823787,0.6468250082441609,5.033758643215587,0.4350394610471162,0.20675172864311744,1.0,1
3.483821915690077,1.729379965967809,4.577550658919282,1.021297785246687,0.5035969094231808,4.551956168686784,0.7653461032106427,0.11039123373735685,1.0,1
6.072808411264747,3.9066967193808053,7.950721351393115,5.541407762104631,0.35669027329528724,7.345897873371722,0.8266938250364437,0.6691795746743445,1.0,1
3.1136595900769586,2.416499722883247,4.559839284915121,2.035239021459528,0.22390368857774856,5.179924733328411,0.6011013191066671,0.2359849466656822,7.0,1
2.6163042990801677,2.9488808250328074,5.155790337840363,1.4130774708009968,0.0,4.573024342749133,0.5721168537465826,0.11460486854982666,2.0,1
11.32338263462729,3.523557759555792,13.030507966102595,10.42485129270436,0.6888246318921846,4.65618746404704,2.431900073195355,0.131237492809408,2.0,2
4.8447664431676944,3.72655254751884,5.714441458804995,4.834695701506656,0.23080862798366875,5.564000619497571,0.8707343464683469,0.3128001238995141,7.0,1
5.329104238219044,2.1432804438765647,7.439866009753811,4.6225764647553,0.5978160028273651,8.958935240246225,0.5948367853223347,0.991787048049245,1.0,0
1.6632449140147316,2.289569124480666,4.123438378083719,0.6502842373781106,0.0,4.786301633435425,0.34750106478787,0.15726032668708498,3.0,1
5.288435482024649,3.2310263568950073,6.6847574523165445,4.347560798444661,0.38903927865297017,5.492682811492339,0.9628146506038282,0.29853656229846787,2.0,1
4.177686127858956,1.1850406143103187,7.139277844505912,1.8210196384273347,0.7163404386921604,8.603670759410715,0.48557019959061,0.920734151882143,2.0,0
8.325820808101462,3.8452038136448596,10.963111445675402,8.183717520492042,0.538159191475359,8.816540315704014,0.9443410351418137,0.9633080631408028,4.0,1
3.4646835720688802,0.09354071014128706,4.055547581065355,2.297837473103158,0.9730016585366176,5.1442168057575905,0.6735104104070969,0.2288433611515181,5.0,1
11.660385436754087,0.880972209943761,14.020653053222798,11.547839070015764,0.9244474194509132,8.402263485253288,1.387767172169629,0.8804526970506575,2.0,1
12.155999451034662,3.6008997436642645,13.95885318408396,9.364056752647635,0.7037759208390082,4.694589722615068,2.5893635374516393,0.1389179445230136,0.0,2
2.1979726861214823,1.531161953517025,3.802406579544986,0.0,0.3033753498461821,7.807682056502578,0.28151411266688486,0.7615364113005156,5.0,0
2.2888354754629265,0.6742477471153768,3.8306512352016315,0.0,0.7054188672171784,4.065040803236858,0.5630535057951699,0.013008160647371625,4.0,1
2.3839172573318557,0.8403964007013149,4.944150685679142,0.0,0.647472495902853,6.0330981462048,0.3951398103529097,0.40661962924096,5.0,1
8.434831075723745,2.388403808712313,10.26744944243409,7.487392759375491,0.7168403507704655,5.2366760335869404,1.6107223402067474,0.2473352067173881,3.0,1
2.4636275705154747,3.807816882052445,4.076745525676676,0.3888773335237339,0.0,7.520040070795614,0.3276083035891091,0.7040080141591227,6.0,1
11.228587815163195,0.3179282209699977,11.375167535437342,10.30892555272797,0.9716858231681935,4.0802806567759236,2.7519155567194686,0.01605613135518471,4.0,2
10.05125817925471,0.1371640910609223,11.396166788530381,7.386624615465838,0.9863535401623628,6.324508530257665,1.5892552174082077,0.464901706051533,6.0,1
10.83770629885629,2.093256611265794,13.561830984992813,9.605447688954266,0.8068542776909633,7.483645123724676,1.448185492454547,0.6967290247449351,5.0,1
7.312726322632251,4.302843367741356,9.447936510666107,6.1850636969195545,0.4115951865415187,4.233524366250915,1.7273377191184534,0.046704873250183,3.0,2
12.960126538229842,1.255544115363569,13.112988472398301,10.21792030552984,0.903122541924266,8.487000910649861,1.5270561031714873,0.8974001821299723,2.0,0
1.5301012353299352,4.316267425801717,4.182078081783063,0.0,0.0,5.805987036982245,0.26353852076893886,0.36119740739644896,4.0,1
5.81517957023336,3.994565294655006,8.295181234364522,2.915938910140455,0.31307963126326877,4.826329161211213,1.2048866490436358,0.16526583224224253,5.0,1
4.887240027251634,1.2741078437438,6.527292661960217,4.687775770528294,0.7392991061132101,5.127322480152304,0.9531758624837776,0.22546449603046081,4.0,1
12.383745984551693,3.6762662891526605,12.450962380098538,11.653729350435114,0.7031377828858345,5.694529643902316,2.1746740747608837,0.3389059287804631,4.0,2
7.922331501971115,3.0864028615596846,9.609620356072517,7.019758258369978,0.6104173549425731,4.991875509111461,1.5870450870641337,0.19837510182229218,2.0,1
10.674291585336704,2.303200750071407,10.838058735115983,9.401235402472418,0.784229170464547,6.5528937695760145,1.6289431754403905,0.5105787539152029,1.0,1
3.0440943239022262,1.9031226436929363,4.0052312028146675,1.624704186056618,0.37481482464271265,7.16465868249678,0.4248763910190071,0.6329317364993561,3.0,0
12.743609726805268,3.6697624016645554,14.630338583513485,11.869192442605053,0.7120311685357505,6.167150544416623,2.0663691659582697,0.43343010888332467,7.0,2
6.983674562515782,3.568857447127596,9.722413814162305,4.6123232930806966,0.4889713981972895,6.135160749475611,1.1383034361589786,0.4270321498951223,5.0,1
6.924064915247749,3.406213511741516,7.997451827026185,6.25433248179258,0.5080615861586505,7.908497596843513,0.8755221621375119,0.7816995193687026,6.0,1
12.650616742548854,4.492151780468832,15.230688091199214,10.561064802651515,0.6449064996681142,5.505083564789426,2.297988140173264,0.3010167129578852,5.0,2
5.56878833460574,2.1533060742362276,8.323871365807289,3.0134833878294476,0.6133259257036068,7.11384416953621,0.7828099972238778,0.622768833907242,7.0,1
5.770300294659915,3.6311534001896213,5.833431936031857,3.959205577181156,0.3707167366055373,8.464607925217363,0.6816972913144986,0.8929215850434726,1.0,0
8.017032433659239,3.881152651425653,8.735315946916833,6.954555655980776,0.5158866221956686,5.107571825480061,1.569636748653205,0.22151436509601224,5.0,1
2.5366313265734433,0.9522116165415777,4.666218224255939,1.9729575999834892,0.6246156835775369,7.099503650122286,0.35729699590051633,0.6199007300244572,0.0,0
4.853027516942259,0.18929898923877442,7.123556646180904,4.449988933731171,0.9609936295275643,8.739858900273921,0.5552752707243542,0.9479717800547842,1.0,0
3.3184998693415664,1.8213678098486086,4.495750419992729,1.0859756518943815,0.4511472407530962,6.648976274777272,0.499099369918075,0.5297952549554544,0.0,0
2.2394017492845952,3.855315079965492,4.20966558760316,0.8320057565340473,0.0,8.884488618485651,0.25205747291128816,0.9768977236971302,3.0,0
11.39373527597224,1.300964765375296,13.230211128058345,11.254776622470137,0.885817536228102,5.550230220923982,2.052840120580701,0.3100460441847964,1.0,1
8.071973993529713,3.1500456933034084,10.291298878332894,5.1204554727018525,0.6097552227214305,6.821469463330991,1.1833189369124713,0.5642938926661982,3.0,1
5.304073498334935,0.03306662578918207,7.4600487815703005,3.290163949367965,0.9937658055078682,5.555178756004764,0.954797987841813,0.31103575120095284,1.0,1
5.904032528400554,1.5991399454410697,6.1616449223716385,3.3714848741196226,0.729144455463512,4.018597125337003,1.4691775125145041,0.00371942506740055,0.0,1
6.178228044248256,2.76982512641168,6.652978587068438,4.863662030297221,0.5516796876751249,8.98654050222829,0.6874979356868541,0.9973081004456581,3.0,0
8.597790185736512,0.583907355325516,8.99597162751446,5.731474323312438,0.9320863451292168,5.2003003401863825,1.653325697228549,0.2400600680372765,3.0,1
12.121232697867919,4.034731104663453,14.918672907396376,11.522657635095538,0.6671352489278465,8.865509926183659,1.3672346879978907,0.9731019852367317,3.0,1
12.19335543588379,0.7032328970268567,14.933983380942758,11.637947067067342,0.9423265481987579,7.265164133235635,1.6783317227622385,0.653032826647127,2.0,1
5.69790375436796,4.094070952517976,8.09014056315887,3.026899550056884,0.2814776926725905,8.519668044742863,0.6687941037660384,0.9039336089485726,3.0,1
4.951149515173235,0.9737518890733861,5.3013051972011125,2.2759983231560503,0.803328118835992,8.836013735268164,0.5603374625156095,0.9672027470536328,0.0,0
6.412558002223061,4.474254032621284,8.135372411981818,4.915499545725934,0.3022668908304329,6.839146031709915,0.9376255416233304,0.567829206341983,3.0,1
7.815210765141911,2.7213692098301587,8.376902643411466,7.4378516990799755,0.6517855638688277,8.99845672150629,0.8685056790308916,0.9996913443012581,6.0,1
6.541814937396979,0.37955202497240076,7.646966750073386,5.626165562787163,0.9419806233278396,7.83664954637685,0.834771913517746,0.76732990927537,1.0,0
8.905040917800411,0.29374755515396933,9.70631474771265,6.642583903697008,0.9670133402119699,6.619072780467867,1.3453607798479232,0.5238145560935734,1.0,2
7.652788280557164,0.33714763316760943,10.139581225019562,5.114812556553254,0.955944471373372,7.274716420954429,1.0519706663085477,0.6549432841908859,6.0,1
4.848586560328913,2.6545173628092833,5.281940758886733,3.805622317094462,0.45251727905024575,4.971356786632996,0.9753044829463481,0.19427135732659923,4.0,1
5.148769669151591,3.6431064104732336,7.087307174981818,4.965068623700987,0.2924316594893356,4.055163107201749,1.2696825091961543,0.011032621440349822,2.0,1
5.5431134507167705,1.8133323379672759,8.494797442045272,3.545933405998429,0.6728675402209571,5.283946738035711,1.0490479419134728,0.2567893476071422,6.0,1
2.1356772189926643,2.001760916768378,4.196840968753564,0.0,0.06270437359792158,6.174854308599535,0.3458668192411229,0.434970861719907,2.0,1
2.9927515889676775,2.651794666490826,3.2304520559885566,1.7207075613765999,0.1139275721158205,5.14026293430877,0.582217607778876,0.22805258686175395,4.0,1
9.677365625744633,2.398682721538601,12.400914131632208,7.928072790891025,0.7521347426248522,6.5701794899309895,1.4729225648363953,0.5140358979861979,4.0,1
5.66916053826496,3.0962777989557155,7.598399571333749,2.7070460456927106,0.45383839846184215,7.289720711123333,0.7776924196306216,0.6579441422246666,1.0,1
3.5744676707217238,2.1230357407336196,4.943400609537335,2.8394718726427457,0.40605540843933396,7.278969245500188,0.49106783531630344,0.6557938491000377,6.0,1
7.752068926898287,3.2123730827883037,9.731146362521644,6.033135845500535,0.5856108720032216,8.468822152665643,0.9153656538245108,0.8937644305331286,4.0,1
10.066474509681127,4.487898341459854,12.703607501099038,8.2335932689932,0.5541737738327601,8.831595482416049,1.1398251346230426,0.9663190964832097,1.0,1
4.0890683481444565,1.576340290119442,5.520450031890205,2.441746760071067,0.614498913711052,8.453475066799442,0.48371448615304347,0.8906950133598883,6.0,0
10.921478583084934,0.054969583119078624,12.515443031521622,8.314089909253546,0.9949668368892638,7.10087479673463,1.5380469161499968,0.6201749593469261,4.0,1
12.130058315500595,0.5653127049824465,13.487400513154455,10.315035719734245,0.953395714160743,5.028820772955646,2.4121079002724644,0.20576415459112915,6.0,2
8.168734348886089,2.490813832441292,8.386508627857085,6.6450642817122185,0.6950795893147209,8.717255795849635,0.9370763621247983,0.943451159169927,6.0,1
9.027371907898955,1.5491600421509342,11.38858228868103,8.658326827915435,0.8283930187039908,4.874301973836532,1.8520337796785222,0.17486039476730647,2.0,1
1.6309118838766645,4.229921671672466,2.0101471148021814,0.0,0.0,4.757136912552326,0.3428347583550288,0.15142738251046522,7.0,1
12.346238692262878,2.823507405483223,13.52994872312781,11.949916607778777,0.7713062677742774,5.587846639527175,2.20948059041713,0.317569327905435,0.0,1
5.7098168111793255,2.341598336844606,6.870285348002513,5.630107131086654,0.5898995687112134,6.868027806691441,0.8313619239596433,0.5736055613382882,2.0,1
12.086804806545159,3.5911777557240843,12.926927182805372,10.621211317354772,0.7028844419015177,7.407363159929021,1.6317283958656317,0.6814726319858042,4.0,1
7.947730297002911,1.1636544197209282,9.155251674686166,6.230394480559714,0.8535865742500419,4.06646338672818,1.954457606317598,0.013292677345635972,4.0,1
1.0554255861199313,3.6888234312706185,2.9094529172672168,0.0,0.0,7.890111358598751,0.1337656134561034,0.7780222717197501,1.0,0
1.4625039918812286,0.013774971888418253,2.3966659285043637,0.0,0.9905812415112116,4.875097745436211,0.2999948038478493,0.17501954908724215,1.0,0
9.165025668039064,2.7885481296107297,9.682561481133893,6.619254707356332,0.6957402815209612,5.482424257565106,1.6717104035486487,0.29648485151302123,6.0,1
7.752016165983197,4.206407179706005,10.360118697504998,6.712852048890931,0.4573789463747201,5.6104336289782575,1.3817142628590284,0.3220867257956515,7.0,2
1.3183892464728921,3.545369784152415,4.230887196044298,0.0,0.0,5.662229994493712,0.23283922549154165,0.33244599889874243,5.0,1
9.921519534668624,3.841353864663117,11.297271006297585,6.998712562683057,0.6128260543921393,7.801838011047357,1.2716900197901841,0.7603676022094714,4.0,1
11.225744044830181,1.7862961282717522,12.206803181863938,9.973578388401853,0.8408750349965088,4.204721811010898,2.6697947092322125,0.04094436220217954,6.0,2
6.9570097892717,3.7090752574505683,7.099456022606388,4.535138514864548,0.4668578355071057,4.982589091961597,1.3962640026839523,0.19651781839231947,1.0,1
6.589089284287059,2.4787424926362,6.699643906117219,5.011121931053571,0.6238110631544735,4.111596155762241,1.602562371076427,0.02231923115244818,7.0,2
1.0656773060155298,2.783431064264395,2.244323292951736,0.3937917514253375,0.0,7.891497283558831,0.135041205454859,0.7782994567117661,0.0,0
10.43979654992319,0.2651190270111158,13.230522604826088,8.698540638290542,0.974604962295643,8.918611691825618,1.170562965477219,0.9837223383651235,4.0,1
4.968592800953266,0.9069826372847647,7.160718431157958,4.314406715842301,0.8174568386624976,7.297735796332821,0.6808403235768042,0.6595471592665643,2.0,0
11.545163437390475,2.4793398698109868,12.592971694002799,11.53608246776325,0.7852486122646536,6.950695904594056,1.6610082782876041,0.5901391809188112,7.0,1
5.476727050696637,0.2646047602057394,8.38086632624282,4.769039004276607,0.9516856038731961,8.540331066942514,0.6412780731528872,0.9080662133885028,1.0,0
7.780934927568467,3.3365106296447093,9.067208637335659,7.2015034305031955,0.5711941224668017,5.2747699318174135,1.4751230912715008,0.2549539863634827,5.0,1
4.24410145839193,3.780256538348557,5.074479690315868,3.131337926793629,0.1092916662315424,4.332311525690026,0.979639029470752,0.06646230513800529,1.0,1
2.927059751019024,4.141630625826622,4.2061194851920956,0.26126903959115966,0.0,6.549849524861079,0.44688961783150377,0.5099699049722158,1.0,1
10.298894840575937,0.45795806630912667,10.933524521527435,9.135335619779909,0.9555332806676646,5.301743515869144,1.9425486747424412,0.2603487031738288,3.0,1
6.959085746155379,4.228741116102601,9.616002056757766,4.423522863682406,0.392342432561804,6.25540807340451,1.1124910900285825,0.451081614680902,6.0,1
7.437855085027008,0.30429003433182744,8.521375016280079,5.771016024632265,0.9590890074015576,6.281499252909047,1.1840891458488096,0.45629985058180933,2.0,1
12.584991441780826,2.133252971675169,14.55889833526379,12.562147329113126,0.8304922985809114,5.594159120340347,2.24966633430605,0.31883182406806937,5.0,2
12.562958946665844,3.781129592825153,13.730100543147335,11.996748807956198,0.6990255552949451,6.431622907915267,1.953310871382846,0.4863245815830535,4.0,2
11.267705460428843,0.31640012354004915,13.97289971432073,8.473871324804733,0.9719197378160782,5.900759402749508,1.9095348058384758,0.3801518805499017,7.0,1
3.251311513180403,0.08203982845042634,5.1784537683272935,1.4387911745872475,0.9747671583858245,4.565296683909383,0.7121796759977973,0.11305933678187667,2.0,1
8.131272331618959,0.1122647341799281,9.596028002462857,5.342631755902137,0.9861934603096025,8.3336285370289,0.975718115523051,0.8667257074057801,1.0,0
11.537769095866448,2.300716077462151,11.934198003410463,10.60740903495609,0.8005926398469517,7.50636857215113,1.5370640256957198,0.701273714430226,7.0,1
5.493567237387253,3.6521853506849835,8.199317225943865,3.343880102539024,0.33518874114627795,4.206544324999203,1.305957292483372,0.041308864999840544,2.0,1
2.2132739912270196,0.5734200198266983,3.8537245960423325,0.0,0.7409177435330547,4.5789321263565315,0.4833602967135762,0.1157864252713063,1.0,1
10.731554826879062,0.5607461433579328,11.586713745763316,7.804456018670296,0.9477479123571688,4.48257235356012,2.3940617084197013,0.09651447071202401,6.0,2
6.78116261634606,2.5584608477240622,9.414943291796172,6.726633166839178,0.6227105892495681,4.308717735044138,1.573823822617286,0.06174354700882763,6.0,2
7.772712164310143,1.0543302036536566,7.936033446493366,4.916000518940404,0.864354914814058,4.295283879202739,1.809592190622069,0.059056775840547714,0.0,1
12.785731555814133,3.2859618081519324,13.727962307802848,11.610960903001637,0.7429977476214344,4.785561664681001,2.6717306037819935,0.15711233293620025,6.0,2
8.286537165928866,4.2733592467953745,9.897022369535309,5.772559948694266,0.48430096176170845,8.23934704264964,1.0057274105623848,0.8478694085299281,5.0,1
6.099752627993217,3.447150329701859,7.119195636123096,4.465613873329965,0.43487047099548504,8.14116648099088,0.749247990719237,0.8282332961981759,2.0,1
5.439812414166374,3.9472891487051243,6.870015180302947,3.7458637850662777,0.27437035541417143,7.915732376391926,0.6872153018197285,0.7831464752783852,4.0,1
6.0114315118485475,2.3381372590725165,6.804380268841499,4.933297847289197,0.6110515017156826,7.073532532692863,0.8498485705783587,0.6147065065385726,1.0,1
2.420788998144025,3.7454368689788997,2.8110382709427166,0.0,0.0,7.617467766068173,0.3177944524986862,0.7234935532136346,1.0,0
10.537006701010862,0.8230643279400707,10.647569116861417,9.744965988497361,0.9218882220259847,7.6924060542015305,1.369793355520492,0.738481210840306,1.0,1
11.052602298244494,0.30756550678032324,11.52554199298092,9.575878139708674,0.9721725709040328,8.446564351538337,1.308532302394823,0.8893128703076674,1.0,1
4.4127656148809065,2.9517889955610865,7.271605156955342,2.73224211857848,0.3310795874571393,7.661715148178828,0.5759501011897852,0.7323430296357657,4.0,1
4.645559420919329,0.2337862669112517,6.371768820929544,2.417996140636864,0.9496753252453314,7.6822965401048275,0.6047097240607089,0.7364593080209655,6.0,0
11.492011076017759,4.016166386128562,12.958891451851613,10.077105064893148,0.6505253641366786,8.020405863567419,1.4328465755355422,0.8040811727134838,3.0,1
1.2876442663354655,3.1119936619833837,2.440615784252591,0.0,0.0,6.781774279638159,0.18986834613495387,0.5563548559276319,0.0,0
7.245489325206732,4.2849032643401035,9.370749763156887,5.789607036162806,0.40861092025446544,5.065143950213046,1.4304606930079407,0.2130287900426092,3.0,1
6.564108576178013,1.4124899534095605,6.987887003896293,4.586146665302229,0.7848161807475783,4.422712387845292,1.4841816515624684,0.08454247756905833,5.0,1
9.281521234941517,2.1877123914072936,10.109910837899507,7.259090806317072,0.7642937686581635,6.095217801909494,1.5227546474276645,0.4190435603818988,6.0,1
2.9607004017934537,3.3376066427030353,4.928406760784712,0.8323757202057225,0.0,4.458428358430313,0.6640681791365227,0.09168567168606252,5.0,1
9.019968889541845,1.0925054345736924,10.457161983297528,6.550069507960867,0.8788792458208595,4.846520157771656,1.8611227428978787,0.1693040315543312,2.0,1
5.520808094498517,2.4383196905025013,7.831085711375783,3.898640411618765,0.5583400747198067,4.119200058812175,1.3402621906376924,0.023840011762434977,5.0,1
8.424577338035704,2.9676027375246514,11.115906869905663,7.844742846426024,0.647744614542694,5.50103145518255,1.5314541294067436,0.3002062910365099,0.0,0
1.481140118473311,4.404638945011685,3.9512578925852795,0.0,0.0,8.849989112010093,0.16736067126492776,0.9699978224020185,3.0,0
6.540726366214113,3.3511648240907315,7.093349508996309,6.309372115737627,0.4876463810806927,5.894656363322053,1.109602657571705,0.37893127266441057,4.0,1
7.267010727788465,0.531588826255833,7.541421434369401,6.610145660404913,0.9268490379100336,5.204463030255407,1.3963036504520698,0.24089260605108134,0.0,1
3.5719168342598393,2.1390005312248963,4.080238635894985,1.1954442482654417,0.40116172058968647,6.0172473856911575,0.5936130933811622,0.4034494771382315,0.0,1
2.6754838501494485,2.6494685234530744,5.02607592495014,1.3702734171592506,0.00972359698411962,5.506692601033387,0.48586039642876866,0.30133852020667734,6.0,1
3.2616916361476167,0.6598041428895873,6.003184904625748,1.7675591331939655,0.7977110602433031,7.369384114641804,0.44260030219718766,0.6738768229283607,1.0,0
5.1296929367601765,1.9438472564148528,7.906039539871749,2.1675021813095863,0.621059724163031,7.172333805795403,0.7152055489407467,0.6344667611590806,1.0,0
2.1617217916596574,1.2780261735112035,3.056369159770994,1.4562043341129036,0.40879248271351254,4.136714538852481,0.5225697280671718,0.02734290777049626,4.0,1
12.367837548755254,0.5347239401791168,14.88886168279593,12.30917930014745,0.9567649608857505,6.556615779033925,1.8863142153767587,0.511323155806785,2.0,1
5.859928737949808,2.304188700585545,7.468635343016098,5.5258109093962755,0.6067889553565282,4.180998438377186,1.40156204895027,0.03619968767543717,7.0,1
10.707635230080989,0.7453488645555544,13.176010775125611,9.9741296510985,0.930390898780186,7.3868163320713744,1.4495602366058027,0.6773632664142749,7.0,1
12.69300547730616,2.657418338635755,14.338100004446163,10.515245404116753,0.790639156077971,8.679041653136292,1.4624892913976704,0.9358083306272583,6.0,1
1.9688233600328693,0.7636361950883945,2.406503019370224,0.0,0.6121357504232143,8.537439393637095,0.23061052257661965,0.9074878787274191,2.0,0
8.820033615219929,3.256177156212695,9.05769226843922,7.123566753177587,0.6308203235650025,5.028560560454633,1.753987748418905,0.20571211209092652,7.0,2
11.456909040894567,0.8785873036335168,14.328566488522586,10.691769844800083,0.9233137576201865,7.713225738606967,1.485358970313725,0.7426451477213935,2.0,1
8.610813207600739,4.033282953492673,9.888220876895476,7.045587524020268,0.5316025494627492,7.965329855202826,1.0810366129377922,0.7930659710405653,1.0,1
6.148313456288952,0.11794210446963982,7.199875390980906,6.103440788487149,0.9808171614365238,8.321837665546921,0.7388167978502471,0.8643675331093842,7.0,0
6.172916291655259,2.3489882417058117,7.24182554596019,4.12751346342987,0.6194686383676955,5.297993354002605,1.1651423244975674,0.259598670800521,5.0,1
1.430786632088307,1.440471446489461,2.567589866514723,0.0,0.0,6.2541742298608005,0.22877306891403185,0.4508348459721601,0.0,1
7.415209015471303,1.0128443659856585,10.250199499154318,7.349819397326673,0.8634098696513569,5.107522145182952,1.4518212167645315,0.22150442903659046,7.0,1
12.92251596144217,2.1222125062431663,13.110629723651696,10.471481060543782,0.8357740464337314,4.121547286055957,3.1353555023283852,0.024309457211191442,1.0,0
12.50449031166321,3.7890879134591735,12.861674173810107,10.214210706176845,0.6969818186091912,7.295063139324786,1.7141030958671861,0.6590126278649573,5.0,1
1.4847907461059582,4.11874742486992,3.8537452925515057,0.5601195094010188,0.0,6.157318089465728,0.2411424461968626,0.43146361789314563,3.0,1
9.469564043553858,1.364618781665306,11.117792517574273,7.56343409165694,0.8558942338434015,5.240584402817836,1.8069671845113533,0.24811688056356723,0.0,1
4.62117840036317,0.6940962994278206,5.0067886742460255,2.81669950996825,0.849801016257396,8.235519736498059,0.5611277184951785,0.8471039472996118,6.0,0
11.835869840873642,3.2406320140483826,11.939250251208652,11.406329003193031,0.7262024627157287,6.4784031998960145,1.826973325936802,0.4956806399792029,5.0,1
1.5413769485113424,2.6189942645519473,2.2140799933490247,0.9615990451682449,0.0,8.973288386062952,0.171773923025294,0.9946576772125905,7.0,0
12.230489224132967,0.9045726690490196,13.01292143726378,10.180870815448579,0.9260395350936466,7.966789134694835,1.535184252695983,0.7933578269389671,4.0,1
11.049708925453324,3.4213310463934645,11.092348014177249,8.249053986643299,0.6903691247004408,8.3460559986796,1.3239437798166536,0.8692111997359199,6.0,1
2.410052587031218,2.335186958589635,3.0583242020427983,0.6811996249349588,0.031063898291864733,7.866661243988359,0.306362828178595,0.7733322487976718,7.0,1
1.7178920478075903,2.940278397783334,3.9328488586647894,0.014452611128955795,0.0,4.529624494753108,0.37925705536905124,0.10592489895062158,7.0,1
11.01649197192323,1.6170256528352493,13.582793040834241,9.076446887811715,0.8532177341973814,4.325145003268354,2.547080378484067,0.06502900065367072,4.0,2
2.8690920516949525,1.975939025860692,5.563799541004106,1.5473571511605662,0.31130162774199566,8.575393863072318,0.3345726269262038,0.9150787726144636,0.0,0
7.418777835710446,0.8115394426872399,8.588519933641077,7.2562617052064144,0.8906100896052073,4.690985940199011,1.5814964978120807,0.13819718803980213,2.0,1
11.988938294544514,3.404321404404034,12.947179472255186,10.799426754370423,0.7160447972316992,5.956130753371301,2.0128735904191677,0.39122615067426025,4.0,2
7.80937736259188,0.7065509586830634,10.808959907215542,5.108620732238211,0.9095253147750868,7.049555057779655,1.1077830158903021,0.609911011555931,0.0,0
5.76679961767389,3.502361676379776,8.074820970438656,3.351959216499244,0.3926680466500244,5.059491749509978,1.139798205666096,0.2118983499019956,0.0,1
6.340192658247906,3.5910353469806373,7.952248900970569,3.55792195251671,0.43360785065275764,5.126425218538884,1.2367668283387085,0.22528504370777683,3.0,1
1.7574060484464522,3.3597043382480476,2.521720346514642,1.2989112930492204,0.0,6.331206711456883,0.2775783714763679,0.46624134229137654,7.0,1
12.625027856339186,0.08740254626433192,13.5889442149945,11.107154585222696,0.9930770413135804,5.8044754572996355,2.1750506052122436,0.3608950914599271,2.0,1
4.727850220972993,1.229099456730031,6.273943267461155,2.973665756534162,0.7400299503402876,7.382878335099021,0.6403803511831245,0.6765756670198042,7.0,1
3.272361900074246,2.107519842563162,4.898610659446498,2.642585370095323,0.3559637023902079,4.375380977603138,0.7479033064377555,0.07507619552062757,6.0,1
4.432567622084743,2.679949704225581,4.473603554905777,3.829656904277833,0.3953956413720461,6.443793347389098,0.6878817154930542,0.48875866947781965,2.0,2
12.572478338697746,4.136499447160726,15.45067859451217,10.226379540769338,0.6709877451585108,4.8712995885775845,2.580928992373655,0.1742599177155169,1.0,2
2.131432641856084,1.6902268745791602,3.8582513839107744,0.1158768906994645,0.20699962955090856,7.03362504500374,0.30303472650566216,0.606725009000748,6.0,1
11.407636486014177,3.9376049344827937,13.175111219241577,9.466073875568696,0.6548272782613367,4.581066458801716,2.4901704851053634,0.11621329176034312,6.0,2
9.494126732817374,0.7354317966157644,10.128540134078833,8.69316435886833,0.9225382368160652,4.988159332647069,1.9033326924180511,0.19763186652941372,5.0,1
10.960230149908337,1.6707621937888213,13.255191686312081,9.439921877166718,0.8475613950677127,8.019444914216567,1.3667068316010822,0.8038889828433134,7.0,1
12.710770484414756,0.2352690486959535,14.922564044690283,12.641560623946772,0.9814905753365284,5.175834950190069,2.4557913084048373,0.23516699003801378,0.0,1
11.105855866202463,3.3412018097503,11.391329786416755,10.716017708401179,0.6991495432676824,7.685326693969128,1.4450727091299205,0.7370653387938256,3.0,1
12.320588215334235,0.6779374084481082,14.105571332113996,10.76583562705186,0.9449752400941096,5.365313498440955,2.2963407858486433,0.27306269968819097,4.0,2
2.5232230814910372,1.15659007041806,4.497804317480677,1.5942062545952989,0.5416219521364709,5.175137526169156,0.4875663822906805,0.23502750523383115,0.0,1
10.54946278200364,3.4885496348694667,13.056167305725273,7.652453511314091,0.6693149493052297,5.495773914406337,1.9195590914593166,0.2991547828812674,7.0,2
7.548108328972573,2.406225228402195,8.166381865725704,6.133654159171541,0.681214799320491,8.404659922113742,0.8980861092442929,0.8809319844227484,4.0,1
7.5219471409583285,0.06287723738308154,10.154851531377545,7.271254671887776,0.9916408296675333,5.98582829668364,1.2566259451721582,0.397165659336728,2.0,1
11.787058915846163,0.010058421363287107,13.17150213096895,11.733531874080226,0.9991466555452807,5.218802649419868,2.2585753299478446,0.24376052988397365,1.0,1
12.661645823760535,2.297972842829537,12.95121668167747,10.485872202217521,0.8185091515893441,6.683197368484565,1.8945491395283454,0.5366394736969131,0.0,1
9.45805987651817,1.3722998118713767,9.774923541050798,8.943539662367229,0.8549068382112457,5.928207058925678,1.595433456103367,0.3856414117851356,4.0,1
6.7952606736614065,0.811401506978297,7.388674034680915,6.231823566646229,0.8805930271191349,7.950987598858316,0.8546436010838627,0.7901975197716633,7.0,1
6.476846294822144,2.761172719722499,7.325098412778069,5.205424626900131,0.5736856188898765,8.95222809156514,0.7234898651571088,0.9904456183130279,0.0,0
5.636097486678182,1.027964122728422,7.125314900057581,4.8439157192177875,0.8176106561041253,6.632872213329168,0.8497220066070463,0.5265744426658336,3.0,1
5.339188354871952,2.6649321735822658,7.5854419481056325,3.489457115633384,0.5008731671452378,6.258744488264247,0.85307658187412,0.45174889765284937,5.0,1
5.698082100213177,1.706696777638228,6.258259806271473,4.241004578541885,0.7004787316815991,5.715176991569428,0.9970088605512186,0.3430353983138856,3.0,1
2.0770388230143433,0.8403579795140537,5.054994206512953,1.742687018582653,0.5954057429246953,8.86669366135069,0.23425178565354224,0.9733387322701379,5.0,0
1.9292330231252586,0.6214713204093689,2.4137988184361965,0.0,0.6778661193541995,6.41641638002341,0.3006714198180231,0.483283276004682,5.0,0
10.35843812646774,1.0658727140727964,12.156572029634184,9.080861563224996,0.8971010203411561,4.889984299680247,2.1182968066267764,0.17799685993604938,7.0,2
6.352874715042713,0.13424448605843287,9.139696022656732,4.520371756274811,0.9788687024252878,8.846079526923381,0.7181570882002017,0.9692159053846762,4.0,0
12.168213862535445,1.386571329163208,14.665736131165927,12.1563868649374,0.8860497239095785,8.804410629996784,1.382058876386129,0.9608821259993569,5.0,1
8.346652103127429,4.0587961058180735,10.29031970811691,6.467452002817818,0.513721662809299,6.178625261675383,1.350891460419169,0.4357250523350766,2.0,1
1.422111786213037,3.741129566473627,3.5685907765857325,0.5735622151202336,0.0,5.740930065164786,0.24771452884302242,0.3481860130329572,1.0,1
2.8902800958097536,1.674016905238465,3.2928969759258466,1.407167866179773,0.42081153045844677,7.402187233443177,0.3904629813673762,0.6804374466886355,0.0,0
3.469837516156091,2.591251283618117,3.4988266774368357,2.5766757046922217,0.253206736179185,8.14462065392805,0.42602813115459603,0.8289241307856099,0.0,0
12.708832292675927,2.5531225155632633,14.011278645757045,9.720050058749198,0.7991064437104405,6.492660661417637,1.9574151423310369,0.4985321322835274,6.0,2
3.6244507138196185,3.7293189263717053,3.8930074928345277,2.9319237696847478,0.0,5.654064955265167,0.6410345021672353,0.33081299105303347,0.0,1
7.189068115456616,1.0633054568263454,8.26232580119509,4.450489310988846,0.8520941184935749,5.506970054315067,1.3054489210130198,0.30139401086301343,3.0,1
12.234123179682353,1.3337436995685557,12.905351560391566,9.480223284192602,0.8909816682421874,5.63299363607209,2.1718688090358396,0.326598727214418,4.0,2
12.726312758972288,1.3580344518552518,15.475352926114516,11.463310800169184,0.8932892442944393,4.59016470061205,2.772517673990079,0.11803294012240997,5.0,2
3.836325224602535,0.1839149539725345,6.476493221626708,2.9243158780324663,0.952059603082377,7.893102181776044,0.4860351654207668,0.7786204363552087,0.0,0
1.5894117250004816,1.4160953848013649,4.046240270593507,0.4463050843041081,0.10904433223497467,4.524799317595682,0.3512667885224661,0.1049598635191364,6.0,1
2.843221990453102,3.950611994646031,4.985054885695065,0.0,0.0,5.991572474669264,0.474536860310623,0.39831449493385274,3.0,2
1.759941744430697,4.103944414071664,2.222157531742778,0.0,0.0,8.174716685704325,0.2152908549734115,0.8349433371408651,0.0,0
3.3414908931080367,0.49335905595847673,3.4865931717054917,1.707150179646121,0.8523536134795249,6.020529478459499,0.5550161169484116,0.40410589569189986,1.0,0
7.822836576444825,2.0612634372829413,9.784500150008903,7.715082932426543,0.7365069029449538,5.473808989629762,1.4291394879261117,0.2947617979259524,6.0,1
11.949385555547702,1.716070057144376,13.876159967072999,9.405856464356624,0.856388426905544,8.741268619016337,1.367008162814287,0.9482537238032673,7.0,1
7.44662660433208,2.2021163848052456,8.554899458595523,7.195210236910483,0.7042800046501374,4.632718767665053,1.6073988035507865,0.1265437535330106,6.0,1
8.511874680388969,2.496237858264047,9.92993467969576,8.370957579285825,0.7067346557609355,8.424269513922372,1.0103991409963577,0.8848539027844744,2.0,1
3.4224070193144933,0.09116442007985731,4.889855184028462,2.597832760960517,0.9733624844837662,4.310383993684023,0.7939912138522516,0.062076798736804585,7.0,1
10.607003448086202,3.7900901156452234,11.32678784632572,9.179637632913646,0.6426804107121262,6.06764706426285,1.7481246578363456,0.41352941285257006,2.0,1
8.413466902066999,4.381488329280023,9.355966737789757,5.727600022053797,0.47922914771274727,7.158605277489335,1.1752941496192912,0.6317210554978671,1.0,1
11.369641950312698,2.9403216540163903,12.624810614303202,8.999405553064182,0.7413883685285689,5.850191920708404,1.943464779346237,0.3700383841416809,6.0,2
12.38611728406941,2.9720350732201615,14.19565437380418,11.793220850551881,0.760051111655249,6.673032104807292,1.8561453158821726,0.5346064209614584,2.0,1
5.174809309079107,2.3759093602381878,8.042266927131283,4.058570723797278,0.5408701619072805,5.020008332935911,1.03083679664983,0.20400166658718213,4.0,1
2.086948702425272,1.5042303527147178,3.702402530982392,0.0,0.27922025540607165,6.845172587334184,0.3048789019997556,0.5690345174668368,5.0,1
3.7111474950013896,0.6704002088078449,5.904639223630994,2.1298701525940977,0.819355008198726,4.6727935844961905,0.7942031737319971,0.1345587168992381,1.0,1
6.2540987881100465,2.628285042132228,8.675102095296706,5.730622962037809,0.5797499957741343,7.980481580447882,0.783674359130474,0.7960963160895764,7.0,1
12.348323821893679,0.20223631579143175,12.68884818581934,11.16015821385868,0.983622366994226,6.91894956721065,1.7847107717641397,0.5837899134421299,1.0,1
5.539717868480983,3.7102615546134325,7.499091871142806,3.661910454951862,0.3302435895294422,6.4096605740942625,0.8642763223485964,0.4819321148188525,7.0,1
10.24927856398444,1.8941026476177696,11.695610724747713,7.329601539557936,0.815196490582901,4.273333979165407,2.3984267585811656,0.054666795833081316,2.0,2
7.4857203060490605,1.8663940087288866,9.203013132792737,5.500284141479833,0.7506727566055746,6.498871679583611,1.1518492247763041,0.4997743359167222,3.0,1
3.1937052451717185,1.472268863141576,3.308956052478852,3.1451197584775277,0.5390091601698781,6.817847151806202,0.46843309538343547,0.5635694303612404,2.0,0
4.848809427441419,4.362092499143639,7.567456637083575,2.733784597543835,0.1003786466721599,5.328337567035823,0.9100041741797588,0.2656675134071646,4.0,1
8.838302620273824,0.7871262874682348,11.696655069000174,8.085708197902132,0.9109414645225342,7.387951704541109,1.1963129936056887,0.6775903409082218,0.0,1
9.074240736218721,0.6808851966384502,9.084686507272556,6.487763993577277,0.9249650503627505,4.383825743567603,2.069936458932788,0.07676514871352058,1.0,1
6.2171169617085535,0.7448917569526357,6.855491737833086,5.065447237030138,0.8801869481400381,5.043445407242479,1.2327122551541176,0.2086890814484958,4.0,1
3.7437472319453757,2.963373672828438,4.2843297530722255,3.144902118682475,0.20844718159869713,7.687742586621176,0.4869761428355502,0.7375485173242351,5.0,1
9.662881354152116,4.463528934283192,12.00679490599167,8.259039794621412,0.538074744924274,4.736111094630121,2.040256480703767,0.14722221892602416,7.0,2
3.0264764993525772,1.059638266807896,4.820716676688038,2.260882576407561,0.649877252628734,5.227744098113081,0.5789259081072778,0.24554881962261615,6.0,1
12.240036302381519,4.075278286803695,12.772037292271714,11.532571836887968,0.6670534150286158,7.254276739521921,1.687285547806131,0.6508553479043842,7.0,1
3.2548429484377204,1.253774516436776,5.696755814394302,1.5350575461172413,0.6147972309881893,7.644208519055562,0.4257920150037789,0.7288417038111124,6.0,0
2.2877483539902452,2.915549640563851,3.3481729694074907,0.0,0.0,4.25744627311716,0.5373522546686731,0.05148925462343197,6.0,1
6.971772428384545,0.18224528370015475,8.354343057263852,4.4669093059049185,0.9738595478305961,4.632947066261075,1.5048245379610976,0.1265894132522151,2.0,1
7.234595177316328,2.2304428855928506,8.396514993278265,6.041585565905155,0.6916976235814437,6.230590029216313,1.1611412632498788,0.44611800584326267,7.0,1
7.098314977338937,2.945564848255418,8.662455596662625,6.897903686548119,0.5850332286382041,6.963974724160981,1.0192907439356251,0.5927949448321963,7.0,1
6.240009872066073,2.4134389975018284,7.680437278552249,4.788084876669413,0.6132315417791581,6.268906171728054,0.9953905356260875,0.45378123434561085,4.0,1
12.9377787139553,1.07025923196806,13.761530721942627,11.636434282870143,0.917276430859524,7.2353499640587895,1.788134475626337,0.6470699928117579,0.0,1
6.835367352046982,3.7282362672056197,8.109035464528503,6.2444305072878645,0.45456680304254204,7.779964532609795,0.8785859271461297,0.755992906521959,0.0,1
6.735358968877971,4.365614300572082,9.460370418440872,4.046924265445611,0.35183643206780113,8.747719237539512,0.7699560063581143,0.9495438475079023,3.0,1
6.061192752574735,2.066382430614294,7.569875162012471,3.1387479935126685,0.6590799014374662,5.749403565647236,1.0542298315586063,0.34988071312944713,5.0,1
1.8019090564175548,2.8616366933516417,4.551068287684682,1.6466674923183104,0.0,4.815523842522331,0.3741875474701689,0.16310476850446615,4.0,1
8.115479573795392,3.5568597075550765,9.765860717249286,5.728240434223094,0.5617190980259434,5.320420021441019,1.5253456571267732,0.26408400428820383,7.0,2
3.735613266678189,1.0867007727980729,6.042065146470666,1.798463592853573,0.7090970892272268,4.740822225258955,0.7879673797458501,0.14816444505179102,4.0,1
8.651307762748598,3.8900267186795343,9.532081691727736,7.866998988250874,0.5503539088703465,5.971228209864581,1.4488322098385849,0.39424564197291617,5.0,1
1.6100015433817259,1.2609040738949888,3.9812420135149496,0.0,0.2168305185307311,8.362836329507827,0.19251860014298264,0.8725672659015654,6.0,0
12.77664521503602,3.491238615818575,13.569610053990976,12.390715639985595,0.7267484103174471,5.735299484721783,2.227720670746422,0.3470598969443566,7.0,1
6.628060948152067,0.5044465459188993,6.686710863080986,6.419841423259575,0.9238922891830768,4.7441135111129835,1.3971126391950734,0.1488227022225967,4.0,1
11.76106445908838,1.2977401653637637,12.24325128862146,8.7805972339316,0.8896579327595698,6.613164410114846,1.7784321891498436,0.5226328820229693,4.0,1
6.706734078795217,2.4012897027294047,6.771692703891328,4.797624503419237,0.6419584145550665,8.959719083300701,0.7485428969860628,0.9919438166601402,0.0,0
1.7239698228906608,2.362149430669418,4.565157748564946,0.9643019492909602,0.0,4.940906093343798,0.3489177471340991,0.18818121866875953,5.0,1
10.866562553125682,3.826940330188648,13.866493614378765,9.516460685414383,0.6478242027799437,7.889374758783609,1.3773667604048636,0.7778749517567218,1.0,1
8.778204756005612,4.482572659373733,11.064895546864175,5.927940209112091,0.4893520048838028,8.116794717871514,1.0814866041490256,0.8233589435743027,2.0,1
10.381084570887342,0.4824488063706328,10.705469062142106,9.064909365726914,0.9535261654910693,6.006691717505009,1.728253264710465,0.40133834350100184,4.0,1
6.13803836210648,1.2212465977126667,8.834874743104429,3.436704766099447,0.8010363367469158,7.097757193322624,0.8647856209960209,0.6195514386645249,0.0,0
8.655240930959739,1.609191946003841,10.886569480758052,6.048813337024354,0.8140788963773646,6.161867253755943,1.4046457955880125,0.43237345075118866,5.0,1
11.27474804555929,2.1551328351450225,12.271481591765554,10.24227909728676,0.8088531267894851,5.311634682699859,2.122651258807662,0.2623269365399718,2.0,1
8.57278531446265,2.2225938441947957,10.079619049889445,6.4847583022313415,0.7407384225001894,6.130594000361802,1.3983612866806576,0.4261188000723603,4.0,1
5.17208361803084,3.852877784167875,7.157361641816746,3.1905881066830624,0.25506274284970365,4.476450683150357,1.1553983242792976,0.09529013663007149,2.0,1
8.950355132394398,3.467516862532949,9.02250655941421,6.636719520534872,0.6125833208580944,7.5347805683044635,1.1878720357225316,0.7069561136608927,2.0,1
9.062250263368808,0.08483210567078991,10.566872999668494,7.964462770566351,0.9906389579623842,8.14596515814652,1.1124833076785188,0.829193031629304,3.0,0
12.527043550079501,2.0475979226243455,14.724229849844455,12.370334054585102,0.8365457967445679,5.536999666852414,2.262424472422025,0.30739993337048277,0.0,1
5.45094785850003,2.7813322720983997,6.015623974189029,4.937830135162497,0.4897525450071438,6.832384121899913,0.7978105096620739,0.5664768243799825,1.0,1
6.100981210169574,2.0717801419186053,7.432352930607573,4.251320147148297,0.6604185342408191,5.160742660197182,1.1821905512212592,0.23214853203943644,6.0,1
10.74547553424471,0.5879036521156604,12.343065921799509,8.42017497355265,0.945288261069315,4.6373022508640585,2.3171824808793797,0.12746045017281168,0.0,1
7.069147776912895,1.7886333766079168,9.275843892790592,4.801001873306107,0.7469803386414684,7.318092825560798,0.9659822504876704,0.6636185651121597,3.0,1
9.838877117388797,1.8524506280838124,12.73223824976812,8.087832362043706,0.8117213371015811,4.670537982539562,2.1065832574685537,0.13410759650791243,1.0,1
6.516513573443104,0.8447216510239144,9.061340217455978,6.262239136298427,0.8703721489253966,7.9098953460308365,0.8238432101017712,0.7819790692061673,4.0,0
3.5859417017524056,3.4033820151192904,5.450496962442256,3.534075820194968,0.05090983117318959,5.358772743754621,0.6691721916984892,0.27175454875092414,5.0,1
9.94244611337213,1.4463030606411456,11.693368137876558,7.596020841405911,0.8545324717731249,8.092566965013303,1.2285899092780366,0.8185133930026606,3.0,1
2.573862030216519,2.6504428075587727,4.383422109434531,0.9257327276469312,0.0,5.842522871952134,0.44053948724320985,0.36850457439042683,6.0,1
3.383003962375697,2.320785814314454,5.018539890355019,1.0348676541811734,0.3139866697984314,5.844212963214924,0.5788639092499281,0.3688425926429847,2.0,1
8.521899793410503,3.9484218564737494,8.699988434187274,8.033534408972336,0.5366735173855438,7.7528638033624215,1.0991937959382894,0.7505727606724844,4.0,1
9.967237602304838,0.5490671933827718,12.062126786069452,8.744968089991406,0.9449128017921631,6.551328873177356,1.5214069992903265,0.5102657746354712,2.0,1
11.73625464241378,0.5141835371405706,13.885265042802589,8.978746781179861,0.9561884474385587,5.00488713204937,2.344958903720191,0.20097742640987395,4.0,2
4.271037968990701,1.351438511053571,5.808479055791783,3.7562439952492035,0.6835807780531316,8.252042740267175,0.5175734182942947,0.850408548053435,0.0,0
2.328691103206652,1.9404673565662578,4.939853919414281,2.1441103917690194,0.16671328632028648,5.7007660461787975,0.40848740052533206,0.3401532092357595,2.0,1
12.47255991427155,1.343440119384628,14.489870322541584,10.512157762926304,0.8922883410768454,4.513883804192007,2.7631548474261534,0.10277676083840141,5.0,2
2.8530770562657093,3.434341870778597,3.94107102983676,1.0694680344004404,0.0,6.080005224614388,0.46925569154369595,0.41600104492287765,6.0,1
3.3720037870556743,1.1036962939918484,3.431086847851577,0.5159122694824743,0.6726882993937677,6.869808815848395,0.4908439051865004,0.573961763169679,2.0,0
4.495953442701589,0.38148634247510127,4.67343838219463,1.7765481795369618,0.9151489562031878,7.049426669695487,0.6377757587051828,0.6098853339390974,2.0,0
7.35269624831545,1.8620991444786639,8.408091033240808,5.104405077653737,0.7467460804048198,8.1780392265191,0.8990781340926693,0.83560784530382,2.0,0
11.593906792408937,3.480206796623178,12.980222768004985,11.536435078774181,0.6998244975626482,6.707034118967373,1.7286190269439028,0.5414068237934746,2.0,1
10.126552272758403,3.827528746140336,10.627165631283678,8.685391367538722,0.6220304163701569,5.11855241533675,1.9784015969859274,0.22371048306735003,7.0,2
9.497890646111621,3.3000518176350786,10.065875565379518,6.8095848365005045,0.652548977389406,5.308331653679541,1.7892421321354388,0.2616663307359081,5.0,2
3.102166814272044,2.5104900532488483,3.792800890610053,1.8012135499286122,0.19073015619311207,4.5042029414720135,0.6887271409796265,0.1008405882944027,3.0,1
5.292191578311691,3.258862657871295,7.633731597040509,2.4057544194727067,0.38421302221433684,7.679621446181309,0.6891214124809801,0.7359242892362617,3.0,1
6.740859113040136,3.066252908867376,9.05472263589545,4.783395171108189,0.5451243146536418,4.52970773249879,1.4881443817395203,0.10594154649975795,4.0,1
2.76911144182703,1.0546498462277738,3.9179283980683666,2.4407400591986477,0.6191378106718857,7.029063161373978,0.3939517085354728,0.6058126322747956,4.0,0
4.28115642552007,2.478415014914372,4.798249570273257,2.7533401999600198,0.42108748931936146,6.984736970233066,0.6129302282627282,0.5969473940466132,3.0,1
4.699998447434131,3.467741996872944,5.032723602624539,2.6131470404986885,0.2621823101311689,7.927517784876789,0.5928713848362788,0.7855035569753579,7.0,1
2.527314379948471,1.427042978438122,2.7887023160899904,2.331207463229609,0.43535201249192523,4.373148498427105,0.5779164327160334,0.07462969968542107,2.0,1
7.602876302899091,2.9428791602261914,8.776714055597207,6.568927706686789,0.6129255504125422,5.014556717555857,1.5161611945242501,0.20291134351117143,3.0,1
9.460338358290315,2.166661923834593,9.596965658253673,7.309095169128356,0.7709741616233106,8.547811885115692,1.106755563346405,0.9095623770231385,0.0,0
1.8391795777223345,2.26421482925259,2.8400846891013396,1.3679654908012322,0.0,6.861184147310061,0.26805570849506904,0.5722368294620122,3.0,1
6.773477221157798,0.4052476700197188,9.65807694878121,5.728457526346229,0.9401713984135243,6.288451065550393,1.0771296700175488,0.45769021311007857,6.0,2
10.38653434321354,2.997977243874209,11.909048190043656,8.316803375811839,0.711359232559313,7.738381327311409,1.342210199251346,0.7476762654622817,7.0,1
9.975881547429363,3.8955916590953406,12.44381551793493,7.649258841837022,0.609499006120499,8.512652255445792,1.1718887660479143,0.9025304510891583,3.0,1
10.780877154625049,0.6364407961163826,11.168674992311246,9.225341773148788,0.9409657686486719,5.315048184747745,2.0283686581736444,0.26300963694954904,1.0,1
6.378887598047284,1.647475479974022,7.183123945276399,3.5083150149472555,0.741729971777783,8.507378144056716,0.7498065197094357,0.9014756288113432,5.0,0
10.846684991678329,0.21900354678375755,13.686324325310355,8.07069241528134,0.9798091723921384,4.543473130203768,2.387311354296899,0.10869462604075367,5.0,2
3.8890368545712337,0.13334348689375997,5.039692545373304,2.4687256928478782,0.9657129793622228,8.88841523864939,0.4375399607413233,0.977683047729878,7.0,0
5.3297267370101835,4.453463235022847,7.274945122355151,4.8489035066762165,0.16441058711368273,4.824259125498051,1.1047762150338367,0.16485182509961013,4.0,1
3.1162669170136157,2.220621787378731,6.044647254501384,0.7974722253617403,0.28740963257832874,5.3311818430114695,0.5845358512950861,0.2662363686022939,0.0,1
6.609814473142862,1.5998355838586087,8.26217774213507,5.88039574696343,0.7579605917292997,4.482969700458206,1.474427648366053,0.09659394009164117,7.0,1
5.704720268985319,1.236946844812585,6.620758116671527,3.1762563389880043,0.7831713411896011,8.018382534433002,0.7114552398177288,0.8036765068866003,5.0,0
3.8911253969717463,4.410056902252316,5.486970764827934,2.1296923735064515,0.0,8.921160310208395,0.43616808370982535,0.9842320620416789,6.0,1
10.021368510769378,1.1351285348475766,10.185280108761956,8.839089491576138,0.886729189368925,5.48488254284884,1.8270889909639327,0.2969765085697681,0.0,1
4.766161265339759,3.2656877808198446,5.103270887617833,3.097011189592127,0.31481802670664616,5.628059802008969,0.846856897938158,0.3256119604017938,3.0,1
4.273651961750028,1.276911431126702,4.295165276906838,2.6752256563762464,0.7012130509093173,5.394899516900013,0.7921652568991183,0.2789799033800026,3.0,1
2.5706839702059407,0.317202774106136,5.223314094900953,0.0,0.87660763525097,4.774140501074625,0.5384600578108872,0.15482810021492507,2.0,1
6.265860421623384,3.074744765330736,8.279701708322172,5.622771272338696,0.5092861062273522,7.937221083693463,0.7894274778985573,0.7874442167386926,6.0,1
4.635575546047624,0.00733881433439193,5.530564841445869,1.851100188392595,0.9984168493725338,4.303599200045612,1.0771392340621528,0.06071984000912245,1.0,1
5.431274096091624,3.0408683020225626,6.094758353713537,5.3372509717120575,0.4401187919772289,8.838870652371414,0.6144760241099859,0.9677741304742827,0.0,1
3.831967151446632,1.126694695454204,5.881196954919972,1.524357306847402,0.705974855491948,8.636577622545241,0.4436904661683956,0.9273155245090482,1.0,0
10.157865877838805,3.3574690443217556,12.916462072194653,7.39886148570411,0.669471020320649,4.592195426421232,2.2119846684649884,0.11843908528424638,7.0,2
12.160040168256607,3.463875753077922,13.05745744141294,10.977883595297019,0.715142737593889,6.647619256052412,1.8292323461794746,0.5295238512104824,0.0,1
6.975182233466652,3.2584825746789208,7.939859561626997,6.75598067248085,0.5328462446407709,8.964256793221685,0.7781104886175204,0.9928513586443369,4.0,0
8.71598108008999,0.11017548660424675,11.27870325567131,6.301978485608861,0.9873593706099337,8.263096245242131,1.0548081277776027,0.8526192490484263,1.0,0
11.406067319280472,3.166814788396958,14.08619476693173,8.877472752205268,0.7223569965220291,7.575668629792797,1.5056185634128563,0.7151337259585594,3.0,1
12.985955648003904,4.455655263250934,15.728065348493239,11.977183484038543,0.6568866101174602,4.11230472720451,3.157829127325295,0.02246094544090198,4.0,2
8.362197816757986,1.091814158365303,9.24166044077807,6.806417959700267,0.8694345455237511,4.341887226841207,1.9259362069709074,0.06837744536824139,0.0,0
11.677353598478424,1.2340735750140235,12.03829130126747,9.248946394447977,0.8943190711314227,7.970085492213462,1.465147846894096,0.7940170984426924,1.0,1
11.903298958667705,3.660869473112428,13.223291674663331,11.327170026917345,0.6924491701145867,5.882224270954843,2.023605087185069,0.3764448541909687,4.0,2
10.497417853691468,0.7217856227523625,11.38471244911501,8.610490584517658,0.9312416031435251,7.342159387295238,1.4297452969838875,0.6684318774590476,0.0,1
6.531176692877322,2.972626539770482,9.18277669331283,5.239284714329864,0.544855899701454,7.69590813521579,0.8486557503189571,0.7391816270431579,3.0,1
1.9738480050867917,3.397618698752603,2.0837528304974264,1.450600748324001,0.0,6.110920887625445,0.32300336420388204,0.4221841775250891,4.0,1
1.1896666652816061,0.1672229781871073,3.0913080741904233,0.0,0.8594371153977624,4.716908753503898,0.2522132030639509,0.14338175070077952,1.0,0
6.726407599395095,2.4919294241935175,9.444951696639437,5.7523651027953155,0.6295304161440326,5.933472515396059,1.1336376096698086,0.3866945030792118,1.0,1
6.931774402415413,2.591447663411473,9.86178550283361,4.1284960554503645,0.626149451357149,8.355242211593023,0.8296317721103851,0.8710484423186046,3.0,0
5.888348654355667,1.3654930382630739,7.838740452249796,4.181547044896261,0.7681025498969043,5.655428895159893,1.041185162701827,0.33108577903197867,5.0,1
7.818008215496374,3.9435510122888275,10.667777086563515,6.27447827134216,0.49558111176294706,4.313247212972866,1.8125574142799676,0.06264944259457313,0.0,1
7.625952439653124,0.7323737368493537,7.8529308275283265,6.356034606995047,0.9039629813266097,8.795657085923908,0.8670133868517094,0.9591314171847817,2.0,0
11.039356492392315,1.6388761927763724,12.117191530381035,9.8373438228234,0.8515424160904859,7.4033845448693425,1.4911229351233357,0.6806769089738685,7.0,1
2.303885239147149,3.819009092162982,2.33002933112735,0.0,0.0,6.704283759687829,0.3436437540129454,0.5408567519375659,2.0,1
3.7021319932665455,0.8578924047269663,6.645683309839001,1.6696294448081677,0.7682707136624775,8.145536733406189,0.4544982257686583,0.8291073466812378,2.0,0
10.516059747515564,3.6961836134745374,13.224239183815662,8.194989354145298,0.6485201014241322,6.0558033904854796,1.7365259519550744,0.4111606780970959,5.0,1
11.174042406683855,0.3558112981558007,11.258200075428459,9.910789927850228,0.968157334185257,8.925578970052976,1.2519123346703787,0.9851157940105952,3.0,1
12.937890563450413,2.2015308023549554,12.992288514829712,12.153578889342207,0.8298385048506834,8.287865346989118,1.5610642815463445,0.8575730693978236,3.0,1
11.47494419664501,0.33898798100566535,12.57585267896411,11.214348541060465,0.9704584200849729,5.402723708279954,2.12391838195595,0.28054474165599075,6.0,2
11.678788084867973,3.0505661327768143,12.454401985240679,9.348820114915839,0.738794290074551,5.855239935888199,1.9945874486348238,0.3710479871776398,0.0,1
4.772175311558858,3.557706700750201,7.312972143286364,3.5263460200057453,0.25448952134408154,5.378714820992228,0.8872333764440999,0.2757429641984457,5.0,1
5.8199396081125165,3.824363467110613,6.301392817928104,4.292268831822468,0.34288605644983583,7.296704214241194,0.7976121050314151,0.6593408428482388,3.0,1
4.217021257846612,4.415680128347949,6.588969645949184,2.8089915522554763,0.0,7.196659655337023,0.5859692495975242,0.6393319310674046,7.0,1
8.275592778312587,3.024070750348141,9.938971878284576,6.982179209204867,0.6345795604789587,6.612529367563585,1.2515018562952356,0.522505873512717,5.0,1
12.26566425048446,3.4607786122800914,13.397839564699424,10.213965519280912,0.7178482517044766,8.829201872864155,1.389215517676858,0.9658403745728311,7.0,1
5.135690638139413,2.2759122524459823,5.5728499233395485,3.309488290863587,0.5568439742954392,6.361376440888448,0.8073238057614693,0.47227528817768966,1.0,1
7.684021382577402,4.107316055315068,10.677095300456415,4.767859986644486,0.46547310961055954,7.918611970982827,0.9703747842090173,0.7837223941965654,1.0,1
4.555595565441821,2.8969127198975815,6.409553928206431,4.138883842494126,0.3640979146890915,7.290475585883349,0.6248694631476286,0.6580951171766698,7.0,1
3.03759968527249,3.9759813281310454,4.355746382976473,1.3170417455743397,0.0,6.590924700723342,0.4608761020952218,0.5181849401446683,3.0,1
3.342226357823868,1.059534076562464,4.455609027482063,3.152505867616926,0.6829855422322954,4.210475536056991,0.7937883332184806,0.04209510721139829,6.0,1
1.6953441344575593,2.235320013231289,4.412528826350125,0.0,0.0,7.287475119100658,0.23263806829528916,0.6574950238201316,5.0,1
12.39152227611109,3.2841851447871178,14.855097700683373,10.54258827635781,0.7349651583067796,7.212975421381127,1.7179487731761027,0.6425950842762254,3.0,1
5.834555302091555,0.9122478955320747,8.268112667196228,4.5494188541139415,0.8436473992790754,4.62436997296274,1.2616973417361488,0.12487399459254807,0.0,1
11.009450704025298,0.9510290696789022,12.858046122912477,8.602743740093459,0.9136170282018534,7.979574876803329,1.379703915810081,0.7959149753606658,0.0,1
9.175953672276293,4.401192331825368,11.839823420363699,7.810945846801559,0.5203558682818026,6.334970417225211,1.4484603822815427,0.46699408344504223,5.0,1
3.3030539369330247,1.9557466233174272,4.200889053299236,2.619695650992683,0.40789746075615374,5.620730072024044,0.5876556772176722,0.3241460144048087,0.0,1
3.105546958949054,0.8181695381569725,5.216665364438922,1.6880446756180432,0.7365457521744097,8.11979692922983,0.3824660870236342,0.823959385845966,0.0,0
10.743858418126539,1.491587468916777,11.957201645302217,10.531363028214521,0.8611683614147185,5.716854797489119,1.8793302958902007,0.34337095949782376,1.0,1
4.176540527434448,1.7881926671966653,5.976536953113524,1.482957198516286,0.571848362191014,7.109253956419132,0.5874794391981651,0.6218507912838265,7.0,1
11.95942220442371,2.803883658615995,14.953881206261789,9.766547080220327,0.7655502405811163,7.089574007282462,1.6869027944611208,0.6179148014564924,5.0,1
2.6806648562738875,4.153565965714886,5.634239198299842,0.39971749762880426,0.0,4.264029912866334,0.6286693365319079,0.05280598257326687,5.0,1
9.132503373453634,4.439655341649409,10.670360422855978,6.509023461398307,0.5138621733713669,6.11416815287358,1.493662448449586,0.42283363057471596,5.0,1
10.773686512371206,2.932644415100006,12.49527686886568,8.398968745925956,0.7277956424913135,5.113893749659782,2.106748211788319,0.22277874993195645,4.0,2
3.82307666098774,3.1496506235897614,6.515041968399643,2.5275188902274204,0.17614766773313684,4.997853309505279,0.7649437516936993,0.19957066190105585,2.0,1
4.3144883614787926,1.4482312636346506,7.2713954990203575,3.9585791569024438,0.6643330234553539,7.274809443136049,0.5930723540187863,0.6549618886272098,3.0,0
12.57422663367042,3.8572136795193708,14.91005004154866,11.454132293727563,0.6932444601252229,4.057049976428768,3.0993521664080967,0.011409995285753639,4.0,2
4.175171264153899,0.9800925084914169,4.370724638029792,1.3729171210147326,0.7652569328338599,8.845394891072482,0.4720163786432909,0.9690789782144964,7.0,0
6.1594845988005735,0.4787129218993541,7.127403801832165,3.3122131251064344,0.9222803606015066,5.976955030024106,1.0305388894277379,0.39539100600482124,7.0,1
6.190187118908393,4.379651955439429,8.879874138669317,3.8865745223370065,0.2924847227862545,5.4940176422245255,1.1267140955888866,0.2988035284449051,5.0,1
4.036416999156202,3.8886240456923953,6.341474516707644,3.4231252499420397,0.03661488728610118,8.599871999687286,0.4693577996629458,0.9199743999374572,6.0,1
10.309493037245087,1.3664031054216002,12.536192250318368,9.726143461852605,0.8674616588337372,6.433360710534225,1.6025050515765327,0.48667214210684495,6.0,1
10.262192118749862,3.0382682237147214,12.265961810154286,7.622877586107701,0.7039357489552784,7.071626257426389,1.4511785189400876,0.6143252514852777,5.0,1
5.539816170685428,2.101582608359398,6.785607719582578,5.1140684016520535,0.6206403707978321,7.479253743184808,0.7406910316063791,0.6958507486369616,6.0,1
11.021509492968804,1.454076927654619,12.231233454002908,9.269097060971337,0.868069167060805,8.357056367422317,1.3188267505210476,0.8714112734844633,0.0,1
3.5568992127880286,1.2904839484213269,5.983696675560432,2.422144165950825,0.6371884972782802,4.648709949085281,0.7651368340345506,0.12974198981705615,0.0,0
1.0516693080121438,0.6121235034940792,1.9330101833073565,0.14563628412861418,0.41795058690919706,4.408265895460119,0.23856757576606535,0.08165317909202371,3.0,1
7.854008344668893,2.4719313702412764,9.908503962771814,5.821862267637951,0.6852649931395651,8.968553921673696,0.8757273929845751,0.9937107843347391,0.0,0
12.928933269428542,2.009685105528785,15.107558839700413,10.05022603947273,0.8445590936507623,4.044419008130353,3.1967343748108106,0.008883801626070564,2.0,2
1.4637317179226152,2.3048388913497493,3.9973996860072014,0.0,0.0,7.54097376807513,0.19410380713951747,0.7081947536150259,1.0,0
3.495976884501527,0.9691072536573202,4.455633656622574,2.037489105196865,0.7227935751081203,7.0553268097931054,0.4955088515033714,0.611065361958621,7.0,0
7.226975709845011,4.223748018479615,9.452643510359618,5.904841185238362,0.4155580165122491,6.762755108545835,1.0686437101223076,0.5525510217091669,5.0,1
10.719288837338448,2.8736603834874366,11.038758530074508,7.996296272371287,0.7319168811388281,7.929139795900467,1.3518854646604348,0.7858279591800933,0.0,1
2.0685040609006387,4.048202958225016,2.482689247756353,0.33418276547937675,0.0,8.962364738177293,0.2307989153899708,0.9924729476354586,4.0,0
5.7428158451067315,0.4917202471473995,6.994823965626936,4.252898775908146,0.9143764556604442,4.234429107469637,1.3562196223751304,0.046885821493927435,5.0,1
9.964909607558635,2.802829346352787,10.130586936624377,7.916401998964366,0.7187300781708275,7.072652463215901,1.4089352840939167,0.6145304926431802,2.0,1
5.458518500876339,3.822578183898725,8.301613465272354,4.7470570494877595,0.29970408943653326,7.5838883426952535,0.7197519602373821,0.7167776685390507,7.0,1
3.2660370457076677,1.4891435091651,5.97172447723575,3.0748305829830285,0.5440518621421699,5.529696530865093,0.5906358563218862,0.30593930617301857,7.0,1
3.345949928759048,0.8781442611119388,3.4927510153365775,0.7806156073030159,0.7375500889705106,8.464306924604657,0.3953011107185634,0.8928613849209313,7.0,0
5.920585442979931,1.1925958761252886,8.435520608656766,4.09880034088156,0.7985679139992219,6.284964207248559,0.9420237327925617,0.45699284144971186,0.0,1
6.753004897670694,1.2282017703740955,8.27962741994077,6.258373593995487,0.8181251473995321,4.822392309759733,1.4003433283525517,0.16447846195194665,3.0,1
11.341773013792167,2.012395342155908,13.447661678912818,10.447629234289925,0.8225678348783092,8.2720390801015,1.3710976101497094,0.8544078160203,6.0,2
8.707029022815922,1.466836212506992,11.367822530710484,5.737228485047329,0.8315342456464437,8.71462810212322,0.9991280087666109,0.9429256204246439,3.0,0
9.284823454186018,1.2207333271859608,11.015746915419115,7.381552556795052,0.8685237976565297,4.497574591843718,2.0644067740474834,0.09951491836874364,3.0,1
12.795846058430884,2.9183053428231207,13.144827359284772,10.887509635529517,0.7719333813882265,7.758404335772766,1.6492883722792429,0.7516808671545532,2.0,1
5.9421212836116855,0.23864567252348007,5.9498571150714445,5.725630293985519,0.9598383033376208,5.0750710958260985,1.1708449342707095,0.2150142191652197,3.0,1
5.84025283898954,1.5316370016287848,7.331017435743879,2.933277636257744,0.7377447443022376,4.033611088345109,1.4478968624081336,0.006722217669021724,5.0,1
12.080163612709747,3.1038838467321366,14.927860009082828,9.401814944033585,0.7430594529807124,5.3030691144269415,2.277957038094373,0.2606138228853883,0.0,1
3.9505070440607035,0.7913238717645268,5.668372658900291,2.307159717271042,0.7996905554302899,8.274549176103735,0.4774286743584129,0.8549098352207469,6.0,0
9.7577829556344,0.9941753799581057,10.876600369899089,8.82961620628178,0.8981146245537217,4.705919383918662,2.0735125614304524,0.1411838767837324,5.0,1
10.054877658617617,0.9029998143581286,10.147643709860358,7.9607119734593415,0.9101928591260178,4.6533444149923024,2.160785181991359,0.1306688829984605,1.0,1
2.173455969345317,0.004167480291322134,4.918394221179918,0.0,0.9980825559155093,7.695238531000781,0.28244166319073866,0.7390477062001561,6.0,0
6.618776868323009,2.131954883242077,7.600246850897135,4.260412638853248,0.6778929210553297,6.0317981928231905,1.097314044126712,0.4063596385646381,4.0,1
3.4067496558586483,0.17531455237255433,5.521081859803937,0.4756075397150119,0.9485390562611307,4.74243036267301,0.718355230405213,0.14848607253460208,2.0,1
3.224503273629828,1.2282291529870506,5.3072148799642225,1.3139370776290005,0.6190950826344079,5.150001882410859,0.6261169116544767,0.23000037648217173,3.0,1
6.565937325554515,4.4766154106638725,7.327586809660758,5.602261030877919,0.31820619224600843,7.9730096249280225,0.8235205567826954,0.7946019249856044,4.0,1
4.4731564900967795,4.132782951256349,4.664489009478956,2.9793736508911786,0.07609247286429421,7.116343950290098,0.6285750831245911,0.6232687900580196,1.0,1
10.552725371510451,0.9678411367035039,11.707726507525983,8.103773867658603,0.9082851962284153,7.804643862832492,1.352108508341419,0.7609287725664984,4.0,1
11.891258696685789,1.3950109436126974,12.842651738197388,11.095230935039657,0.8826860150640318,4.488866194940188,2.6490561714870258,0.09777323898803765,5.0,2
10.632647263460388,2.0866706202084817,12.733416460077365,9.938422498628414,0.803748721413958,6.290521414248563,1.6902648545757342,0.4581042828497125,2.0,1
4.1923704714599825,3.799860959966596,6.6517179584395,2.0178667304805704,0.09362471999205169,7.985531253906661,0.5249958128219713,0.7971062507813322,3.0,1
4.2896127242633,3.61190673626891,4.956948976438324,2.9563304447170675,0.15798768596546897,5.328963754342155,0.8049618879032591,0.26579275086843096,4.0,1
4.056740201409609,0.5680864645482697,5.6414334107389355,1.6070290158404408,0.8599647903627462,4.845944841880143,0.8371412250403708,0.16918896837602854,4.0,2
2.620457152674833,0.5600198175675846,2.742282194839318,2.1894063941978663,0.7862892675058838,5.90891946908596,0.44347484618540356,0.3817838938171921,3.0,0
12.325580417244534,1.875295142523201,12.96834788604492,11.318491027796314,0.8478534008914093,5.666899869193903,2.1750129174238975,0.3333799738387807,7.0,2
5.824573577884832,3.9154292532619746,8.10985839385108,5.020273858114529,0.3277740935184743,4.927363894411018,1.1820871570884985,0.18547277888220357,7.0,2
3.696273694550485,3.9693824959297603,6.076468656017703,1.6026692503516644,0.0,8.769724626781292,0.42148115840064976,0.9539449253562584,3.0,0
11.160052606098922,0.4831463235893858,13.489265996454332,8.882064966118975,0.9567075227472182,6.415492022777201,1.7395474215347633,0.4830984045554402,5.0,1
5.790343631893485,2.584337795844982,6.217507406858296,4.422335544233816,0.5536814461908051,7.040381780549623,0.8224473916869675,0.6080763561099246,6.0,1
1.421401733315999,0.7005383870630081,3.074505915721251,0.0,0.5071496181246967,4.605534543747975,0.30862904616480524,0.12110690874959502,0.0,1
2.943298842995574,3.0875818950125224,4.211424086325723,2.5472031946281857,0.0,7.050175440657564,0.4174788085445226,0.6100350881315129,4.0,1
8.67100408427404,4.123949615680079,11.645462974659312,6.565519802834883,0.5243976850201948,6.776613466042319,1.2795482769859212,0.5553226932084637,6.0,1
10.394863290060687,2.0464618161401713,12.357072897235696,7.417910389262945,0.803127587248122,8.659646638865164,1.2003796140373368,0.9319293277730327,0.0,0
3.531212661864555,0.37387248611423174,6.336818936051742,1.1974471393691273,0.8941234862029468,6.061584005360219,0.5825560874421483,0.41231680107204377,2.0,0
12.008747071193707,2.606643881525455,12.444797986219019,11.339410101630822,0.7829378980111747,7.910310502381085,1.5181132355776616,0.782062100476217,6.0,1
11.211965440625974,1.8383250156113462,12.56458525992666,9.342597221843267,0.8360390044594437,5.52090489231061,2.030820247644864,0.304180978462122,7.0,0
11.180569048732972,3.649044385502821,13.495391849050577,10.295698616740212,0.6736262376630691,6.8947017816394025,1.621617497439387,0.5789403563278805,7.0,1
3.7319337615905694,1.531550087668745,4.835506945681777,3.6414041028417206,0.5896095200210654,8.63485198622099,0.43219429441822266,0.926970397244198,4.0,0
1.6064318638006925,3.9370374021266517,3.5039573522616325,1.0669632968331917,0.0,7.125356553794481,0.22545283898041787,0.6250713107588963,0.0,0
11.409082473791004,1.231651834356532,12.944188990911986,11.10130175699948,0.8920463729501572,7.5557934188325415,1.509978084545599,0.7111586837665083,0.0,1
4.669602744862809,0.7088293614990868,7.645390972516786,4.081805084158226,0.8482034981928828,8.379922626012952,0.5572369761944377,0.8759845252025904,6.0,0
8.42699657408231,1.3791616979336097,8.948614194278784,6.0401833097352995,0.8363400666169372,8.627121816543998,0.9768027800328595,0.9254243633087995,5.0,1
10.119602604408762,0.1571210632023593,12.925648690399145,9.241106202317466,0.9844735935446806,5.041374376015336,2.0073102788305954,0.20827487520306712,1.0,1
2.539519102133442,1.2656068509340859,3.7442319635433323,0.2683992492981062,0.5016352309101146,4.979190158145926,0.5100265347325215,0.19583803162918514,1.0,1
10.370060254228575,2.9705293524691383,11.774039153360459,7.523472589700262,0.7135475320639673,6.752380634543929,1.5357635796147608,0.5504761269087858,1.0,1
12.26213750753279,0.6402734035046656,13.847943158602726,10.539318162329465,0.9477845193701884,8.977581881531806,1.365861951396711,0.9955163763063613,7.0,0
9.740499588956908,0.5011423775396459,10.536599237257647,8.284272762926744,0.9485506494853913,6.4507616165538995,1.509976676856405,0.4901523233107799,6.0,0
6.294672981766697,0.5957338106445768,9.185645309599076,4.044291454995905,0.9053590532232264,5.654524815517136,1.1132098959921208,0.3309049631034272,7.0,1
11.520137665020435,0.34898253417659864,14.254599280724804,11.228867245341165,0.969706739248764,6.686306374665443,1.7229449294561916,0.5372612749330885,0.0,1
7.329491560870707,3.9358593532932282,10.248206861504794,6.044855298416052,0.4630105893967811,4.321978870578509,1.6958647370457027,0.06439577411570188,5.0,2
9.93725113380105,4.248518019734377,12.92800985042962,8.440777349004868,0.5724654673078291,4.88603385154957,2.033807262847662,0.17720677030991397,7.0,2
10.84607132630325,0.20952518277953824,12.855471611846166,8.352917395108117,0.9806819283705603,4.74460208673255,2.2859812325742537,0.1489204173465099,4.0,2
9.992234340388071,3.420323016945931,11.347290827805306,7.549581359694173,0.6577018812377958,4.1395777253552595,2.4138293814813045,0.027915545071051893,6.0,2
4.454258512577848,3.3171828602273896,7.0064602170667625,1.9094624330279046,0.255278325032013,7.61106151522642,0.5852348589834435,0.722212303045284,4.0,1
2.414126810869973,4.486092410745182,2.4855414443789887,0.32050802726686767,0.0,5.627372729309117,0.42899714076098877,0.32547454586182345,0.0,1
3.8600623523447215,1.5654179777448067,6.363274486485231,2.2683949307902087,0.5944578520101046,4.842681556210449,0.7970919226341494,0.16853631124208981,3.0,1
7.034499243764239,1.284790462606873,8.52635731639726,4.550861279734093,0.8173586465666649,6.561218852628117,1.0721329987257702,0.5122437705256233,2.0,1
7.06332306751715,2.0388695436442226,9.082983148767402,4.443475821751341,0.7113441472016779,5.617222029860324,1.2574406049769025,0.3234444059720648,0.0,1
7.991732191774451,3.8545882971713574,9.113870375801975,6.55027841379801,0.5176779946231531,5.9650888539903955,1.3397507375650097,0.3930177707980791,4.0,1
5.74122205057469,3.2786713914205445,6.847091512175138,2.784236326908375,0.4289244759149573,5.5776590853090555,1.0293246616123315,0.3155318170618111,7.0,1
10.442696577400332,2.122307162853762,10.537848035832996,7.8182422024627956,0.7967663670850329,4.019917571794161,2.5977389811850222,0.0039835143588321745,0.0,2
11.957845004166494,1.1005327947864294,13.229213295453533,10.42643600790227,0.9079656247088862,7.441644322094625,1.6068820930695433,0.6883288644189249,2.0,1
3.960700641753655,3.27157083570767,5.185763228011645,3.752837855712336,0.173991893954617,4.553452393670298,0.8698236633064134,0.11069047873405964,5.0,1
9.838278612422656,3.8453709061898826,10.512651918026869,9.164802459806968,0.6091418979195825,5.095711985314847,1.9306975434983853,0.21914239706296942,2.0,1
9.135662230540536,1.799780539803709,9.87763205115984,6.806466492411682,0.8029939708380374,4.951585217819158,1.8449974762959211,0.19031704356383158,0.0,1
7.277085991351779,3.008634506194429,9.029504732679314,6.943623220355724,0.5865605395112901,5.656836477493537,1.2864232544646845,0.33136729549870747,1.0,1
3.262362806489923,1.8009540952946916,4.215677134108432,1.8529626075321333,0.44796020488218047,4.80098839748178,0.6795189940890298,0.16019767949635605,0.0,1
10.542787102992515,2.153220471636682,13.033542830044384,8.728230526678331,0.7957636391020833,5.73476062093977,1.8384005540696553,0.34695212418795407,7.0,2
12.527515427545993,2.3620967097971115,12.861670748117191,9.892474942434447,0.8114473118425989,5.216321729038671,2.4015994561467973,0.2432643458077342,3.0,2
9.66203598680336,3.4907661631002505,11.39497082652849,7.120694398122921,0.6387131896560909,4.306075565862055,2.2438147772887653,0.061215113172410976,7.0,2
12.014319959508809,4.39877692858019,12.494454140926116,9.72148619632961,0.6338721672633039,8.352814885849146,1.438355826592395,0.8705629771698291,5.0,1
12.810223179375997,1.9996477318720456,14.394945060137974,11.5871404515424,0.8439021940623637,5.527905535493558,2.317373749808885,0.3055811070987115,2.0,2
5.224608090870858,1.5404175281142267,6.882245751721815,4.797860327843967,0.7051611333669501,4.476410731881903,1.167142249405342,0.09528214637638062,7.0,1
8.658682635116044,1.6811595291257608,10.585575694693231,6.6497347064425005,0.8058411885535945,6.6076318947606145,1.3104063260518142,0.521526378952123,2.0,1
6.687192851656936,0.6025008121883173,7.969467693475616,6.143326984191518,0.9099022825341382,4.616377591844016,1.4485801298991512,0.12327551836880328,1.0,1
12.839544962358762,1.3362243201797523,14.367969017746525,11.155601512132915,0.895928997164844,7.865466007284234,1.6323946922493868,0.7730932014568468,6.0,1
2.125693888092699,0.389013359709628,2.668551736336579,0.0,0.8169946473061207,4.307889716199198,0.49344203963702543,0.0615779432398396,4.0,1
5.948498971566695,1.9255241843066122,7.337545020775684,4.297569644144872,0.6763008292494544,6.323179749721157,0.9407448794776102,0.46463594994423135,3.0,1
11.506468534326835,0.75310771189972,12.625559701609706,9.569797932545493,0.9345491877327087,8.719131650578891,1.319680559423929,0.9438263301157782,4.0,1
4.408615726318185,1.558830356884839,6.407009040281414,2.3758893105696637,0.6464127395864729,4.794845268292067,0.9194490081821853,0.15896905365841346,7.0,0
10.453514207666473,3.5710998722622285,11.75797937815593,7.9623491346399575,0.6583828364969142,5.00684338452749,2.0878452559492233,0.20136867690549795,2.0,2
5.593397953363068,1.106674427651112,7.9314229063037285,4.288455919041922,0.8021463094744194,7.002324556976078,0.7987915881149261,0.6004649113952156,7.0,1
12.759742478681899,2.7535257960393102,14.037718774402975,11.267212775524406,0.7842020871001345,8.899270357976697,1.4337964760498527,0.9798540715953393,7.0,1
11.60235803708449,4.055316386618758,12.309671556006366,11.074441995310721,0.6504748109257796,5.929178741427969,1.956823793490531,0.3858357482855938,6.0,2
4.615844291951384,2.5511813416329607,5.436910448827138,2.771804628738878,0.4472990897718456,7.243225463886033,0.6372636493183185,0.6486450927772067,1.0,0
10.242317362454262,0.8720667574758569,10.378173037729171,9.355043343481094,0.9148564991090168,4.76158531390817,2.1510309460459225,0.15231706278163398,0.0,1
5.042278525999224,1.5514478728467944,6.662034957801954,3.5194042793331253,0.6923121432409676,7.206985666321511,0.6996376515027584,0.6413971332643023,0.0,0
8.27635408258642,2.6566614323282973,10.768996734287386,5.976682502056727,0.6790058272255467,5.263310324774466,1.5724617345151628,0.25266206495489313,5.0,1
8.901769220719503,2.279750128919341,11.209104341172214,8.849059506673543,0.7438992101016212,7.066438037456653,1.2597250798116983,0.6132876074913305,3.0,1
10.955144909028458,0.668789263246067,12.268513308043872,9.26339832927534,0.9389520386266276,4.443306040418047,2.4655391299577794,0.08866120808360947,7.0,2
1.2934100905841786,2.01058355110756,1.8817711560177153,0.7730750386521094,0.0,6.624845108526646,0.195236276380178,0.5249690217053292,0.0,1
3.641894693827596,2.4438001270961176,6.232348023719954,2.803744674476035,0.32897562050930496,5.187024973366202,0.7021162829420755,0.2374049946732404,2.0,1
9.543013727062945,1.202997215059076,9.713356829198151,9.438873886801952,0.873939486050669,7.408543516647066,1.288109289716623,0.6817087033294132,2.0,1
7.762278843634448,2.7560048190293336,8.95994701924193,7.253890563076741,0.6449490060139453,7.738348935341577,1.0030923790711455,0.7476697870683153,7.0,1
6.9472609384137165,0.3157204476834443,9.51710636556557,3.987372758552261,0.9545546870223744,8.240712652796987,0.8430412794524199,0.8481425305593973,0.0,0
1.6625194804957655,1.5147316510448257,2.842049542708355,0.0,0.08889389338576004,8.96197684459541,0.1855081205100815,0.9923953689190821,3.0,0
5.179310601537475,3.619245747499085,5.532937013808355,3.019766841868533,0.30121090895287983,6.29677389826616,0.8225339968080507,0.459354779653232,6.0,0
11.38120278292778,1.1667816040866994,12.179051283965167,9.545632218614198,0.8974816962371575,7.352972086036622,1.5478370718339614,0.6705944172073244,7.0,1
1.3707140444323862,2.7232958250138517,3.1708023696612315,0.0,0.0,4.092118581260609,0.33496439978778114,0.018423716252121736,7.0,0
5.757234824377745,1.8451337116964037,6.213342547461457,3.06757200782226,0.6795104302705197,8.525435166531055,0.6753009919047132,0.9050870333062111,5.0,0
12.341779452049272,1.4240706408686106,14.30658543257634,10.783864273353046,0.884613831708672,7.078715727642895,1.7435054502688578,0.615743145528579,1.0,1
1.6105688145401755,4.122592595595121,2.9250546081379127,1.5047168162870719,0.0,6.1067248963661855,0.26373691985020425,0.4213449792732371,0.0,1
9.996469012535641,1.544677731361726,10.999637514997207,7.8682815507954835,0.8454776652211207,6.171563713803254,1.619762749945795,0.43431274276065074,3.0,1
4.0913513941844375,1.0650415566915825,4.814127835753929,1.13754388796717,0.7396846532895065,7.789978231801978,0.525207038125192,0.7579956463603956,3.0,0
11.39930598584407,4.091855920381217,13.869295943414198,10.625147117928186,0.6410434174271151,8.167350017679471,1.3957165985501465,0.8334700035358942,4.0,1
9.95281574751238,3.356749601711167,11.142837589902586,8.56241905112908,0.6627336738801624,8.03951838157426,1.2379865652553514,0.8079036763148519,0.0,1
11.628462050300355,3.068098711641888,13.843899847119038,10.544638847146512,0.7361561057369026,6.552923265235119,1.7745457377766387,0.5105846530470238,5.0,1
3.591097485175192,0.22290723930094114,4.912163063087345,2.419695002485602,0.937927822839355,5.855733187840158,0.6132618017214921,0.3711466375680317,3.0,0
7.375513057823259,0.5904223232209911,7.651114618483597,5.211313076197188,0.919948304803728,8.727696807077677,0.8450698071731969,0.9455393614155355,0.0,0
10.351239322897609,2.8725298371434826,11.67275724839939,9.216026153629459,0.722494114227534,7.17099762385105,1.443486648004029,0.6341995247702099,7.0,1
3.948396915939772,0.942447764368171,5.471460255147064,1.1251445395635917,0.7613087578496764,6.718267044971058,0.5877106238126295,0.5436534089942116,2.0,0
3.7689556632066035,1.0153709353366158,5.142482243686734,1.3999803019159223,0.7305962112399209,6.991594660141463,0.5390695322618066,0.5983189320282927,1.0,0
1.3261856019710203,3.506123319046248,3.774910737215838,1.2432445267079348,0.0,7.149332540931413,0.18549782016409677,0.6298665081862825,3.0,1
12.502183527705428,1.286662269766242,15.234737574834517,10.046536881604254,0.8970849958397317,7.56536442053452,1.6525553605548726,0.713072884106904,7.0,1
9.52020256065548,0.322142859683622,11.880538586288584,7.201630293339504,0.9661621842990028,6.765923475205829,1.4070810282650827,0.5531846950411659,6.0,1
8.626724248122219,0.16394376289437496,10.375069954755098,7.077243062978519,0.9809958266684993,8.376776772287393,1.029838144507052,0.8753553544574786,0.0,0
9.927936672339891,1.994300942603795,11.552286554004564,8.43748448210065,0.7991223142911363,8.298571071368581,1.196342910961248,0.8597142142737162,5.0,1
7.379355024345273,2.777078599580907,9.31320311471625,4.872774313944413,0.6236691973188672,6.211288723264187,1.1880553864298935,0.4422577446528374,5.0,1
6.713605853084925,3.909983550263113,7.577096742403048,5.43924998559582,0.41760305328820246,4.842680560627683,1.38634084347177,0.1685361121255365,7.0,2
6.394386893482251,0.49861977764687676,8.829927431928306,5.915999863602355,0.9220222695384422,6.883278568855504,0.9289740099165358,0.5766557137711008,7.0,1
8.685270545243696,0.8850277182973334,11.25581507805468,7.746574046696598,0.8981001554658536,7.10369761065591,1.2226408021950914,0.620739522131182,5.0,1
3.4184197047085982,2.38410274908362,4.22007119425409,2.62281249463613,0.30257166906693456,6.616897869768676,0.5166196867457628,0.5233795739537352,5.0,1
11.656704340178436,1.6384876300888878,14.365158964598669,9.613527251224085,0.8594381754677148,8.452889066369831,1.3790201490464504,0.8905778132739662,2.0,1
10.74102845463118,2.171418530604726,13.287226626606182,10.204408404508644,0.7978388624723844,4.465101285121829,2.405550908872186,0.09302025702436581,7.0,2
5.194763337424407,4.158560920428969,6.468223639871937,3.2604460281259855,0.19947057251489586,5.437092524176002,0.9554303728189139,0.2874185048352004,7.0,1
7.943311561750292,2.4520124423910925,10.670312168028529,6.545410719959007,0.6913110579473737,8.328949231613093,0.9536991210849158,0.8657898463226186,7.0,1
2.6923275994001754,1.8680427477543418,3.0536445808346997,0.1733448111648297,0.3061606811256834,8.697066565111028,0.30956732126216685,0.9394133130222055,7.0,0
12.668154975203176,4.452479580148852,12.752114652829878,11.213158745550773,0.6485297512649476,6.129625373512843,2.066709497442443,0.4259250747025686,5.0,2
11.834712251563403,0.2934705145479134,12.878312728345566,9.045300447855254,0.9752025644299763,4.96321990920469,2.3844827487121774,0.19264398184093795,7.0,2
12.062770077990406,4.194510517670274,13.759077174472441,9.361362694333643,0.6522763436133521,6.101647482549674,1.9769693533572967,0.4203294965099348,6.0,2
4.985956572441419,2.2574782892946734,6.040284416040018,4.430093835129351,0.5472326610760514,6.28083222712068,0.7938369299074767,0.456166445424136,1.0,1
3.029616488594269,2.2669035199521215,5.855819689608348,0.9711174315386182,0.25175231634550665,6.597846890812751,0.4591825998285734,0.5195693781625502,0.0,1
3.541265961595724,4.1488395039144415,4.3053966487611595,2.8973917142333985,0.0,5.3717654009147555,0.6592368983561128,0.2743530801829511,7.0,1
2.0800166925410783,2.2829579081688127,2.923656873319115,0.0,0.0,5.563137035584113,0.3738927657608353,0.3126274071168226,3.0,1
2.441327561216612,1.9728319073856697,4.345810398851177,0.5341580976069047,0.1919020049884138,7.27793815673046,0.3354421964906272,0.6555876313460921,6.0,1
1.8556544102181447,1.2261986645273955,1.8672460572432694,0.9733013273731913,0.33920957599898816,7.108970754983197,0.2610299682154946,0.6217941509966394,2.0,0
12.877876830458483,2.964675450678394,15.06054798752228,12.130505945307963,0.769785385455279,7.310512575576673,1.7615559370599458,0.6621025151153346,2.0,1
1.888692200428883,2.5634029094089272,3.021100649708355,0.5999592352925931,0.0,5.886424915987906,0.32085556638955415,0.3772849831975812,6.0,1
2.5905049714169635,0.9645544662650238,5.523748574346852,0.18833605703357037,0.6276577436030055,5.682284192499461,0.45589148371642435,0.33645683849989216,4.0,1
10.927055147088836,3.1923581177759615,13.001307926178082,8.538570319970482,0.7078482651726652,5.757693364864695,1.897818180761285,0.35153867297293895,5.0,2
7.962882600915318,2.8983908580148823,8.119527466162348,7.862753924250511,0.6360123584288788,8.755882427448341,0.9094323349926341,0.9511764854896683,2.0,0
10.293006454831989,1.7880024789294335,10.57088988105791,9.386144808419289,0.8262895795533027,5.976225515721614,1.7223256431261253,0.3952451031443228,4.0,1
8.57094409327186,0.019804148565977564,8.835448414044336,7.302391202862708,0.997689385399034,7.030661981689628,1.2190806663147342,0.6061323963379255,3.0,1
11.586100843947376,2.009615175792845,14.443967623623207,9.829354803614645,0.8265494834836798,6.614215935832693,1.751696793142081,0.5228431871665385,7.0,1
8.661610333176887,0.027261527086132775,10.71376495682965,8.213029306732789,0.9968526029182228,8.381109079972461,1.0334682737723475,0.8762218159944922,3.0,0
7.265501114837811,0.3374932018456793,8.548319136704619,6.2596520532510365,0.9535485307191762,5.845584003897395,1.2429042350591013,0.369116800779479,0.0,1
9.552996325135597,1.9377445611637534,10.15444439477569,6.896205263431721,0.7971584521533616,6.170722221780853,1.5481164087108477,0.43414444435617056,5.0,1
6.368713021505314,0.36863947883397463,8.989632260812723,4.939070481264364,0.9421171157203685,8.213971443911053,0.7753512493918379,0.8427942887822105,7.0,0
5.152765874856817,1.240494452042248,5.7574336578708385,2.9203361967264985,0.7592565852651478,4.804788070149529,1.072423132847243,0.16095761402990583,7.0,1
6.611829429402549,2.949711158515358,8.731867078830001,5.15749390991353,0.5538736759605282,6.9714727393765,0.948412147128884,0.5942945478753,0.0,1
3.036569261182728,1.3887690417423857,5.3265423458187655,1.6416215319813372,0.5426519462291246,5.99954103821902,0.5061335928596534,0.39990820764380397,7.0,1
10.558860757632297,4.489418673546797,11.442829024198522,8.693084182381785,0.5748197862821807,8.928957794626138,1.182541232750267,0.9857915589252275,2.0,1
4.128445376031335,4.123359152617415,5.643189587543262,3.3503518394624825,0.0012319948432524264,7.606920584003099,0.5427222922128581,0.7213841168006198,6.0,1
2.8423785560445696,2.6338945706348564,3.5113464029997514,2.09297225812582,0.07334842326556168,4.052781314030641,0.7013402243551402,0.010556262806128203,5.0,1
3.9562269013987215,4.351262123857187,5.093015873765216,0.9881653367238945,0.0,8.197369502233219,0.4826215166122403,0.8394739004466437,7.0,1
11.104841821266877,3.9060778249463493,14.000245016106904,8.49786579330921,0.6482545282665961,7.515898280906558,1.477513586031053,0.7031796561813117,2.0,1
4.962415547172776,1.4350433347821916,7.041829651136068,2.749150857823843,0.7108175804422959,6.804804577913217,0.7292517353517545,0.5609609155826434,4.0,1
9.232598434070802,3.373183106933892,11.772441052642346,8.821164816904203,0.6346442303300089,5.1806423794215855,1.7821339050045786,0.2361284758843171,5.0,2
11.27691556786887,0.6157430280177631,12.898714282269093,11.18624143431457,0.9453979215937212,4.746583252038452,2.3757964348409826,0.14931665040769032,1.0,1
1.9329360031005054,3.0804814097043347,2.6500552295545736,1.4066984905092266,0.0,7.14199781429209,0.27064360048282887,0.6283995628584179,6.0,1
10.180292862136515,2.209868219225612,12.318932432138094,7.367099968613955,0.7829268519921703,6.19970136406882,1.6420618130314686,0.4399402728137639,1.0,1
4.69198559654836,0.07571672663771123,6.193689478920059,2.2431162858013964,0.983862540692066,8.308101561155649,0.5647482234070944,0.8616203122311298,6.0,0
3.599468370208512,1.2340342007566685,4.130014974529688,2.030240332742783,0.6571620934440431,5.311867851388357,0.6776276200598107,0.26237357027767133,1.0,1
9.266817429435665,4.299219978319119,10.504107098290296,6.360475655330534,0.5360629459837178,7.187599904231245,1.2892784174005585,0.6375199808462491,1.0,1
11.917559472798805,1.421241682898163,13.822080129847723,11.477813164091902,0.8807438984347364,5.244215183295088,2.272515344290405,0.2488430366590176,3.0,2
4.540230504548745,0.8165450488564829,6.74622607459546,2.8627791845306345,0.8201533935251951,7.181585395466442,0.6322044861312769,0.6363170790932884,1.0,0
7.826005664611829,0.8438915095749375,8.555668052282885,7.276339285415699,0.8921682981407867,4.2417232110785665,1.8450062097809223,0.04834464221571331,0.0,1
4.478009366193898,2.1564596908887705,7.106001384241892,3.5587235517809805,0.5184334121387375,5.958537134071923,0.751528313986311,0.39170742681438464,0.0,1
7.651427028717135,3.791921583017407,8.790080349941169,4.831021971827458,0.5044164220888905,4.863428079328757,1.573257978510741,0.17268561586575135,2.0,1
8.462344367852086,3.411007943100059,9.275754521530331,5.8575088182060355,0.5969192702605837,7.029669981117372,1.2038039325577257,0.6059339962234744,3.0,1
8.324024665482158,1.9658340339199845,8.909384831843333,8.018628308590399,0.7638361113858958,5.583640265888659,1.4907881362513522,0.3167280531777317,0.0,1
8.48255643571295,0.9392709754663224,10.895070438921872,7.733925019030135,0.8892702945645209,7.857663088383746,1.0795266150126754,0.7715326176767492,1.0,0
2.620957506610289,0.20729205045986,3.683451231508476,0.8374350978641374,0.9209098011177018,4.572971802150091,0.5731409726554587,0.11459436043001822,4.0,1
9.322485635040636,2.0818364376722895,10.77268271870444,9.138427273018163,0.776686549148733,6.781065334596212,1.3747818631798738,0.5562130669192424,2.0,1
9.097004276562679,3.6664890683318623,9.765463747254305,7.4467503345083665,0.5969564312750602,6.968389314708274,1.305467284579165,0.5936778629416548,6.0,1
9.191057466602597,3.283568971174412,11.249330680109392,7.437583159220566,0.6427430703043839,4.11052049860033,2.2359838540477384,0.022104099720066016,6.0,2
1.888846632864476,1.8387034543226264,4.231946855521743,1.0159450888730974,0.026546982518007023,4.179928554252493,0.4518849086410433,0.03598571085049862,0.0,1
6.362066108969831,2.6761620236292014,7.3803418558298555,5.482697168594461,0.5793564578249037,5.541200861640092,1.1481385114573845,0.3082401723280183,7.0,1
5.908421584548757,1.9631093442579792,8.743659740662963,5.221183778238545,0.6677438608321806,7.045377197059561,0.8386238833336956,0.6090754394119122,5.0,1
2.0405378037183897,2.6055724940558003,2.132369632399098,0.0,0.0,8.813149975811033,0.23153331207558492,0.9626299951622066,6.0,0
3.6684151347617284,2.328773599770971,4.067244444583849,2.501801712664496,0.3651826431246501,4.4539175499433155,0.8236378634374172,0.0907835099886631,3.0,1
6.2915515815764405,3.0643497005632154,8.057912676257914,4.535744392234769,0.512942131868305,7.515813866054028,0.8371084880099149,0.7031627732108057,0.0,1
9.914875718296987,2.284689795899058,12.019096304442126,9.010151995536443,0.7695694973076794,7.463580610613884,1.3284341974141929,0.6927161221227769,7.0,1
3.8447449238159583,4.232749491754014,4.596793892343135,1.7367529105712456,0.0,7.347371217517384,0.5232817030735335,0.6694742435034768,4.0,1
10.956998921498938,1.9261268171175878,12.619212212172984,10.65267510832301,0.8242103671892951,6.580736707661009,1.6650109871047225,0.5161473415322018,0.0,0
7.549579428873561,0.07162336367869915,8.504738170002,7.334654799589569,0.9905129332893997,8.83412975305072,0.8545923186453583,0.9668259506101439,1.0,0
10.12506022221541,1.0636809093404305,11.78732795908018,7.892208940469751,0.8949457202233122,6.508875692443407,1.555577445421223,0.5017751384886815,1.0,2
6.670671800042285,2.252730861479952,8.648654833335042,4.490667925096235,0.6622932548614261,8.19148539599604,0.8143421464564753,0.8382970791992079,3.0,0
6.990330705066681,2.4325733334989788,9.908754865773853,6.195326696644694,0.6520088338973979,5.31260301437332,1.3158014416199075,0.26252060287466394,3.0,1
8.436632672555682,2.485731551904241,9.803723252619232,7.371492534381616,0.7053644921639991,8.031542496534275,1.0504374067865805,0.806308499306855,3.0,2
12.135647297989891,3.2154844422153697,14.080295418804033,9.263865793991425,0.7350380772232914,8.982728669694666,1.3509978698268303,0.9965457339389332,6.0,1
6.9017509769549195,1.2359166417788756,8.635868720714715,6.588760091968976,0.8209270885162874,8.5504299388688,0.8071817471517698,0.9100859877737602,7.0,0
7.343890457299492,2.9920665556866473,8.29655513896221,6.794449257659479,0.5925774529067669,5.520358593759727,1.3303285162672414,0.30407171875194533,5.0,1
8.223963562330354,3.1681452290364573,8.983155957423515,6.933848467410654,0.6147666262107407,8.230787379241997,0.9991709399602701,0.8461574758483994,5.0,1
9.85018164757271,1.8507633867937183,12.81379381280688,9.003884929406134,0.8121087048938042,4.476285615143599,2.200525724776996,0.0952571230287198,6.0,2
1.8622040258348118,1.8097609461584492,2.4827611109393577,0.0,0.02816183347732415,7.388537798065263,0.2520395884450157,0.6777075596130526,2.0,0
7.188249262263665,0.8051615354540239,9.559075063486375,5.1164440934236115,0.8879892020883442,5.710731164933433,1.258726606919073,0.3421462329866866,4.0,1
6.7790990704725225,1.8629431931491818,7.218861243534805,5.199934818802237,0.7251931010621255,7.29335044797799,0.9294903787808471,0.658670089595598,5.0,1
12.060219810850844,3.5406733126815557,14.473273618934597,10.226627906642534,0.7064171824218383,6.061245037897327,1.989726489433364,0.4122490075794653,2.0,1
6.922078965236093,4.0903785249744775,7.479264294204737,5.621816469175059,0.4090823659312349,4.045165749126612,1.711197858018706,0.00903314982532244,7.0,2
6.619846416331972,2.6712593609308444,9.521316348380473,4.338684655156474,0.5964771396598386,5.156382770239755,1.2838159444909034,0.23127655404795106,1.0,1
12.546399862416424,1.3471665450943446,14.604362832139977,12.420104368877615,0.892625250281567,4.21193116429158,2.9787760941545796,0.04238623285831604,0.0,2
6.406917563210579,3.0703037339687915,6.677272294238065,5.468243553242936,0.5207830124740629,6.136349613999257,1.044092655443565,0.4272699227998514,2.0,1
3.170613163865084,3.3306579391320175,5.250144522242117,1.117323039680402,0.0,8.200356433640916,0.3866433355089357,0.8400712867281832,6.0,1
3.6029934736694598,1.4949575045129806,5.413855762014116,2.6140581500433124,0.5850790417917564,7.689983794875392,0.46853069782416135,0.7379967589750784,2.0,0
2.1422504600436896,3.7194653767029604,3.154889200125565,1.9066446187148411,0.0,7.9445609312203285,0.26964995027291305,0.7889121862440657,1.0,0
1.0068175511073334,0.33163124462253035,1.7890255443774774,0.0,0.6706143588202345,8.035998244023645,0.125288423483181,0.807199648804729,6.0,0
6.183347932005783,0.048391729200114864,8.33963027725024,4.048863616639793,0.9921738628114984,5.859698940217378,1.0552330409958568,0.3719397880434755,1.0,1
10.230910975578658,0.5533684768442366,12.454995094428256,9.864956379818704,0.9459121012620346,6.530128647466992,1.5667242604090474,0.5060257294933985,1.0,1
9.80159731359803,0.7020375652237938,10.78321486045564,7.627703220963067,0.9283751879655536,6.542255850427005,1.4981984101031898,0.5084511700854011,7.0,1
1.3857890536342024,3.955180648264746,4.014470386152713,0.0,0.0,4.566042584680362,0.30349893325211114,0.11320851693607245,2.0,1
7.839794843128395,1.9124176599957639,8.646276499793869,5.933892609860298,0.756062792679836,6.990710610641371,1.1214589302544629,0.5981421221282742,0.0,1
2.851397504961712,1.2371926138667177,3.060990782886145,2.1186953592872793,0.5661100875223882,7.600898895001677,0.3751395123590948,0.7201797790003355,3.0,0
12.292915417176367,1.930838021940687,14.092518951659102,9.877029345591183,0.8429308299605796,7.0548390955664715,1.7424799135251294,0.6109678191132943,5.0,1
3.0083799957301514,1.7767840171528453,3.3295917142249998,2.3650524903947554,0.40938843507978806,7.729829673547613,0.3891909812741647,0.7459659347095225,6.0,0
8.51967061236978,1.3565775059460765,9.349662805169235,5.8022077558557275,0.8407711321636718,4.5944563406242835,1.854337048986333,0.1188912681248567,0.0,1
4.914860345968681,0.6205481208538439,6.436419525113995,2.794923248542435,0.8737404367221062,7.807044731670886,0.629541717114869,0.7614089463341772,2.0,0
8.698735911572227,2.951619578882463,9.55781477864412,8.534576131631047,0.6606840799758247,5.040700516842382,1.725699807498448,0.2081401033684765,4.0,1
5.947103157568902,0.6147198125084491,6.592092184829036,3.5492418015839133,0.8966354212763078,8.384134114197664,0.7093282474451473,0.8768268228395328,5.0,0
10.115716627676736,3.4894100370270347,12.225272872393699,8.596416006597014,0.6550506340321988,5.224656561753978,1.9361495838265725,0.2449313123507956,4.0,2
3.768149503934294,0.9075960597620412,5.4091475281411805,2.4102028149951398,0.7591401140495015,6.459961918452201,0.5833083153587906,0.49199238369044024,2.0,0
11.869502234971122,3.2911708820999026,14.388785979721964,10.607968656875663,0.7227203957716841,6.436331483283171,1.844140915644154,0.4872662966566342,6.0,2
7.002515791760225,3.625137475629601,8.746234575726659,5.182625592437475,0.4823092752043121,5.344251601960067,1.3102893189369995,0.2688503203920135,0.0,1
10.073117772554234,0.5639670439850284,11.523459407875569,7.89938227020535,0.9440126625421135,5.808547922097972,1.7341886315910697,0.36170958441959444,6.0,1
11.196762296814725,0.3903559572960183,11.98053135164709,8.508832449641044,0.9651367112252559,4.92798374537796,2.272077765539783,0.18559674907559193,7.0,2
12.985943331457658,4.273077467941469,15.362140956731551,12.167108892615982,0.6709459329311719,6.850503487292747,1.8956188191927448,0.5701006974585494,5.0,1
3.687347987127499,2.083710630386613,4.277961012820601,1.7950191683962275,0.4349026352650117,8.565140126667401,0.4305064403613212,0.9130280253334803,3.0,2
4.442708962761458,2.836059727378448,5.169394195680939,2.3836811283570682,0.36163729131254274,5.583037861808252,0.7957511793270445,0.3166075723616505,3.0,1
4.005197040782659,0.1046719805479549,6.529962831041869,1.9808056214219811,0.9738659597812195,6.540313048857288,0.6123861366976066,0.5080626097714577,3.0,0
4.154455985917392,1.2541958125035295,6.378033563105025,2.675454042568482,0.698108292215647,8.309403059543248,0.4999704498803978,0.8618806119086496,1.0,0
7.989336898472529,2.274289445517238,9.827957365411091,6.816269253861426,0.7153343920254438,6.262495234727362,1.275743389658698,0.4524990469454725,1.0,1
12.922270277750115,3.9879824102523176,13.039031870109836,10.635133826548842,0.6913868596976396,8.156301642289598,1.5843296195360717,0.8312603284579196,5.0,1
12.883337045113054,1.2214773790396933,13.265109899967234,11.98330763299065,0.9051893640007634,6.231953325849348,2.067303198769897,0.44639066516986964,4.0,1
7.321278776347692,3.488360939364238,8.82115115691052,6.697119289152963,0.523531196403308,6.201212333554366,1.1806205597464736,0.44024246671087325,3.0,1
8.668326523176086,2.9799581771641583,10.90734329362476,7.0308389418957145,0.6562245124019281,4.78619981089671,1.8111083669012238,0.15723996217934194,3.0,1
11.319646524419271,0.5187184551258524,12.711949116994742,10.51681395143274,0.9541753840098409,4.62489412213307,2.447547170917392,0.12497882442661404,0.0,1
12.195201501442062,1.3201882775639844,12.24708057468641,12.095502013148446,0.8917452673981751,7.057483721472439,1.7279815275149817,0.6114967442944877,6.0,1
3.446327527954527,1.0703881639737889,3.999137523954992,3.2916002978076104,0.6894119449496756,8.136667623393603,0.42355515641883246,0.8273335246787206,7.0,0
7.342500747309435,1.9913741440797845,9.10880084617009,5.257469168148811,0.7287880229621362,4.677032434250968,1.5699058859499537,0.13540648685019363,1.0,0
10.994044655938147,2.859004093714129,13.07669583500212,8.074607117961929,0.7399497470505623,8.550469730534939,1.2857825362128183,0.9100939461069878,2.0,1
4.638424919615099,1.95038889978828,4.738709857750813,3.274359768736874,0.5795148280744135,5.794399009321682,0.8005014691175183,0.3588798018643365,5.0,1
6.277708509765601,1.1004145908831269,6.407703770147102,5.836525133011398,0.8247107859227101,6.126286032604109,1.024716847426911,0.42525720652082183,0.0,1
12.827453218144097,3.1314544570272393,13.611383564513186,10.373203586556038,0.7558787076613245,8.472267010090645,1.5140520480370052,0.8944534020181291,0.0,1
12.820560360650452,2.6301199262017043,13.071065446810147,12.036252669729294,0.794851406474072,8.481482251607032,1.511594315748438,0.8962964503214064,7.0,1
11.87328172918218,2.336912583370614,13.499120425762275,8.886402344370538,0.8031788820754632,6.62429438455786,1.79238437181482,0.5248588769115721,1.0,0
10.58138013793669,2.4948881885069025,10.952486083806733,8.89158764045551,0.7642190190708533,5.383824722266704,1.9654020485053432,0.27676494445334077,4.0,1
4.229566008673669,0.998552908322206,6.174224013377937,3.531668362993367,0.7639112603339325,4.85969736169088,0.8703352686147594,0.1719394723381759,7.0,1
4.850200888806249,3.061939774916053,7.1818768467290095,3.3621865802332174,0.3686983601065502,5.357900237152733,0.9052428515137335,0.2715800474305466,5.0,1
7.567394094458496,1.7437524099244572,10.478944085714817,6.561250278969551,0.769570292209126,7.903136988125625,0.9575177686820336,0.780627397625125,2.0,0
7.729328494744146,1.6356051887850884,10.574549379657288,5.390912540863303,0.788389743055004,5.622954011068248,1.3746028296745272,0.32459080221364955,1.0,1
7.066033832284804,0.6738039372004674,7.886129282990638,6.748586174860637,0.9046418467285214,7.472807305165043,0.9455661766363109,0.6945614610330086,5.0,1
8.640043358995673,2.685768005477009,8.72827216686519,6.069035207898028,0.6891487815647716,4.976004111397986,1.736341684124592,0.19520082227959712,3.0,1
5.899876271595866,2.7119898474592796,6.88811291993117,3.5978655888034616,0.5403310641418401,6.392518163444498,0.9229346121117346,0.47850363268889956,7.0,1
9.990089887786395,1.5313528964993774,12.115530243924354,7.405998476081932,0.846712801015778,5.760531080294111,1.7342307069500853,0.35210621605882225,5.0,1
5.002599117740264,3.8693252558949034,5.182002745557882,2.3176178796152693,0.22653701309515972,6.518061616601154,0.7674979790002157,0.5036123233202308,0.0,1
4.968123963356231,3.8045605442194272,6.047261936370517,4.278790494526987,0.2342057943237702,6.849726454600883,0.725302535259521,0.5699452909201765,2.0,1
2.526711542701936,0.4907443791709409,3.420815185342657,0.9636941210160737,0.8057774419923835,8.954674823172226,0.28216675564404686,0.9909349646344452,5.0,0
3.264546520347031,3.127672745144632,3.922583427803961,0.7147798598478992,0.041927347136670345,8.499475235946012,0.38408800893266903,0.8998950471892023,5.0,1
11.206250547056293,1.7722564028326002,13.324642811247237,10.074086630707958,0.8418510816449536,7.479332387620953,1.498295565203622,0.6958664775241907,5.0,1
6.355388062965298,4.498716829783017,8.33267907803842,6.174165332578401,0.29214128465288314,4.768717352652094,1.3327248383531867,0.15374347053041876,1.0,1
3.7344134386340055,1.0126063335809357,5.340895720737036,2.859510369018456,0.7288446096768192,8.595142781696092,0.4344795116826539,0.9190285563392184,1.0,0
10.11209320026865,1.2623589243652025,12.844417119313443,9.386332265844217,0.8751634405098575,8.46293035354,1.1948690084680673,0.8925860707079998,1.0,1
7.647773509802313,1.9894783255007735,7.957190067993131,5.0375856537349994,0.7398617619950674,8.433517150371195,0.9068308480840289,0.8867034300742389,5.0,1
1.2538721370795218,1.2092181690629842,1.7029398105139144,0.0,0.035612856124663694,6.39508432176528,0.19606811638308574,0.479016864353056,0.0,1
4.796337488040582,3.113970148739314,5.946686525698821,2.745704775701642,0.3507608343858545,4.853533555305284,0.9882155821912094,0.1707067110610568,6.0,1
3.1240169334560925,2.1640865048166624,5.091663089044794,0.23765948438133622,0.3072743999429802,7.772016074844608,0.4019570859570763,0.7544032149689215,2.0,0
8.870474331794087,0.9939547568229308,10.622712208530324,7.972910774638476,0.8879479586271573,5.942575194952117,1.492698710708626,0.38851503899042344,3.0,1
4.300372487563035,2.2786833126895316,4.52250054996683,2.0167738149808474,0.47011954911356246,5.722841448461175,0.7514400890346822,0.34456828969223496,1.0,1
1.7793613505193235,3.999544948642673,4.654635761758726,1.7110689859631592,0.0,5.953910062796387,0.29885593362214924,0.39078201255927747,3.0,1
1.6592198703720311,3.5657804108252376,2.5744143197562055,1.3468713444374467,0.0,6.795352787329062,0.24416979107632078,0.5590705574658124,6.0,1
7.980727575504579,2.2447301599206946,9.05764541685386,7.495132305494745,0.7187311383976451,5.6675941537207954,1.408133214737192,0.3335188307441591,1.0,1
1.2606814684490755,1.2982167141387646,3.131570865579346,0.3234264578315502,0.0,7.449603054990592,0.16922800572636248,0.6899206109981184,4.0,1
11.185505357633065,0.809489091161375,14.02100191001227,9.97654371224493,0.9276305302907951,7.238618978718312,1.5452540588914376,0.6477237957436625,0.0,1
2.8647654310873074,3.9527229473410297,4.852830148397123,1.4337177588905443,0.0,6.5443130691345015,0.437748836405557,0.5088626138269003,1.0,0
8.278796022345158,3.1957512322441337,11.14311601098827,7.542801983494966,0.6139835764018662,4.269866158427476,1.9388888820332737,0.05397323168549519,5.0,2
6.336256336128948,2.5747348641635632,6.899029692590386,6.13761037729854,0.5936504573714005,8.682713411855861,0.7297553236615032,0.9365426823711722,4.0,0
6.31421825478283,3.9574559067915076,8.170648041701634,4.2816489792620995,0.37324689342281536,6.058481415601951,1.042211376356177,0.41169628312039014,4.0,1
1.8615657083205503,0.5476062931834027,4.348202383949404,1.790581647717757,0.7058356357039705,6.247265971429436,0.2979808634423493,0.4494531942858872,1.0,0
10.633027002546587,3.0712017870093073,12.160100407311129,8.204615097970413,0.7111639247907711,6.280162561215828,1.6931133388509059,0.45603251224316566,1.0,1
11.716629817039031,0.9752054058595439,12.803150844527053,8.929165341585428,0.9167674134040369,5.8251397911923455,2.011390324873347,0.3650279582384691,3.0,1
1.1322000086107415,0.5425984845719415,4.0864755987063734,0.0,0.5207573922934929,7.372939553090049,0.1535615476646935,0.6745879106180098,1.0,0
3.1432501083654127,2.095238295031199,3.566212129555394,1.355368556540917,0.3334166156695727,4.069588479119246,0.7723754194049826,0.013917695823849208,7.0,1
11.846850265545747,1.7432681839395916,13.079638848131717,9.875794677559849,0.8528496482301674,8.367541646553393,1.4158101346798182,0.8735083293106787,2.0,1
7.593923353600697,4.235281241963334,10.214044611282677,5.637257213747914,0.4422802226526089,4.512195126347802,1.6829776064554338,0.10243902526956035,5.0,2
2.8004749389785215,1.4579079603831737,5.501917178496284,0.005359530779019739,0.4794068891346879,8.998568375524087,0.31121338663111714,0.9997136751048175,1.0,2
3.433485431309906,3.6670601657340107,6.374631735989229,0.5405678177280038,0.0,7.140413145883604,0.4808524886671698,0.6280826291767209,5.0,1
8.91983493084537,3.3697215021075513,11.574377707638515,7.639700005120705,0.6222215401705659,4.33123237052342,2.059421930707317,0.06624647410468398,1.0,1
9.697801866962477,3.0056574152634132,9.850672943124714,7.846564338517222,0.6900681766346668,6.812185297134205,1.4235963121910693,0.562437059426841,2.0,1
8.193121702959223,4.141802128320268,10.982421201841689,5.784700541756706,0.4944781392879448,5.6565389623280735,1.448433707877646,0.3313077924656147,3.0,1
12.437780558950308,1.8356606747160393,13.722282133170664,12.434666087433897,0.8524125211877062,8.76521611563117,1.4189930282232046,0.9530432231262338,0.0,1
6.928763243941324,1.7535203369228953,8.88362080631107,5.3477154934581765,0.7469215969449937,7.777355023909424,0.8908894119711228,0.7554710047818848,0.0,0
4.60326294571032,0.7242634061167922,5.786090553211677,2.6446339262572267,0.8426630382277602,6.535073343242182,0.704393463383312,0.5070146686484364,6.0,1
6.726794919709558,1.2409293397278112,9.167799149550204,4.5751785704968135,0.8155244281207564,6.148886997537373,1.0939857770038117,0.42977739950747457,2.0,1
5.315995523999332,3.958994052273918,7.04375335296763,4.209627295810488,0.2552676099141096,8.979344328947683,0.5920249106453779,0.9958688657895365,4.0,0
3.6929907120962358,2.1347195981011557,6.229624639758249,2.8060574502614593,0.4219537051341691,7.336920424803804,0.5033434327039181,0.6673840849607607,5.0,1
1.5515589920816808,1.536089949858197,2.1328734066439825,1.0051312923779552,0.009969999402168694,6.569648711956204,0.23617076956610708,0.5139297423912408,4.0,1
5.226549922781491,0.9725042478697701,5.781499207046197,3.553103275623437,0.8139299801517599,5.989720587101477,0.872586600122311,0.3979441174202954,5.0,1
9.536912172516907,2.1823211260962676,10.858042577271267,6.779001875760542,0.7711710995530405,5.622914287202809,1.696079948119068,0.32458285744056176,7.0,1
1.2212536345023257,3.22499416709038,1.2355082693897672,0.0,0.0,7.527097119008147,0.1622476255046981,0.7054194238016294,5.0,1
6.2701421584712165,1.2901141145568393,8.34870102315999,5.190244376998139,0.7942448381630641,6.939427574530137,0.9035532241138439,0.5878855149060274,2.0,1
8.72811281739842,3.4097243436569435,9.616274000822454,7.954547397583813,0.6093400240129714,8.240924176519663,1.0591182045172645,0.8481848353039325,2.0,1
8.324849310091686,2.834044986262133,9.996747348735035,5.958467842079354,0.6595680137024702,6.767803616516872,1.230066618625699,0.5535607233033744,6.0,1
10.31978123066459,3.544031531428669,10.52979191204713,8.144841175932026,0.6565788118746356,6.911656950659053,1.4930980088183572,0.5823313901318106,3.0,1
10.72623658791757,1.1290933299371053,11.238169666065653,9.210217094505094,0.8947353696068052,6.386782474215902,1.679442916870974,0.47735649484318043,4.0,1
9.540469851032654,2.8396266512987043,11.409047361098452,8.373379072416082,0.702359873712997,7.813104731455333,1.2210856220348614,0.7626209462910666,6.0,1
2.233572353736993,0.6918087576997887,3.1505602350701225,1.8621786425014681,0.690268033385029,6.074960880492592,0.3676685986422159,0.41499217609851835,1.0,0
6.700269328052328,1.6370864197408652,7.344435155809229,4.3448535607756185,0.7556685650102453,8.259698023649575,0.8112002774033368,0.851939604729915,1.0,0
8.240871489851303,3.2596204267926057,8.927410992274607,6.388478159106211,0.6044568307117939,5.635223805774,1.462385838412928,0.3270447611548001,0.0,1
3.9467924657134192,2.842507735109711,4.591250559889906,2.816147426499369,0.27979295597547926,7.463125231904828,0.5288391046743928,0.6926250463809656,0.0,0
1.5106218117613182,0.8453732640188488,3.379174660052963,0.0,0.44038060523356204,8.464854495498262,0.1784580954775643,0.8929708990996523,4.0,0
3.683083850512563,3.8625420244163813,4.186157493920934,1.7040657312769765,0.0,7.845369318480605,0.4694595883251367,0.7690738636961211,4.0,1
6.458732820791666,0.24007942055331843,7.546851898331337,3.6710162202604275,0.962828711573195,5.713040712579756,1.1305245570139106,0.3426081425159513,2.0,1
5.9671638286552104,2.678470598324923,8.030824425435567,4.543926447636279,0.5511317142890384,7.531695014753865,0.7922736936328557,0.706339002950773,1.0,0
3.1200037759259396,4.427192251042229,4.661016947968891,1.7561503037341497,0.0,5.0349240730498686,0.6196724579475178,0.2069848146099737,5.0,1
10.892986512201913,2.3917712932923685,12.684829124528365,8.081268641259674,0.7804301611304488,4.290825397259047,2.5386692544423473,0.058165079451809376,0.0,2
12.108240024840695,3.6030231898173932,12.86096096323194,9.228865740110095,0.7024321303157519,7.956908698224254,1.5217266508968357,0.7913817396448508,5.0,1
3.4161798286325826,2.6783143793509594,6.214324448128199,0.5338778719959238,0.2159913957389572,8.040045576158327,0.42489558004034256,0.8080091152316655,7.0,1
12.15487498680666,3.5238974171534667,13.396512731755667,9.698182805084333,0.7100836149299411,4.114654694577988,2.9540449658688317,0.022930938915597564,3.0,2
1.2143315101021699,2.9501736090987922,2.0752233199391736,0.0,0.0,8.738975069349868,0.13895582725269287,0.9477950138699736,3.0,0
12.099549672483345,3.1100940654188793,14.812528224658763,11.46865178967617,0.7429578662343261,6.229499134525846,1.9422989571382763,0.4458998269051692,4.0,1
12.423145480970895,1.0251501798887284,14.389014326764055,11.27282283713741,0.9174806266690672,8.526360737176946,1.4570279001688315,0.9052721474353891,0.0,1
1.1446223561911024,3.3381941110781295,2.9864599456064536,0.0,0.0,7.940872628224534,0.1441431451907098,0.7881745256449069,5.0,0
10.156231561320977,1.0705944899894884,12.816435517819482,9.065568676080078,0.8945874280705903,8.503267639043562,1.1943916141940156,0.9006535278087124,2.0,1
12.64241887083812,4.4128812381416465,12.818039729652273,10.37226659036751,0.6509464459905925,8.166878165585343,1.548011200180798,0.8333756331170686,3.0,1
11.87082662581334,1.0250423593254212,14.38386516183608,9.101813572540017,0.9136502965095584,8.86997684793412,1.338315401418228,0.9739953695868241,0.0,1
12.648521934354555,1.0650780161894533,14.682115027269859,9.737345445710266,0.9157942705308039,7.145505006378934,1.7701368794875896,0.6291010012757867,7.0,1
7.6038820683716715,3.8640290421773886,8.683860452712059,4.760859627745603,0.49183469608901387,5.13629423526251,1.480421821664398,0.22725884705250204,2.0,1
1.9378736786246593,1.0934363788326862,2.7069277061962262,0.27270088545783144,0.4357545639359136,5.947815653664938,0.3258126666098967,0.38956313073298754,0.0,0
11.197470373660433,1.6240625707107732,11.511888073305107,9.721830149707822,0.8549616550421049,7.759396243095406,1.443085263705195,0.7518792486190812,6.0,1
8.365939069708139,3.215880725305621,11.189161580448209,5.4030175434041805,0.6155983568001514,4.784846394015307,1.7484237488108119,0.1569692788030615,7.0,2
8.376840930259469,0.7143686108764346,8.802577240248077,7.722303316518548,0.914721000813572,8.649211680895098,0.9685091820290099,0.9298423361790196,4.0,0
6.007043318304234,0.7158228967237601,6.785358925496887,5.4444525332499465,0.8808360687956827,5.026394568144657,1.1950998348546986,0.20527891362893147,0.0,1
7.86210371825331,2.1886129046997853,9.935425256961718,4.972556825015804,0.7216250277112828,8.379873690898052,0.9382126757820792,0.8759747381796104,7.0,1
2.8429573490333744,1.0966353940472708,4.9734146626913525,0.7753728835608658,0.6142624529980605,6.418619724192939,0.4429234743908809,0.4837239448385878,1.0,0
9.877240318793804,1.060460800060651,10.359546432601586,8.268328289399332,0.8926359219950464,8.203100741856703,1.2040861900421052,0.8406201483713407,1.0,1
1.900207688218508,0.04157514638330706,4.34260117051539,1.504058309694591,0.9781207356221757,8.791478487388895,0.21614199374363452,0.958295697477779,5.0,0
9.757369204525505,1.667023160390766,11.288231012054592,8.217648457476518,0.8291523949285844,6.110737260378624,1.5967580978798186,0.4221474520757248,2.0,1
11.187741071498248,1.4321274957828145,13.733111105843575,8.355077610933584,0.8719913620962068,7.4830227045895175,1.4950831386140975,0.6966045409179035,0.0,1
6.669624130773858,0.14020114872001682,6.931480300316492,4.860950160727843,0.9789791529520945,5.133588017046759,1.299212969296813,0.22671760340935182,5.0,1
7.117964392684592,2.795549301961486,7.2464543899656615,5.904078525365987,0.6072543851392991,8.003928583392693,0.8893088335962439,0.8007857166785385,2.0,1
4.746571275064939,2.819948319015093,6.657542419547989,3.093262270669554,0.4058978248511579,8.099628246415538,0.5860233495488534,0.8199256492831075,6.0,1
12.633503004707052,0.318602122981465,13.083574396036502,9.975067743653698,0.9747811732927314,5.47622852016398,2.306971478306525,0.29524570403279604,1.0,1
9.797493694714543,1.4266870330925387,11.372340831914443,7.05894771130856,0.8543824494766254,4.120703812353449,2.377626284457198,0.024140762470689837,7.0,2
5.42786263960414,3.92762489397929,5.470188917457666,4.227598142645453,0.2763956727052076,6.156026258899123,0.8817153162330401,0.43120525177982466,5.0,1
3.097688634796061,2.6197518071006027,5.437476416440662,1.2735056274930947,0.15428820777105745,4.8500026712260595,0.6386983358120458,0.17000053424521192,1.0,1
3.634955106425096,1.8538862580539455,6.333545616960601,2.797347268376604,0.4899837264077782,8.092755401344364,0.4491616175402088,0.8185510802688729,4.0,0
6.5670674333206005,2.0929586780884315,9.083715719213465,5.213811544845171,0.6812947789345085,5.305486390085781,1.2377880085777437,0.26109727801715615,7.0,1
12.310820803772055,0.9372599749611231,15.18587924322331,11.651172893422626,0.9238669793102711,8.718463962732637,1.4120401089452301,0.9436927925465273,0.0,1
9.809756149131017,3.653466753185676,12.519043413107386,8.21533936353429,0.6275680355714741,8.859044805384446,1.1073153330445666,0.9718089610768892,6.0,1
3.582924978149798,4.113021174529354,4.914979033020893,1.8482045732558119,0.0,8.544179620352308,0.419341017786569,0.9088359240704615,3.0,1
11.314733601026777,4.097988190125196,12.509778226357717,10.301223392634459,0.6378184114071128,6.998072388530871,1.6168357474510373,0.5996144777061743,7.0,1
5.538406276116174,1.0077047626153486,8.226957280030803,4.7220513742002295,0.8180514912817113,5.3371400199295795,1.0377105070196846,0.26742800398591593,1.0,1
11.220666193030224,1.3983312049940562,14.001482579101905,10.767589373135868,0.8753789497933164,8.036292074165178,1.3962491767941179,0.8072584148330357,5.0,1
3.9003951757735713,0.7228024866429156,6.818903020727682,3.481764177155092,0.8146848065210313,7.507976906040072,0.5195001562452534,0.7015953812080143,7.0,0
8.42392734323581,1.3824051013454093,10.728879047764158,6.289543996093458,0.8358954149271665,8.885841735251311,0.9480168108123032,0.9771683470502623,2.0,0
12.120045856975384,1.4976241745517014,12.726012346799525,11.455131846257274,0.8764341164856417,5.886260036581192,2.0590401684011987,0.3772520073162385,0.0,1
4.09472810977353,2.8489758167908596,6.929590518105697,3.7407970464538485,0.30423321392432323,4.293839995838601,0.9536284802745231,0.05876799916772022,3.0,1
9.31511908703026,0.8534087169665608,12.156543487478919,6.318504017737393,0.9083845618082554,8.991931644194732,1.0359419372415024,0.9983863288389465,4.0,0
12.847751439485727,4.137286159654846,14.846145531224641,12.068001933818556,0.6779758559976893,8.191318197194377,1.568459572707874,0.8382636394388754,5.0,1
2.807179446916042,0.4639476153838948,5.379020245964496,0.11903450063164556,0.8347281945607053,5.107448441492745,0.5496246274579313,0.22148968829854904,3.0,1
2.060827488408093,0.03095104965449874,3.7443567518999497,0.23326962715234068,0.9849812515464809,7.62813932949827,0.27016122797322334,0.7256278658996539,7.0,0
9.090342309337794,3.847253078837399,11.922723145572963,6.945131808917349,0.5767757750018481,4.003450875323891,2.2706266649524856,0.0006901750647781313,4.0,2
5.076831372988364,3.1669641349472237,5.358640562764638,3.394074638489458,0.37619276626021547,6.789045289417903,0.7477975409740792,0.5578090578835806,5.0,0
1.8549337283990934,1.599119416601993,4.446824817853406,1.3125001432191867,0.13791021634928258,5.814191205008142,0.3190355567944374,0.3628382410016284,7.0,1
6.70366741460325,2.679748676595531,6.870178301714668,4.162512700245442,0.6002563207777918,5.906665206188134,1.134932687158252,0.3813330412376269,7.0,1
10.045248155727469,1.0059484537765502,11.06256931238153,7.5613298562671165,0.8998582774480298,5.222599030860379,1.9234193734518041,0.24451980617207578,2.0,1
4.421468804982265,0.7577534189041919,4.827445732828051,3.3724124089314627,0.8286195261515067,5.37422607816672,0.822717306766249,0.2748452156333441,2.0,1
5.020562530061617,2.1201711081242527,6.457967807450354,2.729010440827225,0.5777024794673293,6.273343319280755,0.800300935966825,0.45466866385615107,5.0,1
11.148392807763665,1.589345233744324,11.845131281741075,9.519272032730381,0.857437277179764,5.240725177388878,2.127261482029898,0.2481450354777756,4.0,2
7.240862947137857,2.7685352274088144,10.097080085139847,4.513715525457663,0.6176512043356446,6.332199734347189,1.1434988236176262,0.4664399468694379,3.0,1
11.112783625677665,0.9816713305246417,12.790747626637893,8.704310511765762,0.9116628773139837,6.886738602852278,1.6136496920436456,0.5773477205704556,5.0,1
6.356673905724514,2.9831746525227842,9.049866114635687,6.233686596318422,0.5307019525043937,7.55555711426255,0.8413243139576145,0.71111142285251,5.0,1
12.435701938721241,3.450876841362659,13.269877345874693,9.797874022147466,0.7225024483243998,7.38572825341409,1.6837475617888833,0.677145650682818,7.0,1
8.80953507661284,0.7498626436281348,8.887467756452523,5.9038358226773715,0.9148805655341748,5.209946365522617,1.6909070571073228,0.2419892731045234,2.0,1
2.390786383830993,0.1973622753806219,4.717751394882758,0.16431777595568198,0.9174488039937851,4.195947952140566,0.5697845662292669,0.039189590428113166,6.0,1
11.621115858721609,1.9781431888560244,13.728248838637525,11.261375266180405,0.8297802712833782,8.163409330465653,1.4235615768220609,0.8326818660931306,1.0,1
6.871182289969573,3.483108386965967,8.507657226992153,4.449054620458212,0.4930845610004343,8.361564214822966,0.8217580004694196,0.8723128429645932,7.0,1
2.69966761567486,2.9285092600836418,5.145695804862498,0.7572004878041021,0.0,8.894447598666357,0.3035227973100489,0.9788895197332714,0.0,0
2.8322816060970486,3.158467741865661,5.352534724041446,1.815802653531108,0.0,8.798557786180938,0.32190293851856555,0.9597115572361876,6.0,1
9.250407221318461,1.8127770299701578,11.014117145372982,6.598315567740461,0.8040327321166535,7.1690701334649205,1.290321764065042,0.6338140266929841,0.0,1
1.5684700807538774,1.0572549536388145,4.466253456315688,0.0,0.32593234221551093,8.471358519707891,0.1851497699105717,0.8942717039415783,7.0,0
4.439125178965759,2.3930047947807425,6.598261021817741,1.8803413859075526,0.4609287419693193,6.240042096606944,0.7113934666209315,0.44800841932138874,7.0,1
2.6774510856384173,0.919645621871386,4.708077214126304,0.667109839885689,0.656521970913204,7.936678198625215,0.33735159957754157,0.787335639725043,6.0,0
6.2929291554074105,3.268029136432796,7.377194533083347,5.427380844292626,0.48068235701896744,8.776672711283588,0.7170062462642599,0.9553345422567177,6.0,1
5.972245263932336,0.8863490518176467,5.9790209997323585,3.0471891763492263,0.851588638334983,7.98139278603832,0.7482710629627772,0.796278557207664,3.0,0
7.2625172162662714,1.3106847002145365,7.985345237948805,5.549500572447596,0.8195274914765198,6.078826829759002,1.1947234918278133,0.41576536595180047,1.0,1
4.355635949230363,2.279451502453524,6.647397469674253,2.8053702237509865,0.47666620235873913,5.888796235333825,0.7396479306068994,0.3777592470667649,7.0,1
1.3845230725381263,2.1901947036457274,3.5141368358496488,0.1739941877783613,0.0,5.457713770936612,0.25368187681643933,0.29154275418732245,4.0,1
8.37263327842223,2.7038221938316322,9.365699712912512,7.963600669189168,0.6770642993764142,5.835317621569137,1.4348204881726385,0.3670635243138275,6.0,1
5.484616034588216,1.9685007022496264,7.3613649582035325,3.4259773944797307,0.6410868710160453,8.102883308961015,0.6768721485255444,0.820576661792203,5.0,0
8.816019984880556,4.137629888295411,9.401882423299968,7.523622390863114,0.5306691800391297,7.507501606092884,1.1742947850621457,0.7015003212185768,5.0,1
2.3040036496512215,3.779703423887347,3.0948868074583538,0.0,0.0,5.249395897708622,0.4389083419402462,0.2498791795417244,2.0,1
1.165328263528604,3.956010530564873,4.007552545236093,0.0,0.0,7.55767564291375,0.15419135705052947,0.71153512858275,3.0,0
3.979530974623513,2.8328245713154687,5.219072693430297,1.6766084085736601,0.28815114409720843,5.89697733019996,0.6748425085922064,0.3793954660399921,3.0,1
6.4785678759286265,2.857535621373629,7.21353065882519,5.751083584821021,0.5589248000332119,6.788862535183227,0.9542935716187357,0.5577725070366453,4.0,1
5.7288636900216074,2.741394076721769,7.190188430538582,3.5809246476097085,0.5214768189550991,5.851846363846731,0.9789839537509184,0.3703692727693461,5.0,1
10.723630663281597,1.956978694896553,11.884678302643696,10.66236541038643,0.8175078239502062,6.6081467644292005,1.6227894212346363,0.5216293528858401,1.0,1
5.534051730313887,1.4494770048026817,7.722638842361205,3.0548502218887092,0.7380803296682468,7.649019475462723,0.7234981879790687,0.7298038950925447,1.0,0
7.365294155236947,2.6640129935199166,10.251642474709591,5.88443845396536,0.6383018875592739,7.655653253102495,0.9620725902459235,0.7311306506204989,0.0,0
8.122187109306306,0.11489326712302639,9.897399382679382,5.311968159650747,0.9858543929637643,7.7659128965054744,1.045876668660699,0.7531825793010949,4.0,0
1.2619766997497393,0.03355394140711365,3.0354182605604842,0.12869657577184412,0.9734115999021474,5.95519397745098,0.21191193847390122,0.39103879549019605,5.0,0
7.181600522154268,3.8323882183353684,8.276102098324717,6.392079708702735,0.4663601509840365,7.45247721456677,0.9636527983093943,0.690495442913354,1.0,1
5.137975112786054,0.20890820149929984,6.83186790871194,2.1528060965179363,0.9593403632922581,5.1935581572354135,0.9892976948044909,0.23871163144708268,5.0,1
6.055361532199056,2.361578176500381,7.013348131360471,4.463327917662831,0.6100021173066517,6.387142102099328,0.9480549258812917,0.4774284204198656,0.0,1
2.203448781943003,2.767444933273403,2.206725004880029,0.0,0.0,6.915534584016383,0.31862305873442553,0.5831069168032765,6.0,1
10.393846787783742,0.8917705333009602,12.992135306419197,7.660675295720717,0.9142020705607197,7.432410936360127,1.3984488851303907,0.6864821872720255,5.0,1
12.30885100970227,4.0307887721931674,13.597183266267386,10.753444871357999,0.6725292418426417,8.559979958771253,1.4379532509406892,0.9119959917542506,5.0,1
1.2672258475552,0.8554309728676874,2.74349130271719,0.0,0.32495776146136013,5.523843182698955,0.22941017795802673,0.30476863653979097,5.0,1
8.216473153736175,3.980317443150036,8.46697590001396,6.557815289419124,0.5155686182288424,8.226429573224799,0.9987897034308748,0.8452859146449597,2.0,1
10.166128807460296,3.4334562119986582,12.677460347676472,7.622910298816054,0.6622651279532228,5.555621260046653,1.829881543684446,0.3111242520093306,7.0,2
4.417691063798673,1.0833432908588727,4.928702274931444,1.5237103689962739,0.7547716046202356,6.759547095176635,0.6535483815107931,0.551909419035327,5.0,1
10.450667018358601,0.678348748242421,11.68253049471155,9.465700690249452,0.9350903873359689,8.140499237123997,1.2837869906920814,0.8280998474247994,1.0,1
8.588260609195615,1.423047195838058,11.10905725038726,6.372369462836074,0.8343032121877655,7.615748026348452,1.1276975786859713,0.7231496052696904,7.0,1
12.14995158725284,1.7907775482162362,13.523300407893398,11.293828155382961,0.8526103140941701,8.314348344386648,1.4613233754459858,0.8628696688773296,5.0,1
12.772057736245273,1.1060310442451555,15.565514742644664,10.939198612250756,0.9134022827734016,8.074405962581867,1.5817953414075414,0.8148811925163735,2.0,1
1.5081533679844576,4.495011969394905,2.1360962782465265,0.0,0.0,5.381736309672686,0.28023546327861293,0.2763472619345372,7.0,1
6.339253132324075,1.0334355130781145,8.484951622188388,3.6797941583401945,0.8369783487886624,8.964683358559055,0.7071363124355815,0.9929366717118111,1.0,0
7.563853450938618,3.7378567214228564,10.4978490216238,6.217704898100878,0.5058263958090018,8.684992161035364,0.8709107976945956,0.9369984322070728,5.0,1
2.7609187984918298,0.7160298619071275,4.409759710152763,1.651651750794155,0.7406552259710559,6.150873106191449,0.44886616108413907,0.43017462123828987,5.0,0
5.0354299651283405,4.411100813741764,7.1119816610603195,4.275075129095677,0.12398725743585315,4.236047378444381,1.1887095481395489,0.047209475688876165,7.0,2
12.851769373077541,1.0148555622738817,14.031449351880568,12.451517861822978,0.9210337866473198,5.51748336594565,2.3292810364231804,0.30349667318913004,4.0,2
1.1947654761096573,1.897598496526165,3.448777495286064,0.10001277017863508,0.0,8.180762652982134,0.14604573275012805,0.8361525305964268,7.0,1
6.430095178292609,2.513538300455579,9.156717347863797,3.814161764049067,0.6090978079234277,8.754352097494168,0.7345026915393487,0.9508704194988337,2.0,0
11.111855460618354,0.54128571820242,13.221022161769941,9.85542691198644,0.9512875486798045,8.158359771299413,1.362020770364792,0.8316719542598825,6.0,1
4.886815152631462,3.675690303655956,7.694601286774399,3.9349356551977954,0.24783520782924173,5.98371618302298,0.8166856520528748,0.39674323660459604,1.0,1
6.757582033061841,1.2360848970637344,8.52353998903877,4.540185299302596,0.8170817770296948,4.282682498431656,1.5778853640297892,0.05653649968633125,7.0,1
12.73654894945576,2.471714557207487,14.467961270808647,12.089795534577943,0.8059352995056714,6.587914220047703,1.933320399148053,0.5175828440095407,6.0,2
6.698522037708447,2.473352148119611,7.612404202035913,5.929661630245399,0.6307615121371251,5.881912544315787,1.1388340080271717,0.3763825088631574,5.0,1
2.5710557457579886,2.7118829354660328,4.699938219249346,0.0,0.0,4.614861935890424,0.5571251711264708,0.12297238717808483,0.0,1
1.6206578999966927,0.2496869393594161,4.266515465265159,1.3758888221450425,0.8459348272328628,4.529266731945527,0.35781904575545853,0.10585334638910542,3.0,1
12.344998869279381,0.7587844282420555,14.283947547666175,11.101105328549112,0.9385350751120524,4.765184418280479,2.590665499098162,0.15303688365609586,1.0,2
4.189712959300788,0.725365093155139,4.888830621096537,2.4594593821163753,0.8268699788741152,5.029118366923198,0.8330909423124284,0.2058236733846396,7.0,1
7.048766878774611,1.3592306673713335,8.68109422293967,6.357984731930794,0.807167595304609,7.768932046827359,0.9073019092312893,0.7537864093654718,3.0,0
2.0884211930796233,0.6521137058625294,4.356233443933869,1.2453837403754642,0.6877479945025309,5.908517352503539,0.3534594329649762,0.3817034705007078,6.0,1
6.08386144660726,4.148645943484303,8.901951391225518,5.418325352361267,0.3180900025595017,6.184690650975893,0.9836969688447194,0.4369381301951787,7.0,1
12.16126623100149,2.3082950273008533,12.631054379563151,11.125709514819565,0.8101928710830661,6.99190667491559,1.7393347475062382,0.5983813349831181,0.0,1
7.02895592357126,2.80608816466208,7.411447196470942,4.333438658335915,0.6007816530401051,8.80066738716008,0.798684419527808,0.9601334774320162,6.0,1
12.653621821627935,1.6086967892915438,13.892452412326653,11.35885978191294,0.8728666928750856,7.782345244501693,1.6259394082481562,0.7564690489003386,2.0,1
4.106027646848796,1.243107634652602,4.482861155236629,2.8525405972785007,0.6972481089827451,7.228563069406006,0.568028196949273,0.6457126138812012,0.0,0
7.054542876447246,2.2642972660449585,9.995829613962602,5.8948002359240785,0.6790299094212485,7.719160668039089,0.9139002515722118,0.7438321336078179,2.0,1
11.314369501711903,1.3244533867567512,12.587282603559581,8.422022320899181,0.8829405927960584,7.596462605592937,1.4894260775247727,0.7192925211185874,4.0,1
6.3790282546449255,1.5464066657839393,7.97985981184864,6.027129945985479,0.7575795867249977,7.4512463049713835,0.8561021866085561,0.6902492609942767,6.0,1
4.353848482842276,2.0373789342188573,5.035111826720589,1.7382222200241761,0.5320510251452717,6.482035597499284,0.6716791997442833,0.4964071194998567,5.0,1
11.26570436101458,2.2758015923296,12.613082731625367,10.284221157830654,0.7979885216760079,6.834235400699893,1.6484220546252855,0.5668470801399786,1.0,1
5.6786736264713085,4.4294130530182745,8.632755431054967,2.8091388513552484,0.21999161346930873,6.307457332244734,0.90031106472033,0.46149146644894684,2.0,1
7.3686794927228085,1.0049516467287323,8.834740946823716,6.422997753991832,0.8636184885336367,5.97479248523499,1.2332946308900965,0.394958497046998,2.0,1
12.718324796981747,2.195892741971912,12.744796574395206,12.469701707212785,0.8273441843148218,5.353840358781265,2.375551743174672,0.270768071756253,5.0,2
3.2377995370703667,0.6728028277020253,3.9653821278222585,1.6776738840128191,0.7922036803085122,5.776066006311951,0.5605544558410819,0.3552132012623902,4.0,1
4.616807640642229,1.5749965471858767,7.552172132077741,3.9332109027124975,0.6588559303790305,6.142648086548272,0.7515989155804861,0.4285296173096544,0.0,1
1.3728352008380793,3.227898234178819,4.340037741070277,0.0,0.0,6.8968970249224295,0.19905113790698067,0.5793794049844859,0.0,0
5.702052518920633,0.7850796469225856,6.333531788235749,3.7301356639367693,0.8623163072739994,6.49937548601507,0.8773231414602735,0.49987509720301393,0.0,0
3.4022011670183145,2.616080883975194,5.247993430549875,1.3427936932511844,0.2310622577712168,4.539744771386296,0.7494256479928472,0.10794895427725919,7.0,1
9.160419224894696,1.8751546060560325,9.39114421641094,8.579950759062786,0.7952981670358445,5.699868277286302,1.6071282316116886,0.3399736554572604,4.0,1
3.1758575051902285,0.23210794982012845,4.908182432524116,1.049966710534807,0.9269148727734793,5.88096734300815,0.5400229792069817,0.37619346860163,3.0,0
9.097753028870436,4.198838586653,9.475515133329749,8.163759947929424,0.5384752066440386,7.534629825565462,1.2074585267614875,0.7069259651130924,6.0,1
4.161705138271812,1.8612141313179886,6.6176897091997855,1.1656830540915988,0.5527760690679601,5.664460421777273,0.7347046017431687,0.33289208435545453,1.0,1
5.262614009454397,3.527669410880248,8.08133897226113,3.0673110202323786,0.3296735416006731,4.039779077923189,1.3026984664121424,0.007955815584637805,0.0,1
5.18632782455677,1.8734106992931014,5.705288248705218,3.4150933023312318,0.6387789660301303,4.421683116650208,1.1729306890010343,0.08433662333004169,2.0,0
9.601021001963312,4.21812144710453,10.989157507747784,6.999667664316668,0.5606590750877467,6.48499208985115,1.4804984908136851,0.4969984179702299,1.0,1
6.598111157660117,1.3071165049300386,6.90424015308402,4.830176058501836,0.8018953494876282,4.9424775213618535,1.3349805090953797,0.1884955042723707,6.0,0
5.335586786232197,1.8550379235946357,6.353006807451122,3.6773371859055968,0.6523272888407841,6.473112056396164,0.8242691830060375,0.49462241127923273,6.0,1
11.231472628473398,3.4148890811667885,11.426765892754977,10.51952582005726,0.6959535766922003,6.871026860430613,1.634613407372055,0.5742053720861225,5.0,1
7.863407507694433,1.5465029187638561,8.657047091746714,5.8290715217181575,0.8033291652186936,8.667189512846774,0.9072615172472056,0.9334379025693547,7.0,1
3.5659698553359735,1.6396068210083072,6.536640856603878,2.4420365705875895,0.5402073243679091,7.277899621744099,0.48997238773147755,0.6555799243488198,3.0,0
11.801095337724192,4.476704280364006,11.934905139688397,11.6718474542878,0.6206534942520576,4.1552036131671635,2.8400763082532086,0.031040722633432695,1.0,2
5.111803552403687,2.500265365606584,7.688708541259699,2.6636181632938145,0.5108839101551738,5.903652591424223,0.8658713352864305,0.3807305182848445,2.0,1
1.4677525304478447,3.1022120415156667,1.7001102637101593,1.3121330305016192,0.0,7.967284853907692,0.18422242424631777,0.7934569707815384,1.0,0
6.935202687693435,2.895580053691244,8.522193481045516,4.918302319171858,0.5824808323440249,5.302812279949641,1.307834847165153,0.2605624559899281,7.0,1
2.4872566532905336,3.7256586622045753,3.8436160305725706,2.017093978835788,0.0,8.624865357501205,0.28838208484348343,0.9249730715002411,4.0,0
3.8615973245889106,3.8782129474878437,6.656261304650846,2.563888774876319,0.0,6.6450535428181885,0.5811235830842072,0.5290107085636377,6.0,1
9.965330472248933,2.534652596116393,10.562480059104201,7.3880554966087715,0.7456529311120393,4.462238459111029,2.233258164834659,0.09244769182220587,2.0,2
2.569021760515823,1.325502337348797,3.1080678066547285,2.285763113173383,0.48404394321570277,5.2083527009014015,0.4932503438315931,0.24167054018028028,5.0,1
10.683330692248429,0.10260111408736255,12.929472957951926,8.681878656590566,0.9903961491932654,8.531495995443313,1.2522224353096356,0.9062991990886626,2.0,1
12.242887457571445,2.7648146297894405,14.420045876872507,10.40503123011319,0.7741697259432391,8.95729875587405,1.366805751515518,0.9914597511748099,3.0,1
8.278385204895336,3.7146097496952883,10.375930516373732,5.675795965826458,0.5512881247059278,8.315079462836767,0.9955870225768219,0.8630158925673534,5.0,1
9.524310304273952,2.0274291248024676,9.602691652791094,9.006105690301752,0.7871311349554964,5.603383423259606,1.699742741990242,0.32067668465192123,7.0,0
9.56303931888901,0.7411776322088893,10.342918379063736,7.163676804981595,0.9224955992029743,7.844095062550493,1.219138631369366,0.7688190125100987,4.0,1
12.913695487245338,1.296369328210384,15.433381020808236,11.563331897021353,0.8996128312386807,5.111138217981279,2.526579195572175,0.22222764359625574,5.0,2
5.098459146419474,2.2949501828033907,6.901033510789792,3.8125274089397374,0.5498737722719462,5.922611437240638,0.8608464695760728,0.38452228744812766,4.0,1
2.95427861491243,3.7650654853994996,4.760863377108975,1.8689255623928052,0.0,7.485840643003487,0.3946488785696494,0.6971681286006974,3.0,1
7.230006818971858,0.7728891573078929,8.117756635186293,6.073284380384104,0.8930998024400478,8.844506695922808,0.8174573288869562,0.9689013391845617,7.0,0
7.398997717980499,2.754674440692814,8.179516983651343,5.839118838704824,0.6276962710775532,6.195991383907035,1.194158813260789,0.43919827678140705,7.0,1
3.1349498595537337,3.3901587627774545,5.974614523608498,2.8145503907833365,0.0,6.479182105166683,0.4838496292693851,0.49583642103333664,2.0,1
8.357313027929674,4.2122138415067045,10.54057886448931,7.0821154183108,0.4959846750469056,5.100842644755272,1.638418122253336,0.2201685289510545,7.0,2
1.1694968017218876,0.5251666125548673,1.5500951551274003,0.0,0.5509465166714029,6.016113713746826,0.19439406523343902,0.4032227427493652,3.0,0
12.132020829450658,4.168762353740508,14.94514165588195,10.637443769135714,0.6563835149688519,4.315093038478222,2.811531691499562,0.06301860769564431,5.0,2
4.17489133385514,2.7066039082851576,5.922001789309304,3.677402927306271,0.35169476476269135,8.292929478134194,0.5034278109880223,0.8585858956268388,4.0,1
1.4747225006823017,3.450157143445287,2.474809601553566,0.38556739530740547,0.0,4.116672946071002,0.35823163996785146,0.023334589214200462,6.0,1
2.2989932976982845,0.24198619305849955,3.49041163689708,0.970108274420495,0.8947425408761425,7.417622922966758,0.309936663210534,0.6835245845933515,6.0,0
3.8829873793557006,2.277666700382678,6.059200910413555,1.8763629354567959,0.41342412996443767,5.366108507270835,0.7236132802932382,0.27322170145416697,3.0,1
4.286874023272542,2.8018335333635718,5.415691978330793,1.584575055660049,0.34641570567434365,6.380547160165809,0.6718662076562633,0.4761094320331617,5.0,1
1.393719993972744,1.380752279427781,3.129954391328565,0.0,0.009304390122150119,5.407792200498788,0.25772439884879345,0.2815584400997576,4.0,1
4.352257746324749,1.9424259364556369,6.483756236269964,2.3231533619726568,0.5536969431335006,6.000353340134522,0.7253335761435636,0.4000706680269044,6.0,0
3.3153008379217854,2.4943416087581913,3.901425829839679,3.083731961603572,0.2476273705761849,6.733889432095229,0.49233075050509695,0.5467778864190459,1.0,1
5.543451129214223,2.4864657289784096,8.376175587941871,2.680050041171443,0.55145888887256,7.204467057160974,0.7694463844767306,0.6408934114321948,5.0,1
5.6220128482716305,0.18837686433077133,6.6905311625778605,4.676386777205062,0.966492985801574,8.701430715495581,0.6461021218338155,0.9402861430991163,4.0,0
5.068092887234549,1.9776679496050158,6.326217158465292,4.005217638170785,0.6097806426187764,5.661004508878239,0.895263884578467,0.33220090177564787,3.0,1
4.9350866023684485,0.9621816965650389,7.0306297059719105,4.266558260443911,0.8050324595918401,6.924287564868759,0.7127212086637229,0.5848575129737519,2.0,0
2.0767753328950147,4.125127851384074,3.903130601058307,1.822765117598367,0.0,8.50861073604122,0.24407925069342998,0.901722147208244,5.0,0
1.302459365513946,4.394609955555003,2.6228188763314835,0.0,0.0,5.451159039751713,0.23893255654732648,0.29023180795034254,2.0,1
3.425371601877599,1.348411033584311,5.374597722779973,2.7039013567590806,0.6063460580904021,8.325249905627405,0.411443697271146,0.865049981125481,0.0,0
10.079793128999384,0.7883342876297643,12.788278051715517,9.231729922963444,0.9217906282856401,8.787775481949247,1.1470244261137577,0.9575550963898494,7.0,1
12.889717186613465,0.9877686792675439,15.290568036549722,12.344328356794648,0.9233676996192449,8.237468528134569,1.5647667900143627,0.8474937056269137,3.0,1
12.142314100687948,2.1498851490882918,14.615091130552269,9.217658259791307,0.8229427165809782,6.849302506707985,1.772781110017576,0.5698605013415969,1.0,2
7.050632266453224,3.935275196009303,7.825857492155163,4.707527874615611,0.44185499295811126,7.610577699966474,0.9264253706370127,0.7221155399932948,1.0,1
7.381886269335211,2.2501629672193784,8.640096317228124,4.592187319393109,0.6951777790770515,6.405329342755219,1.1524600647872278,0.4810658685510438,6.0,1
4.774978828430111,0.2492642777188394,6.436436253392289,2.18980872726958,0.9477978255663196,6.9862790222486755,0.6834795480145578,0.5972558044497351,2.0,0
10.287273263651874,0.17948521220914804,10.419845721136323,7.56838286501609,0.9825526932541663,8.872370334891361,1.1594729339910763,0.9744740669782722,2.0,0
10.177080255191782,1.0232592553028186,12.486456796323756,8.739978099644203,0.8994545361101178,5.255602780777725,1.9364249315824011,0.25112055615554496,3.0,1
11.131268290989334,3.7924707492424297,12.1016585642346,10.619643978918033,0.6592957199394429,7.96273561270322,1.3979201159500068,0.792547122540644,0.0,1
11.746054926362612,2.796662508908148,12.593843160485655,10.76541392328998,0.7619062292454146,6.531165748774017,1.798462231427444,0.5062331497548034,4.0,1
6.212190978703549,2.5333103420383116,6.990067006771988,5.334836427758439,0.5922034028375928,4.884366267159363,1.2718519944894342,0.1768732534318726,0.0,1
10.202506817286372,1.4353631666218896,11.052644613546565,8.051105304482302,0.8593126971314622,7.217676903522221,1.4135444068308956,0.6435353807044442,6.0,1
10.676784745550544,4.182414322707843,11.69082924202404,10.599766686628517,0.608270240303306,7.962134532675384,1.340945031980388,0.7924269065350767,3.0,1
4.7015154699730015,1.490302102329596,6.515989144201479,4.27538882521907,0.6830166545558226,6.843779096616847,0.6869765086802916,0.5687558193233693,1.0,0
12.1509069280738,3.75724985693826,13.90160289377399,10.102251567309217,0.6907844098239775,8.187164004958296,1.4841411410245342,0.8374328009916592,3.0,1
2.1320980316758655,4.031565830891479,2.8992332924814916,1.7617709702745412,0.0,5.829343070434937,0.3657527110540753,0.36586861408698734,1.0,1
12.931230149959394,2.1750075594726153,13.550502979679017,12.786354597648193,0.8318019605057106,8.568841494937212,1.5090990021929618,0.9137682989874424,2.0,1
10.241088617906433,4.024301712663342,12.720163188120504,9.913443124072861,0.6070435612062868,7.241600499931636,1.414202373909347,0.6483200999863271,1.0,1
2.119250863891927,1.245614793259712,2.397420876921027,0.04722840476263812,0.4122381571324757,8.015796624657815,0.2643843105216501,0.8031593249315631,5.0,0
8.874755777260008,2.9629504178247412,10.41322430086279,8.456779999045908,0.6661372445406579,5.36492562429154,1.6542178585060916,0.27298512485830795,7.0,2
1.4101529311391219,0.3958368683597382,2.97183555370695,0.9712398477296778,0.7192950781302982,6.230641559514583,0.226325478310613,0.4461283119029167,3.0,0
10.242243393330195,2.1327039634157723,11.96465381376506,9.551342803052897,0.7917737470675027,8.548087058700727,1.1981912822126748,0.9096174117401453,0.0,1
10.590675059908664,0.9779931097125656,13.247625407630071,8.337942947319096,0.9076552623718209,4.254477752509407,2.4893008439548177,0.05089555050188146,0.0,1
8.228923037097372,0.28243475068771295,10.100664857381675,7.627864300315045,0.965677798976312,6.019908567815903,1.366951498415021,0.4039817135631806,6.0,1
11.282324702998846,0.016764786349293292,14.203226001742916,11.176198512826224,0.9985140663125183,7.9015932902691794,1.4278543944919362,0.7803186580538359,2.0,1
2.1745993625783164,1.4613845239836376,4.7886586126244985,0.0,0.32797528173146095,7.71907345089001,0.2817176668175874,0.743814690178002,2.0,0
4.311086104489759,2.6528876754154327,4.955306882951393,1.6821308316169903,0.3846358873109501,8.258114153846831,0.5220424450637497,0.8516228307693663,0.0,0
5.970130259112047,2.048536564430208,6.69368018978795,5.41567325642263,0.6568690337528931,7.696951673393716,0.7756486609821359,0.7393903346787433,5.0,1
1.5094954339371793,1.3579618433377323,2.5438178416826913,0.7134676646168145,0.10038691551666756,8.735460745845032,0.17280089486466543,0.9470921491690063,0.0,0
6.378593050853993,4.46040013849313,7.5531362960943875,5.812920336523071,0.30072351333089786,6.491297776750229,0.9826375665125227,0.4982595553500458,7.0,1
4.182561473350791,4.22786267990855,5.841546834273878,2.0239578564656013,0.0,7.121449184266455,0.5873188679898748,0.624289836853291,1.0,1
5.712820145221036,0.565439880768736,6.410358043910052,4.96279349265334,0.9010226356869041,8.238528792801134,0.6934272233427072,0.8477057585602268,0.0,0
6.101231583907678,1.8679834200082264,6.768267127248975,3.3068823117721715,0.6938350242375438,7.508454749281736,0.8125815214497133,0.7016909498563472,5.0,1
11.552940801852221,2.919811202971249,12.69711067395646,9.070017728701515,0.7472668428714591,4.510283594368346,2.561466604068426,0.10205671887366918,2.0,2
4.244091646331668,3.3007085888847154,6.260160985969924,2.4788882636226486,0.2222815000383781,5.834982262973958,0.7273529644233315,0.36699645259479163,5.0,1
11.724917544595264,1.6486746970927066,13.78929438388383,11.698102870454125,0.8593870966834489,6.76295399165936,1.733697665111342,0.5525907983318721,0.0,1
6.111651577754191,3.3582681573090643,9.04000179787506,3.4606433585041914,0.4505138071789254,7.773587719307844,0.7862073213085667,0.7547175438615689,6.0,1
4.933692648327832,0.5586750580980523,5.540938950093274,2.7504077087301697,0.8867633032861496,6.717837844092866,0.7344167517627908,0.5435675688185733,2.0,0
7.0301445920217525,1.4931568136596711,8.208722047592694,4.666422402398734,0.787606528697262,7.887746206918959,0.891274187530915,0.7775492413837919,6.0,1
6.012919436354076,3.223949290901573,8.906951930171257,5.797443822638103,0.4638296213633607,8.18804738231454,0.7343532780894076,0.8376094764629081,7.0,1
4.088467756661753,2.815572556171688,6.15849398465841,1.9627872460061266,0.31133795745753623,5.325641351475905,0.7676949097461676,0.26512827029518105,4.0,1
7.032151897552803,3.767445966877447,8.80898747201886,4.618383476680371,0.46425418253713735,7.080490865810567,0.9931729354399456,0.6160981731621135,2.0,1
2.8216207969459752,0.21085660200219786,4.440558951150016,0.0,0.9252711058018775,6.785551887403915,0.4158277534040786,0.557110377480783,2.0,0
5.223159316275593,0.7847627302037183,5.449690456684363,3.4817478979282863,0.8497532465153105,5.136586263274339,1.016854200156286,0.22731725265486774,5.0,1
7.7894826324890865,0.21822562022384906,10.469604058936817,6.265357076491272,0.9719845809381931,6.449390446184157,1.2077858671276147,0.48987808923683146,0.0,1
5.960898932678303,0.8645140091214509,7.837414578923626,4.684708562732568,0.8549691885594486,6.742841422843587,0.8840336823707291,0.5485682845687174,1.0,0
10.886948332609558,0.019272647848207536,12.60195055639366,8.783085289715626,0.9982297474683075,8.086699376029323,1.3462783549096387,0.8173398752058645,5.0,1
4.080661138421995,2.2689463575548983,5.699162168387523,1.3181972242781534,0.4439757969140492,6.304946873211401,0.6472157847610103,0.46098937464228024,0.0,1
12.637258945972121,2.3774147800571495,13.813001567935457,10.837993799824014,0.8118725911828448,4.404579912379747,2.869117872161467,0.08091598247594937,2.0,2
10.416664250216217,2.960513016326977,11.180658324298895,9.734813325691198,0.7157906845019484,6.436479791161036,1.618379081143238,0.4872959582322071,5.0,1
12.611116311969667,1.7321060124046954,14.877082267973119,12.558394461042138,0.8626524433240941,8.189754721882164,1.5398649581377681,0.8379509443764327,2.0,1
11.05763865796365,0.014434608083328027,12.586341211248637,9.200299303161067,0.9986946030224154,6.856277261637728,1.6127758893056146,0.5712554523275456,7.0,0
2.705247110219712,3.032510194834367,2.807065707087373,0.11145344616255404,0.0,5.594326138511089,0.4835697889683107,0.31886522770221787,7.0,1
7.317521087620165,0.2443098948656066,8.514804586936654,7.119595254899936,0.966613024829005,8.604854739921292,0.8503944934330289,0.9209709479842584,0.0,0
3.0397422543494286,3.8977669386798475,5.825553169017926,1.8470286274653909,0.0,4.778256923130309,0.6361613247782514,0.1556513846260618,1.0,1
10.818728231527087,0.10194294468571813,11.940411916149676,7.9985874532843795,0.9905771785274499,5.634388262466511,1.9201247282861331,0.32687765249330225,7.0,1
8.00994579019955,2.387138054654846,9.249644813976271,6.504914802629134,0.7019782508920855,6.1856734531479,1.2949189527816531,0.43713469062958,0.0,1
4.161391772282869,4.027130470734844,6.033275141447976,3.4994170829170894,0.03226355721714991,7.689889439629382,0.5411510535947873,0.7379778879258764,3.0,1
12.155187664086057,2.5762030910495106,14.560212075533704,11.094218428779511,0.7880573165759335,8.178733960628804,1.4861942841764144,0.8357467921257609,7.0,0
2.382232639771128,2.737875359447685,4.387615992885264,1.1578139411867094,0.0,4.292802381225997,0.5549364793006795,0.058560476245199486,4.0,1
7.766348841655768,3.0672488175183257,10.316513035024608,7.414480298405391,0.6050590979036689,7.960179102317973,0.9756500126227358,0.7920358204635946,2.0,1
9.652486656000706,0.5508398147871015,9.9943984171228,7.670109924455472,0.9429328592291129,7.602642076253316,1.2696226600157903,0.7205284152506632,0.0,1
1.7061824479891814,3.0371719536475177,4.4799601079451286,0.0,0.0,8.473261524059081,0.20136076800469646,0.8946523048118162,3.0,0
8.174272398474443,3.9615969690576684,10.8860381957086,6.231103764877711,0.5153578476541817,8.50221495412771,0.9614285739160175,0.9004429908255421,4.0,1
10.79081458555713,4.383993747758924,12.348260345313893,8.958439879516565,0.5937291190577362,7.887627793302243,1.3680684317685627,0.7775255586604486,0.0,1
1.8103277730166405,1.9937339971125616,3.684554486378244,1.7603115681516215,0.0,4.951013421318435,0.3656479227508451,0.19020268426368697,4.0,1
7.146915653279525,1.5502718325489608,7.78535480388373,6.623527104580566,0.7830851925840788,5.569357533280254,1.2832567509937034,0.3138715066560508,3.0,1
4.102686137784881,3.3898932701834266,5.446528451729048,3.605970131947299,0.17373809344974767,8.68159849424249,0.4725726651037505,0.936319698848498,2.0,0
8.955093418443049,2.4429342964289154,9.563203501202485,8.661238959549081,0.7272016960317038,6.9908664992692895,1.2809704518573009,0.5981732998538579,7.0,1
2.424128404946139,1.1578709450476372,2.4900584417691976,0.2177010853513095,0.5223557701460275,6.693803671946439,0.3621451305937758,0.5387607343892877,7.0,1
12.244617168046084,0.7747104823636634,15.187326372427242,11.884205524610609,0.9367305264238582,8.578547200219992,1.4273532431845892,0.9157094400439985,5.0,1
11.736742980576782,0.7660363526673466,12.514182527707398,9.73216076022575,0.9347317774671333,8.370992870498323,1.4020729872964395,0.8741985740996647,4.0,1
3.23169303850851,2.0662966647276844,5.011017965202016,2.696522109547484,0.3606148108418983,7.637480766581904,0.4231359969702195,0.7274961533163807,3.0,0
4.879190612381255,0.7655598252704255,5.779941762994844,4.524260077637477,0.8430969629823912,8.411261520797717,0.5800783390597177,0.8822523041595435,0.0,0
8.051619695836516,0.08873524805168598,9.163484556467822,7.564029549988278,0.9889792052526313,4.56917488597742,1.7621605424967544,0.11383497719548394,2.0,1
9.616748039611005,0.234399487363605,10.81003271535783,8.091537669996946,0.9756259094656403,7.7877198329995405,1.2348605555712437,0.7575439665999081,0.0,0
6.311872181923098,4.184480447788346,7.317012375897371,4.375424652349831,0.33704607330729874,8.82820101098434,0.7149669761789131,0.9656402021968681,2.0,0
2.8754958635317007,0.3283260352206109,4.787695141551508,0.4397212833587907,0.8858193331506452,4.244883961407022,0.6774027016226328,0.04897679228140443,3.0,1
2.249817925634459,0.329313107614318,5.132626737100278,1.8641313092405674,0.8536267740326364,5.115228258953171,0.43982747430607977,0.2230456517906342,4.0,1
12.997184042972126,2.0303480049008957,14.283087992990826,11.148623800814637,0.8437855463007965,7.9698419443270945,1.6307957088438216,0.7939683888654189,2.0,1
6.464225457321847,1.1029512705076465,9.384205629484642,4.142706659088105,0.8293761135360208,6.6002358221532615,0.9793931052622538,0.5200471644306524,2.0,1
11.470380989781978,4.33212233477624,13.473772701816326,10.533165475258325,0.6223209727178747,4.433091772706307,2.587444965701569,0.0866183545412614,5.0,2
6.788512055549374,4.099436277740119,8.609920640612401,6.5493653174470605,0.3961215294021654,5.339790145780106,1.2713068997503871,0.2679580291560212,1.0,1
12.068291662552038,1.8213446190207019,12.779603217948807,11.600453773352497,0.8490801623006559,5.620297999613238,2.147268999505457,0.32405959992264766,1.0,1
2.053112593258607,2.0192918373731663,2.2418747109567496,1.778436650577237,0.0164729182395994,5.605313609229744,0.3662797010818341,0.32106272184594875,5.0,1
2.3682302960146115,1.688011438840066,4.924034606890098,0.0,0.2872266511915059,8.388363747344158,0.28232327153962744,0.8776727494688317,4.0,0
12.155586252690691,0.170397524894077,13.877529444523498,11.025481247609987,0.9859819574842505,7.310182286790207,1.662829431032975,0.6620364573580414,6.0,1
12.36991654053742,1.317810776646189,13.613158127812065,10.799870725130061,0.8934664779404456,7.674586391845059,1.611802370702553,0.7349172783690119,5.0,1
4.77660936958436,0.5520306132539285,7.21251133584981,2.470544914171416,0.8844304462556536,4.067850444442758,1.1742342632359712,0.013570088888551624,7.0,1
5.2619786439264615,0.46066648506805236,6.193719791658418,4.14748337756429,0.9124537524302255,6.137560014802159,0.8573404791539262,0.42751200296043185,5.0,1
6.4294028180170955,2.5238770782137454,8.780254585910557,4.482094854134257,0.6074476666571439,5.5891031403276346,1.1503460674444097,0.3178206280655269,6.0,1
5.99394016080749,0.4444418597110301,6.977831667024882,5.763900601152177,0.9258514686854739,8.25962701120087,0.725691384451031,0.8519254022401739,1.0,0
3.28054259151516,0.4631909570786862,6.043186150727651,1.8378256488093587,0.8588066016040488,8.76934826959926,0.37409194967063086,0.9538696539198519,4.0,0
11.780504607272494,2.1623117166870687,12.584405230642902,11.49094770876157,0.8164499918490586,6.116704247935026,1.9259562224623732,0.42334084958700513,7.0,2
4.039691208467724,1.9902706430518744,4.452353561191438,3.2948387864270403,0.5073210945232632,8.865303072856493,0.4556743492319314,0.9730606145712987,6.0,0
9.463268913731818,0.6193565330956622,11.557559038780054,8.583246430945412,0.9345515235018911,4.071796020218841,2.3241019114762067,0.01435920404376816,3.0,1
1.8058681328196746,0.0200206116398835,2.294409892013987,0.0,0.9889135805233888,5.628597021043029,0.3208380571691791,0.32571940420860573,7.0,0
1.4650159783411536,0.8683849879552973,4.313105129208111,0.0,0.4072522069427701,7.87465588964975,0.18604190441727542,0.77493117792995,2.0,0
8.844765670923048,1.0615151438191832,10.811431008089645,6.60352540412985,0.8799838024755264,5.800498152375165,1.524828633434066,0.360099630475033,0.0,1
5.068190290879125,3.6011179962399043,5.760772274732703,4.88292514916712,0.2894666952974142,8.604811651889582,0.5889949130689189,0.9209623303779164,6.0,1
8.865512712640015,4.119472577372467,9.4919695154963,5.883770076120875,0.5353373560111053,5.0923244624906525,1.7409559775584094,0.2184648924981305,3.0,1
2.1282544260259644,1.8267497886958637,4.899879543387229,1.9649943398966576,0.14166757209244607,7.978333636640554,0.2667542525737381,0.7956667273281107,0.0,0
12.39821655899036,1.8226202692544002,14.221790297540032,9.920973184672897,0.8529933510531595,5.008511262012622,2.4754295059742475,0.20170225240252435,1.0,2
9.982173602717145,3.2061657769194003,12.663381622734395,7.761366802275538,0.6788108577828498,4.985524588364188,2.0022313451255926,0.19710491767283767,0.0,1
11.515206796309592,2.8211490706711,11.845882410847068,9.739921424834133,0.7550066515891642,6.228746791916372,1.8487196832682224,0.44574935838327434,7.0,1
2.637646648534131,0.8286308401203412,5.413823235271659,1.3210751530991693,0.6858446370817517,8.724702941651662,0.30231936447280366,0.9449405883303325,6.0,0
4.841931626714432,0.4846010503313761,6.402079562696697,2.570534566903884,0.8999157593102549,6.927274809511741,0.698966297694159,0.5854549619023481,7.0,1
5.420129970476129,1.9692535079477285,7.42539571947018,3.2005565606695905,0.6366778068654431,7.175164474367901,0.7554014949536912,0.6350328948735802,1.0,0
7.446071779921823,2.5417276342324335,8.564698194545665,7.03453677345241,0.6586485183924564,4.048663362343081,1.8391432217304826,0.009732672468616244,6.0,2
4.562421826088972,0.6241842142146417,4.739842792106451,2.184524407206361,0.8631901568931191,4.283076023158825,1.0652208369451555,0.05661520463176508,4.0,1
1.7275689062728614,1.3197307203380004,4.601486230298349,1.4918979139679656,0.2360763639898743,4.334670128305118,0.39854679944200305,0.06693402566102354,2.0,2
5.426540568849648,1.376743483937587,8.410335556175095,3.924902142464044,0.746294445518273,8.098210873306162,0.670091289760922,0.8196421746612323,5.0,0
4.054591775527386,1.175841904608738,5.148232321808715,2.119346295825803,0.7099974622091777,5.184260608791678,0.782096441805307,0.23685212175833553,7.0,1
5.631055497558578,2.0734256983130597,8.462659286814517,3.1659889254328952,0.6317873799659723,5.644190923193712,0.9976727531343499,0.32883818463874237,3.0,1
3.363514511440315,2.9387861294388236,3.8666933843250075,1.9741838571611536,0.12627517454045867,7.0497638931449025,0.47711023552305803,0.6099527786289805,0.0,1
4.142756494776826,2.2922544762719657,4.606809843752552,3.4321822620813904,0.44668375291619655,6.919771588266596,0.5986839943967843,0.5839543176533193,6.0,1
8.523428085187225,0.9065545301130489,8.74276360521474,7.051449238817406,0.8936396810001201,6.052647487842202,1.408214851816171,0.4105294975684403,1.0,1
5.657846014936781,0.4632257117132989,6.831654237689233,4.907221683625421,0.9181268435919999,4.021501030174193,1.406899058954539,0.004300206034838538,1.0,1
5.144600718033905,3.6984170830441516,5.301507468578702,3.5584245736654596,0.2811070701600408,6.248012875254078,0.8233979059821795,0.44960257505081563,4.0,1
7.406867592668474,2.1568710722300355,8.590839161507164,6.019343043348921,0.7088011841382224,7.694413078600116,0.9626293151934655,0.7388826157200231,6.0,1
10.262326490127109,0.2796263286024474,10.677497776076113,7.9208130388759255,0.9727521504142884,5.176196576627277,1.982599837198198,0.23523931532545533,6.0,1
5.546415476175486,1.161546748423011,7.737998862894358,4.8261451358478995,0.7905770396371474,7.54179005136909,0.7354242743960533,0.7083580102738181,6.0,1
8.050233910670087,3.6181520027286966,10.550321858679311,7.450278358099069,0.5505531835623981,4.075764099086391,1.9751471662637687,0.015152819817278207,7.0,2
12.594431504418115,3.3827684614809748,14.657877787806978,11.171875485717235,0.7314076097603689,8.540039021572658,1.47475104886568,0.9080078043145317,1.0,1
7.263761369416608,3.9411748480382,7.8652438267250755,7.112248273844056,0.45741955887590824,8.750196038278954,0.8301255580606731,0.9500392076557909,2.0,0
11.917570918210533,2.7093952170076143,14.2181154969344,11.229549032904016,0.7726554147987029,4.012307417122797,2.9702536917663593,0.0024614834245593187,5.0,2
10.524071491077123,1.9030767046112476,11.272572082176948,9.462956748514047,0.8191691584169892,6.289092069032562,1.673384866298518,0.4578184138065124,3.0,1
1.7046241798017965,1.919857488995028,3.983089970707379,0.24173504211906582,0.0,6.069109701193345,0.28086890231472056,0.41382194023866903,5.0,1
6.149186457631082,0.8730002002182468,7.851379182320255,5.34087632395499,0.8580299676659078,8.209416779597532,0.7490405984641149,0.8418833559195065,3.0,0
9.379820894423057,2.9285953268304685,10.479958443296686,7.697911410297838,0.687777052483836,6.703607956616343,1.3992197865875105,0.5407215913232687,3.0,1
12.8405429493784,2.632809402417843,13.091020083426573,10.205298950042884,0.7949612089771254,7.056827349680255,1.8195914839775986,0.6113654699360509,0.0,2
6.500515493938151,0.6968898514297615,8.983044023359227,4.8693331098653445,0.8927946788097615,5.012530015432112,1.2968531807141237,0.20250600308642247,4.0,1
2.1134254495208733,3.985483140204187,4.932384211915549,1.252906884311578,0.0,4.385323339985405,0.48193149869945673,0.07706466799708096,6.0,1
7.744110096554413,1.6581069148976866,9.741863436556326,7.558167180547469,0.7858879982045415,7.461655485913126,1.0378541479400294,0.6923310971826252,6.0,1
2.5187655054875235,0.22382444484480818,5.41239020556784,2.108766591242553,0.9111372438771407,7.103379959847142,0.35458690366068,0.6206759919694284,2.0,0
10.01823472335272,1.4754641435090272,12.820568980481692,8.334582617711147,0.8527221427473956,8.16164366991639,1.227477592568722,0.8323287339832781,5.0,1
7.092123969541334,3.914355216202091,7.675949171952595,5.0409974552281955,0.4480701080504037,8.223417237210278,0.862430272593985,0.8446834474420555,1.0,1
9.681176420527438,4.1263046363780305,11.874813466322077,9.532172589865226,0.5737806587607639,7.155176369864683,1.3530311371920138,0.6310352739729366,5.0,1
11.432341922542285,2.206792877668351,12.48025638085537,10.87569243340184,0.8069693075469517,6.6918069147514405,1.708408815164824,0.5383613829502881,3.0,1
8.547376205953325,4.30352973033038,10.009928287650203,7.590132393923613,0.4965086797825825,8.570041345059256,0.9973553057455204,0.9140082690118512,7.0,1
8.34927195103818,3.9385881414538924,8.820168244484718,7.389952624396672,0.5282716667332709,8.006320679261586,1.042835065633197,0.8012641358523173,5.0,1
10.054843545275576,3.7135382269465143,12.979181829448533,7.179622502741693,0.6306717046143022,8.41212497483789,1.1952798579849133,0.8824249949675782,0.0,1
11.109460017432008,3.868695291069927,13.287872166661234,10.49814822360474,0.6517656767296067,8.979204491369964,1.237243235534892,0.9958408982739929,6.0,1
11.428645435324032,1.7184393547597057,12.229370364216937,11.241084386886705,0.8496375301443602,6.017528938832562,1.8992256707852675,0.40350578776651247,5.0,1
1.4371623481945996,3.4041102333999462,2.5515774186987,0.3781178602576425,0.0,7.584673311453754,0.18948243242386123,0.7169346622907508,1.0,0
7.674283561573471,2.5980255138426718,8.941732342059824,7.2709576484844325,0.6614634456757036,7.440339076157891,1.0314427182714347,0.6880678152315782,2.0,1
3.595231717570617,3.23857800783138,5.837832890002138,3.2154858221632496,0.09920187007591175,4.870713566664,0.7381324457625676,0.1741427133327999,1.0,1
11.324150689381401,0.8000374841134859,14.101242489690154,10.101798706030017,0.9293512152868403,7.1827429984652165,1.5765774568018243,0.6365485996930433,2.0,2
8.780772222440334,3.291272602987239,9.745092621394049,7.861598804690487,0.6251727616193037,6.140446379394519,1.429989235295002,0.42808927587890383,7.0,1
6.042669748389258,4.309165953873773,7.460170013230517,5.76748941992318,0.2868771365467342,6.253177950568555,0.9663358049549577,0.45063559011371107,7.0,1
3.2572507374562156,1.361984950716433,5.036873455960319,1.4443404491738678,0.5818605749153688,4.9006899492702845,0.6646514615643502,0.18013798985405688,4.0,1
5.068283511037918,4.437725957800322,6.248315488238864,3.563184212976868,0.12441244690916387,7.723696730679843,0.6561991864473173,0.7447393461359686,2.0,1
9.445332334482694,1.7026920666241698,10.95787630457975,9.214033327628778,0.8197319049952282,7.489704948391279,1.2611087351994374,0.6979409896782558,2.0,2
3.4523145425396655,0.8987557365946479,3.7694374295999715,0.8640811204972327,0.7396657443810186,6.661450695010818,0.518252660058765,0.5322901390021636,7.0,1
2.122995344060473,0.5052880341010728,2.626018507220971,1.2688561694234748,0.7619928675233685,4.7835959561291075,0.44380741256801376,0.1567191912258215,1.0,1
11.656345098730611,3.5323286097968,12.859648870391046,8.772202743889073,0.6969608758253498,6.784323926785634,1.718129208528713,0.5568647853571267,6.0,1
10.170524194961402,2.4967143016945577,12.915341230273059,7.375908297292425,0.7545146883450256,4.500667110735102,2.2597814823279014,0.1001334221470204,7.0,2
3.397539167897591,1.3820908214791299,4.445613305131491,2.0952492892413326,0.5932082742303241,5.696860130711283,0.5963880260253801,0.33937202614225653,6.0,1
4.5077385211599,2.7380266640719104,5.257116946974941,3.8220376998448953,0.3925941686237425,5.861789213963564,0.7690038581431529,0.37235784279271283,5.0,1
12.66484212557063,1.4944553452845213,14.893428788118458,10.160283987979962,0.8819996861810714,8.417126962703223,1.5046514305521679,0.8834253925406447,7.0,1
9.498213841109408,2.0176099079780645,12.345604339339236,8.414356316242067,0.7875800711871103,6.077810377221926,1.5627690322005234,0.4155620754443852,1.0,1
8.326264050565896,3.88198856588891,9.703634901756539,7.835611966552002,0.5337658591760527,6.992349343128985,1.1907677437123019,0.598469868625797,7.0,1
4.691541825089564,3.0067491458662414,4.717356691791113,3.03671867763274,0.35911279106867156,8.37389493951992,0.5602580231748803,0.8747789879039839,0.0,0
4.5895017299982666,3.4308082786712237,6.653949724425121,3.1212944018944695,0.252466067014094,6.128797193778148,0.7488421601970207,0.42575943875562955,0.0,1
1.4742834242827656,2.6257209816130933,2.7194658291312,0.0,0.0,8.41851760035366,0.17512387504194699,0.8837035200707319,1.0,0
9.741782402823176,4.461291219985294,11.762719012671822,7.55393826330518,0.5420456918959298,4.682306562633198,2.080552025483925,0.13646131252663968,4.0,2
1.5181027006826144,1.0863452983090172,2.351252248170225,0.0,0.2844059246976227,5.824215785799799,0.26065358093083496,0.36484315715995985,1.0,1
1.0582880533273484,1.1803102232346663,1.0655124847782358,0.0,0.0,4.473636245332322,0.23656104235822462,0.09472724906646449,5.0,1
9.75394105433175,0.41651522432249793,10.787429710568562,7.82741617238836,0.9572977505192609,6.804648146406424,1.4334232783928536,0.5609296292812849,0.0,1
12.386485085789504,2.4930877593181973,14.50086211362833,10.885953628958465,0.7987251635915331,8.786410302039013,1.4097321499902005,0.9572820604078025,5.0,1
10.078036572727726,2.7601165638376552,11.257376421755293,7.115376704238383,0.7261255658362231,7.284759176606326,1.3834412817779207,0.6569518353212652,1.0,2
6.659682287492544,3.266827078044689,7.317204706452221,3.7821878154920268,0.5094620228084947,7.130378086743743,0.933987259367595,0.6260756173487486,4.0,1
6.832542994730476,1.5095066667716748,8.224563587132781,4.285984050123227,0.7790710328590884,5.390793161215692,1.2674466985466109,0.27815863224313836,0.0,1
6.233637071789264,0.0551556083926224,8.49068264168442,3.9076794304326805,0.9911519378241905,8.655533793115609,0.7201909461375265,0.9311067586231218,7.0,0
4.895724005324004,2.84503291689744,5.254023265700922,3.1630453549684674,0.4188739165435955,6.3576739238784725,0.770049559625321,0.4715347847756945,3.0,1
7.260570570230082,4.494129716341722,9.335826671170025,6.481310488651462,0.3810225142954149,5.335010265229096,1.360929072161457,0.2670020530458192,4.0,1
6.173811485693381,1.325472092054966,8.175843557105223,3.5474944044294867,0.7853073267419175,8.938499902165038,0.6906988368594144,0.9876999804330076,3.0,0
8.178014560489297,0.8277050361105889,9.290228199544512,8.145566155852423,0.8987889994584374,6.115619668973695,1.3372340013193964,0.42312393379473895,4.0,1
11.777440966013135,1.2679513102185893,14.688449540151618,11.095121065631336,0.8923406779216646,5.857494912047721,2.0106617492384404,0.37149898240954415,3.0,1
12.940113007885724,1.9143696364967124,15.624228906326778,11.728915672632315,0.8520592799050447,4.174806336494172,3.0995720435626937,0.03496126729883446,0.0,2
1.9449194785950055,1.129108180286541,2.893403921001215,0.18644801289278945,0.41945762140127263,4.891474865723413,0.39761412089099357,0.1782949731446825,6.0,1
5.616201671936096,1.5613201141538846,5.709474952117626,3.9335637108550285,0.7219971423113721,8.045956775361402,0.6980153919213458,0.8091913550722805,5.0,0
3.1684743492017136,2.8719303236071316,4.0933887694369435,2.6410268700458595,0.09359205501199508,6.413475523010751,0.49403390374433054,0.48269510460215026,2.0,1
5.225445687106404,1.5526259407917662,5.839611514729534,4.911051087665809,0.7028720546033396,8.774373634625968,0.5955348956745393,0.9548747269251937,0.0,0
4.4496762225810755,1.782265251526446,6.091431964723854,3.7826894398252366,0.599461811966933,4.419429016117906,1.0068441435200919,0.08388580322358123,7.0,1
3.0944455795214596,0.18014068259668775,5.850678843067923,2.0483192128320087,0.9417857971751613,7.079717211992159,0.43708604268541323,0.6159434423984319,2.0,0
10.168912641055485,4.130741257302914,12.779925171168049,10.126751577295225,0.5937873199317638,7.599920737716577,1.338028775825203,0.7199841475433153,7.0,1
6.955464913950831,1.8309868196168415,7.872952380945311,4.8780974523012635,0.736755652962268,7.1059156323230175,0.9788273987256724,0.6211831264646035,6.0,1
12.03094698660671,1.4766458221565744,13.31673958727362,11.287764679394234,0.8772627105912418,6.6493878006292775,1.809331527553279,0.5298775601258555,7.0,1
1.391109318964174,0.38917888310423027,1.5007359162028733,0.3368960093190867,0.7202384616372102,6.891491601693554,0.20185895875173307,0.5782983203387108,5.0,0
1.803736157583879,2.8538244692783263,3.4362266805313273,0.7990310858321805,0.0,7.4477479568821,0.2421854455905875,0.68954959137642,1.0,0
5.83928299516413,3.8872122761868972,6.0293869353163165,4.303793592528564,0.3342997283388838,8.316317718187646,0.7021476563351731,0.8632635436375292,0.0,0
1.9633278448484455,0.18518940023580138,4.779146343535745,0.0,0.9056757633618258,5.681723221423429,0.34555147590532886,0.33634464428468575,1.0,0
4.152755156978002,0.6537261031471597,6.7535566615348195,3.704585296461379,0.8425801477728145,6.298270402208338,0.6593485023319954,0.45965408044166767,3.0,0
12.832356916919483,0.658754229987933,13.474919796231992,11.810175577225673,0.9486645957361609,7.179547933085854,1.7873488744024564,0.6359095866171709,4.0,1
3.5075152898153688,2.710236849065068,5.6056213294015045,1.431428866620018,0.22730576344608566,5.571079761632237,0.6295934432623744,0.3142159523264475,7.0,1
3.3774128969450885,4.14553726223266,5.081474044245088,3.2447186571037783,0.0,4.893914329733477,0.690125055198713,0.17878286594669532,1.0,1
7.8836880255485084,1.9699576517947932,10.287761163097057,5.393752120061837,0.7501223227744691,8.830843783890666,0.8927445913979397,0.9661687567781332,5.0,0
6.975979489517881,1.547129016872328,8.40293580977244,4.090504068025601,0.7782205324432151,4.973644443981186,1.4025891010282818,0.19472888879623723,0.0,1
7.9652595664341375,3.4462830851851107,8.540575478431471,6.142347958688164,0.5673357463819686,5.163665477011254,1.542559176595703,0.2327330954022507,3.0,1
5.52082333850256,3.3415607779004315,7.440353538871055,2.6512982254103963,0.39473506522185164,7.0934305024129625,0.7783008992087185,0.6186861004825925,0.0,1
10.921148318739364,1.1104026267474434,11.1619892997272,9.681962830444121,0.8983254695990048,4.386841549607514,2.489524227223677,0.07736830992150275,2.0,2
2.662966617309554,0.7237186303854872,4.4167305908148204,1.4178714253441433,0.7282284255156477,4.170238269076033,0.6385646204094633,0.03404765381520658,4.0,1
6.140711750097587,1.6101451458691036,6.77882616649096,5.821965021857275,0.7377917721274712,4.320068019026743,1.4214386725052104,0.06401360380534857,5.0,1
9.277142181329044,3.4902152650198404,11.331951492699725,9.170801376329734,0.6237833594871312,4.616318228928842,2.0096409565511446,0.12326364578576836,6.0,2
11.418837283394797,3.127785254617402,13.902966768579123,10.685324328991197,0.7260854869027857,6.1459843106709355,1.8579346620799042,0.4291968621341871,4.0,1
5.434859276281092,2.9963416786029233,5.763433464127309,4.000473304977648,0.4486809085049156,8.146303217322457,0.6671565164336508,0.8292606434644914,2.0,0
7.812947189125033,3.7324285207344174,9.01375284557081,6.289900016536366,0.5222764943388272,5.709859465477637,1.3683256543112607,0.34197189309552734,7.0,1
1.829679340087138,1.2470864055362718,4.030244103415129,1.176953194862838,0.31841258836268016,6.137657073237099,0.2981071308244558,0.4275314146474198,7.0,1
3.0438290573419473,1.5285767646127955,3.534938241898523,1.2054120333576646,0.49781123190024357,7.0012554641793345,0.43475474833266003,0.6002510928358669,7.0,1
1.8296579495933738,0.19052752774129195,3.529228959700513,1.28604032507821,0.895867133097946,5.510722128118806,0.33201782036104294,0.30214442562376115,6.0,0
9.734570703982262,3.9093559911159,11.750087649609432,8.755937283174962,0.5984048901594969,6.162689393839902,1.5795978154785375,0.43253787876798044,6.0,1
4.456719624665688,2.620933807149801,5.5211004463838345,3.8695910790977055,0.411914136881248,5.931558434321804,0.751357282240996,0.38631168686436085,0.0,1
9.684943482302053,1.34155031347662,12.180890304909855,7.594952682331641,0.8614808319812991,5.7094177082501,1.6963101978521076,0.34188354165001994,4.0,1
1.7967793485192947,0.31237439152214497,3.328753903659436,0.2470618238523592,0.8261476058373172,5.941965847410188,0.30238803026820205,0.3883931694820376,3.0,0
11.350573604899905,3.2553427642310684,13.231558124721435,9.14227030768206,0.7132001537943619,4.055588552060317,2.7987488028423386,0.011117710412063353,2.0,2
11.0263623773331,3.369318837970775,11.448980767447436,10.854617868558151,0.6944306088745019,8.431303340607924,1.3077885982617325,0.8862606681215848,0.0,1
2.0671449166033917,2.9978039345176017,2.136625440201399,0.7910586758979674,0.0,8.886733987243455,0.23261019397797822,0.9773467974486909,1.0,0
1.2850780774862383,0.9170143692602829,1.437323789961197,0.0,0.2864134986614437,8.312480957080691,0.15459621310670074,0.8624961914161382,7.0,0
1.6754657557838941,4.109472263288722,4.387226200378542,1.5146072116648033,0.0,4.028711370271209,0.4158813083874766,0.005742274054241747,7.0,1
11.243562077760807,3.3892110855939435,13.89148923050556,9.98842600867292,0.6985642928678599,7.7544277334731095,1.449953815318485,0.7508855466946219,5.0,1
3.816441868622749,2.9599034561278663,6.239216186108276,3.6952472120558872,0.22443376369413548,6.865500862933567,0.5558868820813195,0.5731001725867134,0.0,1
7.579279814298264,2.929247655398044,8.178116088002847,7.1393198513858644,0.6135189982203801,4.470874555038751,1.695256648558007,0.09417491100775024,5.0,2
6.11493043816068,4.069609650412385,7.691306394009191,4.727351083441526,0.33447981271942495,8.664295674397987,0.7057619762711478,0.9328591348795975,1.0,0
10.546306314743225,4.177382098937057,12.934657616388344,10.073766121691067,0.6039009323010769,7.881085646113184,1.3381793814085097,0.7762171292226367,5.0,1
6.866779617648048,2.6803683810460797,8.89078716141537,5.3105133427565185,0.609661510883884,4.726481432240468,1.452831184484951,0.14529628644809361,0.0,1
7.007930087935236,1.8750123493314677,7.354493668963049,4.239735039625027,0.7324441988142169,8.82020714846748,0.7945312360552519,0.964041429693496,2.0,0
12.869103273998828,1.636802908017373,15.5557268734361,12.267880599406547,0.8728114249168841,4.6309937640532,2.778907493655392,0.12619875281064008,0.0,2
2.801554680991085,3.6858547848632512,3.283601859324972,2.479995151854492,0.0,6.273399392546417,0.44657680879041156,0.45467987850928343,7.0,1
10.968447264951177,2.900724029254501,11.483834345191184,8.49261757900232,0.7355392281892498,4.794878663295865,2.287533853340884,0.15897573265917303,4.0,2
1.6209969472466175,0.3476971361414414,4.3240228347587415,0.24018740500535185,0.7855041388375034,4.750953975289522,0.3411939908653471,0.1501907950579044,7.0,1
6.731785234875649,0.6398370585676224,8.185636052159197,4.083951938343236,0.9049528414464575,8.83902869187305,0.7615978485356787,0.96780573837461,0.0,0
11.636017887196282,4.050836527971809,12.754693365065682,10.71764800320012,0.6518708919802232,6.860613906961701,1.6960607381489305,0.5721227813923402,5.0,1
8.982567587249456,3.980241666470254,10.643537814143626,7.099971571688187,0.5568926559350231,5.295874588465012,1.696144317090601,0.25917491769300244,3.0,1
9.222575432393596,4.28324601913861,12.16676743088993,6.452634769488602,0.5355694241226769,7.881996854332667,1.1700810851407564,0.7763993708665333,3.0,1
4.1598073870778265,1.9253293529774567,4.5186987528009555,3.6447199887341086,0.5371590139105075,8.376221996512538,0.496620957373118,0.8752443993025075,6.0,0
6.0228974963374515,3.528274084383182,8.293744042713648,3.6207118184212415,0.41418991664248983,8.588019683938894,0.7013138905120733,0.9176039367877789,0.0,0
5.398972761988606,3.727012622914447,6.401950348720989,3.5044225124532242,0.30968115839471755,8.66492485483436,0.6230836218938928,0.9329849709668722,7.0,1
7.257318521895931,1.4206360762718688,7.608466334438802,4.81847828801477,0.8042477986895997,8.527909148776477,0.8510079546212285,0.9055818297552953,0.0,0
6.546735161724017,0.65401970052214,7.812535227782833,6.034655126864693,0.9000998689627899,7.194661979632853,0.9099433969597137,0.6389323959265706,2.0,0
4.922780222523873,4.486618627376278,6.569038855699685,3.6205208115128356,0.0886006637371225,5.712333249035286,0.8617809934942512,0.34246664980705716,1.0,2
4.665767348454041,0.13598641688107455,5.2836522616384825,4.279255663023183,0.9708544368535366,8.62783838719441,0.5407805685580591,0.9255676774388821,4.0,0
4.010234699861465,2.6880116342014935,5.226043077151273,1.1299883759053713,0.3297121402160448,4.6124826400019305,0.8694308494697742,0.1224965280003861,4.0,1
5.380566962617101,2.92595523381769,7.287595039033972,5.192491793736697,0.45619945739054435,4.843999075254088,1.110769609784632,0.1687998150508175,5.0,1
2.799297735208728,3.0680520388634176,4.528641794369395,2.6028475412255627,0.0,6.169137702478469,0.4537583484453754,0.43382754049569383,6.0,1
11.465251624042885,1.1503248478609036,13.634733406207436,8.770783047497778,0.8996685911848069,5.4183247110659085,2.116014125293611,0.2836649422131817,6.0,2
8.225432702001129,3.2471065993448285,10.734646300813333,7.323146257588104,0.6052357709333815,7.078664071119357,1.1620035389955201,0.6157328142238715,7.0,1
2.6054371071262654,0.9737980347656949,3.8328581024343866,0.814377008584815,0.6262438912448857,8.526509614823116,0.3055690106297166,0.9053019229646232,3.0,0
9.326312010508016,3.730672150882571,10.595213836894697,8.463885423786095,0.5999842009704159,6.455156631862238,1.444784773226716,0.49103132637244756,1.0,1
11.171997615975679,0.9860250333808553,12.662074019341137,9.225722489093084,0.9117413852674956,6.7693529670926615,1.6503789461541238,0.5538705934185323,1.0,1
3.8504280646271067,3.1351771308423486,5.549488199771018,3.2730199568170253,0.18575880961277647,6.115668644905463,0.629600504571913,0.4231337289810925,2.0,1
2.807207132047167,3.5253606862528915,3.132175154760842,1.430598757892759,0.0,7.537845799879693,0.37241503827154054,0.7075691599759386,4.0,1
1.1034070856050247,0.8502558770798494,2.0413131481893467,0.0,0.2294268469251005,4.503443899231069,0.2450140626362468,0.1006887798462138,0.0,1
1.5670040662778213,1.0709391943467126,2.082679452408894,0.5660753954164313,0.3165689755416111,4.242949429632808,0.3693195246056544,0.04858988592656157,7.0,1
10.14701617964214,3.505966824304651,11.304574466674534,9.391914345835284,0.6544829768441054,7.206692372165814,1.4079990730328171,0.6413384744331628,7.0,1
12.846235984500325,0.3869953723572878,15.766298202222433,12.425615981486674,0.9698748043532581,6.674392725770759,1.9247048401720834,0.5348785451541518,1.0,1
1.5385638697153192,0.8584242860999887,3.2867567397582587,0.0,0.44206132550166855,6.036790145096888,0.2548645609231503,0.4073580290193776,6.0,1
9.976851508958712,2.0498890778546186,11.26499606872035,9.472003360975442,0.7945354728379067,5.66996320939586,1.759597221446831,0.333992641879172,4.0,1
1.8623459900915207,4.185818679351468,3.5601566757626473,0.9859668165270867,0.0,4.259037220215628,0.43726924508944137,0.05180744404312563,3.0,1
8.105593898844003,2.528450257018547,10.11282356512554,7.09486760499445,0.688061073800015,7.402780812069989,1.0949390647401176,0.6805561624139977,5.0,1
10.072903389138855,1.7445503169370147,11.377763779010058,8.709802998199844,0.8268075996025056,6.107337679103586,1.6493116834858426,0.4214675358207172,4.0,1
5.310452767212852,4.402666000001145,6.653582179971513,3.2027466685626513,0.17094338411527799,6.226340197598083,0.852901158414288,0.44526803951961663,2.0,1
1.1312166533279648,2.0867008779957983,3.2354200414730907,0.0,0.0,8.46722425705946,0.13359946766318664,0.893444851411892,4.0,0
8.14227222550511,1.9518073815936692,8.324859975122214,5.52899136119866,0.7602871376027239,7.687739412617394,1.0591243782459276,0.7375478825234788,1.0,1
12.894935537680333,1.8523994259947558,14.515177242545365,10.855578597819779,0.8563467478699793,5.097215743466458,2.5297998332146108,0.2194431486932915,2.0,2
4.091409074061949,1.4048103267305831,5.733392510715054,1.5759489256714092,0.6566438844659725,7.285832482608913,0.5615568411472585,0.6571664965217826,7.0,1
3.2738953262465897,1.4656266438191297,5.5441521096317326,1.124833442253768,0.5523294125901633,4.661276592518289,0.7023602357134194,0.13225531850365774,1.0,1
2.4871107130421795,3.095266769682741,5.435044970052154,2.0412153135308806,0.0,4.9703193392607155,0.5003925388448204,0.19406386785214308,4.0,1
7.663067438800674,0.1837601880384651,10.050331799161098,4.729285533208404,0.97602002207262,7.570746203662173,1.0121944696936007,0.7141492407324346,2.0,0
8.15734119232328,3.068175265408435,9.668707030274684,5.797582395018183,0.6238755750101717,4.629452091249488,1.762053269271789,0.12589041824989752,3.0,1
10.507250046044827,0.9054202415664276,11.015609584866363,8.78908474014279,0.9138290002047444,5.40096975685489,1.9454376749118187,0.28019395137097797,1.0,1
10.036879283446115,1.728936014420218,11.801662198345626,9.541186461231737,0.8277416749176447,8.490301339917696,1.182158192225414,0.8980602679835392,4.0,1
11.710497937541046,0.6594253765214939,14.213394597679104,11.192455991804122,0.9436893819512546,7.691577391407729,1.5225092775667652,0.7383154782815458,4.0,1
10.669272380107616,2.487379698326114,13.466514571043614,8.82627885552719,0.7668651047878651,8.647297588205099,1.2338273629741259,0.9294595176410198,4.0,1
3.9672049969533334,3.282077002284628,6.443136135435635,2.718613597947299,0.17269790575351118,8.409166709806017,0.4717714767537114,0.8818333419612034,2.0,0
7.670528858509133,1.595950092253641,8.237434677596823,5.642950356963696,0.7919374111364944,5.5628971098765625,1.3788730416909216,0.3125794219753125,4.0,0
4.56894350912296,0.7353745989311833,6.706671102170954,3.4516603344238517,0.8390493125023681,7.161887172405183,0.637952455705689,0.6323774344810366,5.0,0
4.957424554618029,1.01927511869029,7.597889397075559,3.418889040248245,0.7943942247712481,5.893478390608866,0.8411712448997151,0.37869567812177324,5.0,1
12.183332430759956,3.6815081333650763,14.226383330640882,11.61945831686807,0.6978242074335785,7.485521658130548,1.6275862908668213,0.6971043316261095,4.0,1
9.182750860804882,1.204419307769336,11.240006983589527,8.717147427923402,0.8688389431417323,5.742285108254565,1.5991457560344102,0.348457021650913,2.0,1
12.69508495901327,3.486161668550522,14.195571817766506,12.468150667917799,0.7253928051835987,4.006586859400296,3.1685535355930017,0.0013173718800592483,4.0,2
6.002950440624934,1.4903973306279499,7.913879107001449,3.544032525929277,0.7517225328828814,4.469691075858927,1.3430347508907794,0.09393821517178544,4.0,1
7.449250880247719,0.8492964945433314,8.332393037916782,5.783092125508736,0.885989006385151,7.85506163111387,0.9483376744927455,0.7710123262227739,7.0,1
6.84538503899706,3.2728885183234397,7.111815299354296,4.003961919277073,0.5218839408333762,4.420026223861305,1.5487204582729779,0.08400524477226093,3.0,1
2.287444690284723,2.1084526326384303,4.7705894045209245,0.03898584620673873,0.07824978606324817,6.997113416201212,0.32691262156596496,0.5994226832402424,2.0,1
3.84042393431924,0.14074763073662883,6.669856856493787,1.5341344535707582,0.9633510171939969,8.288892561795961,0.4633217170674887,0.8577785123591923,5.0,0
7.331636327253786,4.319740887049794,9.90210333338462,5.80446102466274,0.41080807963809074,7.705506184210564,0.9514801691129807,0.7411012368421128,5.0,1
1.8084916615960749,0.6648905028244834,2.810232322938484,0.0,0.6323508054011774,6.0671939740977034,0.2980771126350924,0.4134387948195407,3.0,0
12.177543151706672,1.5903313940389112,12.458133605630458,9.351352815765221,0.869404577407223,5.043021076465765,2.4147317584167034,0.20860421529315296,0.0,1
2.4861241833204497,1.731575857480683,3.3265393462146693,0.3209034263141364,0.3035038759938361,8.612687438709138,0.2886583544349623,0.9225374877418275,5.0,0
3.3757689570028853,2.2024345466628596,5.9042750844325855,3.059002134341881,0.34757544881914815,6.831998408925299,0.494111496365806,0.5663996817850598,5.0,1
10.183854687263638,3.534498100503768,12.151298210163286,8.23079510950312,0.652931212291927,6.027100296335279,1.689677321855061,0.40542005926705577,7.0,2
2.1632145014717645,0.027406258538070438,5.063297233780576,1.8019148647484888,0.9873307716273979,8.71028849511639,0.24835164790289288,0.9420576990232782,4.0,0
11.803337195384913,4.196124231012336,12.831380250696222,11.571669928128909,0.6444967925975195,5.075088719359554,2.325740070387267,0.21501774387191083,4.0,2
9.708411648670427,2.90695257091355,11.362828009545355,7.629710433322614,0.7005738244204283,6.211409362268108,1.562996589412581,0.44228187245362155,1.0,1
1.8234502853063068,4.27791995617021,4.19356495022099,0.0,0.0,4.543228545817532,0.40135561460692176,0.10864570916350633,3.0,1
9.302164735427834,3.678252918374186,10.00414056362327,8.825640263239734,0.6045809741075272,4.624401304497691,2.011539250795676,0.12488026089953816,0.0,1
8.579542506055814,4.175271981374476,11.471812430034811,8.35709668215768,0.5133456150572845,5.992981279984176,1.4315984157518458,0.3985962559968351,4.0,1
10.088193192879023,2.7045024792105514,11.865386210354469,7.428624510302892,0.7319140873392884,7.498301779925495,1.3453970630906325,0.6996603559850991,5.0,1
10.93837422987203,1.6078904229472868,10.96206691983099,10.541746218899423,0.8530046248960621,5.6944697207709165,1.920876704282694,0.3388939441541833,6.0,2
9.62020675807786,1.9931132840112167,9.695666584961897,9.514948476846648,0.7928201197611843,7.44798986301501,1.2916514301193633,0.689597972603002,5.0,1
8.034115543251662,2.961145396728508,10.680763592456447,5.870952436952195,0.6314285771984257,8.025952346261963,1.0010171001069426,0.8051904692523927,6.0,1
4.869559822981332,1.9211933689485132,6.805404406264564,2.326413160695303,0.6054687818226074,8.387889573266682,0.5805464867469483,0.8775779146533363,5.0,0
9.36728394195915,3.2925275256050512,11.656501499150735,7.82386391756647,0.6485077695940511,4.223597520268685,2.217844834174268,0.044719504053736966,6.0,2
12.483659015569353,0.41331607236013307,14.835707018440077,10.86388328328799,0.9668914320837622,7.868658274865457,1.5865041509612139,0.7737316549730915,3.0,1
8.050261366346492,3.7349399204319993,9.311640695098822,7.039679828164356,0.5360473715740917,4.735710611120091,1.699905679929721,0.14714212222401812,4.0,2
8.972138421211046,0.9188488783890187,11.36797215963795,8.256748824612348,0.8975886421662013,7.491311466496671,1.1976725919536337,0.6982622932993342,5.0,1
6.245536506397609,4.247764242861251,9.058133840835223,3.9798402958708503,0.31987200162707263,5.858312328000008,1.0660982475357021,0.37166246560000166,4.0,1
10.073449716916892,0.6999560997177057,10.589963040225758,7.525596492553765,0.9305147571698074,7.538966488474308,1.3361844401772236,0.7077932976948617,4.0,1
12.97200870806363,0.5812388824607901,15.264417906689692,12.00827443356804,0.9551928390165602,5.069121222539985,2.5590251522065093,0.21382424450799692,6.0,2
2.924671888812833,3.653442497643268,3.848047911659528,2.103214334185879,0.0,7.224953594504976,0.40480147734612815,0.6449907189009952,1.0,1
3.4288633540451476,3.6841582246635647,4.39334236320671,2.6254881954099973,0.0,4.6275704353097025,0.7409640548919423,0.1255140870619405,2.0,1
7.473253103972674,3.3244173894656126,8.711517657081831,7.3214668499056055,0.5551579287876118,4.848727738284035,1.5412812406368395,0.169745547656807,4.0,1
6.776504767139899,4.322387087571171,9.367663326864156,5.933279692618756,0.3621509559720293,7.072309625822799,0.9581742211055295,0.6144619251645598,5.0,1
7.858837414080625,1.2174283290843722,7.925005616010773,7.78188466317361,0.845087986309131,5.683857458251803,1.382659131022224,0.3367714916503607,4.0,1
1.5888885726912765,3.719919325456294,2.890667193122068,0.0,0.0,7.5188903655690424,0.21131955587053258,0.7037780731138085,1.0,0
5.851317475965388,1.5841823851953938,7.8914604246732,5.083536988872508,0.7292605653850588,7.425797177013437,0.7879716260064505,0.6851594354026874,6.0,1
7.99573914478673,2.4182938150620332,8.326985519634295,5.925273576732639,0.6975521873248234,7.108169951275392,1.124866062516145,0.6216339902550784,4.0,1
8.022296215659551,2.005200133655979,10.3990570067118,6.392731059037883,0.7500466101286785,7.652702706171588,1.0482958143911563,0.7305405412343177,3.0,1
8.888007541220482,0.02632510203123256,11.713715334912541,6.375616651288886,0.997038132347532,7.969676203318319,1.1152281867511504,0.7939352406636638,7.0,1
9.642592348031965,2.5850798709262097,9.9153968112629,6.761456165360899,0.7319102812166669,8.55711641235912,1.1268506683051644,0.911423282471824,3.0,1
8.698566440090278,3.3637764949377886,9.157410853582913,7.596691597702783,0.6132953035301668,4.402579147408801,1.9757887703642854,0.0805158294817602,1.0,1
10.48291786467322,0.7854857260887207,13.40520953951183,10.21789540500431,0.9250699341320074,6.857745073892249,1.5286246064442044,0.5715490147784499,7.0,0
8.4971276162151,4.192451378518668,9.090694538572324,6.248190323057331,0.5066036938743632,7.743884168102005,1.097269462166776,0.7487768336204009,3.0,1
7.4500919504464544,2.386797927383267,7.686910977556068,7.3861849718489045,0.6796283934132872,5.0847072833493865,1.4651958382821493,0.2169414566698773,7.0,1
8.274357146653731,0.8021070141799208,11.130934755841432,7.605467143194993,0.9030611079551595,5.31810571488473,1.5558842923138616,0.26362114297694605,4.0,1
2.214320401039988,2.9067640691259835,4.892188530468395,2.0545683956205725,0.0,5.334821721677104,0.415069240653814,0.2669643443354207,1.0,2
4.277878488706239,0.863652188319048,6.245054906905633,1.583433373846793,0.7981120336636203,6.861664857372591,0.6234461428278337,0.5723329714745182,3.0,0
7.328797367897574,0.28590006732901385,8.983090149760233,7.312906122792858,0.9609894975973349,5.830852842328299,1.2568997308069836,0.36617056846565976,7.0,1
11.475846584820484,3.08391859088659,14.233544673728796,9.997620089774788,0.7312687505803885,7.330473700607995,1.5654986367209351,0.6660947401215991,7.0,1
9.148618675455918,0.4981269748747252,11.115178900790186,7.876621293978977,0.9455516736957121,7.051198409839682,1.2974558569631744,0.6102396819679363,1.0,1
2.084896941662771,0.47797851769395894,4.060086919607981,0.12666294801835232,0.7707423766890098,7.2855591655152425,0.2861684181402602,0.6571118331030485,7.0,0
8.107299405332853,3.32974603431816,10.638356097938711,7.2380671396251035,0.5892903582507505,5.2615880840461315,1.5408464660917327,0.2523176168092263,6.0,1
3.6608558516451875,0.24841004943632022,5.62059288352245,1.0397696502368121,0.9321442691263889,7.836856879114984,0.4671331770012632,0.7673713758229969,5.0,0
9.808198717464675,3.643961305715796,11.319229378577708,7.605161492720495,0.6284780304025361,7.32017775384347,1.3398853207239219,0.6640355507686939,1.0,1
10.929290230104966,3.5826694139152244,12.098454723800309,9.632406952128267,0.6721956011336688,4.653248063157255,2.3487443784996453,0.130649612631451,4.0,2
8.12147527107968,0.636270426349947,9.630876949453402,7.047396522542056,0.9216558069670314,5.000864262045332,1.624014339425008,0.2001728524090664,3.0,1
8.096351317020517,2.3327129127463597,9.6637872642821,5.648686574527764,0.711880966943415,5.504825731532326,1.4707734107991122,0.30096514630646515,0.0,1
5.063097318529769,0.4348147093602406,6.145592961884525,2.7919164229224567,0.9141208074810415,8.680207539193656,0.583292196144898,0.9360415078387312,7.0,0
6.355000253935713,2.8465704890369423,7.699355480876751,5.15800007986357,0.552073898459086,5.631749318021167,1.1284238511114475,0.32634986360423335,4.0,1
11.369300245784146,0.28318505836745955,13.77491604437471,10.345184657953764,0.9750921294850606,4.099395413326596,2.773409027298036,0.01987908266531928,0.0,1
9.679843971605878,4.250163853452363,10.929384077633543,9.563180002618251,0.5609264089463144,4.7081286882942495,2.0559854270068554,0.1416257376588499,2.0,2
7.2370439163501175,0.9347883091631174,7.313723216256405,6.991922180029681,0.8708328538602316,4.160859118254065,1.7393148171252788,0.03217182365081293,6.0,1
5.4187886349804515,3.0730259517689027,6.267846600301999,5.257033268317747,0.4328942945049953,6.014196220716083,0.9009996408689275,0.4028392441432166,3.0,1
1.6045568594626523,0.5773114096969952,2.2997824517377468,1.5313104004185718,0.6402050782480029,7.98576700484852,0.2009270817052956,0.797153400969704,3.0,0
2.7160888159166214,0.9431840174704942,5.096834851412527,2.2574716694942785,0.6527418352657257,6.252178902945017,0.4344227601416266,0.45043578058900346,1.0,0
3.3163022744724477,2.029273419975168,4.664181449887874,0.7448768214307231,0.3880915393039732,8.194970673965733,0.4046753071378123,0.8389941347931466,0.0,0
5.480602519104097,2.5789326360368228,6.321534148209496,3.0861245868365015,0.529443591822748,4.237646606803687,1.293312781274588,0.04752932136073742,7.0,1
12.329723764915295,4.494884581762573,14.761838416440169,9.793002221430704,0.6354432047737403,6.3486143207238195,1.9421125842638298,0.4697228641447639,7.0,2
7.0618407383049835,0.11666802640924862,7.119491151974819,5.190439654028568,0.9834790912550017,7.9353768606471045,0.8899187602955397,0.7870753721294209,0.0,0
3.818081959110773,0.001414888398391323,4.340834487304425,1.945892655388763,0.9996294242990214,7.373611088269753,0.5178035447495646,0.6747222176539506,4.0,0
2.269001649538169,1.576651926217266,4.749866107725569,1.8972064098791188,0.3051340766816204,8.264127685702334,0.2745603330238642,0.8528255371404668,5.0,1
5.059666295235568,1.6477036551108895,6.7116214782167765,2.962770234308408,0.6743453898012111,5.369173619547875,0.9423547558258379,0.27383472390957503,7.0,1
10.788767626612682,3.9772675624438425,13.109716950351123,9.948688394001262,0.6313510773340687,6.504253981440243,1.6587248372216417,0.5008507962880486,4.0,1
5.6001135209260955,4.1066214646378585,8.114641565212327,4.0423535315674926,0.2666896038281126,7.3843928917111405,0.7583715551229853,0.6768785783422281,6.0,1
10.270069672268962,3.9623623936169348,13.095960138034581,7.40590186086639,0.6141834943616764,4.842449780793938,2.1208417510083386,0.16848995615878765,0.0,1
10.632459713522547,0.644304377187215,10.82273351143256,8.020613530567264,0.9394021332271988,8.079033573385185,1.316055889227782,0.8158067146770371,0.0,1
2.3298492363844496,1.8544717583148305,4.727553466279866,1.6302687144970731,0.20403787105440707,5.557350253954864,0.41923742969528016,0.3114700507909728,3.0,1
8.303917031521404,3.3564832303276044,10.430215476180908,6.093965184420524,0.595795187068163,4.466536519578474,1.859140073101894,0.09330730391569482,2.0,1
12.509152760453329,1.4067498050290863,13.130229562483006,12.196880510575696,0.8875423594252992,7.828506453409803,1.597897738847084,0.7657012906819606,6.0,1
5.825656898842647,2.9845711282974805,8.620763697863016,5.745429441610549,0.48768504906452526,7.5250898986599015,0.7741644255811619,0.7050179797319803,2.0,1
1.6113290680362673,1.067142884359914,2.823934708955443,1.5268062436906868,0.33772504603268594,8.418398766422197,0.1914056476468243,0.8836797532844394,3.0,0
12.079632283094544,1.4553866608236363,14.742463865458955,11.568892830440506,0.8795173042758552,8.46037372718562,1.4277894420052866,0.8920747454371242,4.0,1
11.603995378869795,3.8719334220681776,13.419336492864572,9.519150172588416,0.6663275625636025,5.392628922907887,2.1518253053860286,0.27852578458157745,7.0,2
7.265697366508022,1.127290662400478,8.845941206130892,6.175779686133966,0.8448475616949256,7.206813876089099,1.0081705301997999,0.6413627752178199,0.0,0
7.627037444128115,4.339458390981883,8.105609245816053,7.579210127228039,0.4310427314969151,8.99561498085996,0.8478617037696947,0.9991229961719921,4.0,1
3.540893233313499,1.3781680242158112,6.283876106175438,0.5768253391829732,0.6107852077408873,5.219032742305361,0.6784577541756155,0.24380654846107214,3.0,1
10.833409066535648,0.1058764942047481,12.503394788622387,9.233273856839668,0.9902268534720248,6.36438334279309,1.7021930457415329,0.472876668558618,0.0,1
6.9832004607055165,1.1470540671115672,7.001477677195969,5.801559815371563,0.8357409222940051,8.550831823202543,0.8166691387563857,0.9101663646405086,6.0,0
1.4065335417106781,0.7704222400954159,1.4613871649215278,0.0,0.4522546265349635,4.515398207632981,0.3114971209699792,0.10307964152659625,7.0,0
9.196179477387973,2.280721347978974,11.529077292442116,7.636266747812324,0.7519925145450972,8.641249487780975,1.0642187209606306,0.928249897556195,1.0,0
12.405955237632472,0.50722229847537,12.891764297767642,10.995245506353491,0.9591146115909921,6.440777972808881,1.926157878754222,0.48815559456177626,6.0,1
10.949805884149004,2.8172199476043436,12.74602119103344,9.110959170754093,0.7427150784761796,8.465203942860008,1.2935076293566015,0.8930407885720015,5.0,1
4.326377682526477,3.937045817504226,6.369623568328418,1.6694978229215574,0.08999026289237255,7.106857054134401,0.6087610387505423,0.6213714108268802,5.0,1
1.6399010192000878,1.6313349681168106,2.4779977980455783,0.7347599429688282,0.005223517140964806,7.357177735115392,0.2228981109662382,0.6714355470230784,3.0,1
12.284216950458166,0.75821723687432,13.992158375692403,10.823311081920279,0.9382771209648784,7.864928757139966,1.5618980577931196,0.7729857514279932,2.0,1
12.244752698556418,1.8001124810298583,12.965528936523642,12.233820709966112,0.8529890700657368,4.33568045992084,2.82418245803566,0.067136091984168,0.0,2
7.3889838365544325,3.5368506965278215,10.227930118658284,4.809540992599825,0.521334628040397,7.138841695198197,1.0350395977437752,0.6277683390396394,0.0,0
8.70780894005842,2.66169453335818,11.288319409105922,7.790097273319072,0.6943324604753762,8.619686223859294,1.0102234250656599,0.9239372447718587,1.0,0
6.551200728529699,0.45514445997421404,7.415329103022107,5.737310033544593,0.9305250321529435,8.780618619799785,0.7460978562213284,0.956123723959957,4.0,0
6.037184405185104,2.41734219447165,7.623627878036123,3.0445728975520003,0.5995911285407336,8.841607220016764,0.6828152681921169,0.9683214440033527,1.0,0
2.4333812311444043,2.106384216550169,3.9352798026061215,0.6802024149088406,0.1343796896306505,7.2291643963396846,0.33660615497642976,0.6458328792679369,5.0,1
2.161034780333152,1.4720051520952264,5.041104554183374,1.7919050419101814,0.31884245200889494,7.166434240624325,0.3015495165061178,0.6332868481248649,4.0,0
3.7927857601142496,0.4957226822399548,4.974872100665811,2.9962108504335365,0.8692985278912716,6.762325333886468,0.5608700517717395,0.5524650667772937,2.0,0
11.039688956878532,4.415003710291237,12.726371620743233,9.980009192079597,0.6000789761798164,7.037766795758446,1.56863523291678,0.6075533591516893,0.0,1
2.74998760882816,0.7921949395196503,5.536107393490472,0.0,0.7119278148830551,7.060589651915803,0.3894841287203236,0.6121179303831606,4.0,0
3.7203838229765287,0.8673430085583547,4.208816976506203,2.428518789231955,0.7668673314829036,4.212041342608443,0.8832733395424273,0.04240826852168862,6.0,1
7.58336871186649,0.6551221144600613,9.234825521701504,6.892966746988063,0.9136106736528684,4.4443564296671045,1.7062917504198707,0.0888712859334209,3.0,1
3.581574616939293,2.5658686741452215,3.8985933780247817,1.8723817147008415,0.2835920095005764,7.0970828588212465,0.5046544739839991,0.6194165717642492,6.0,1
2.958480216613445,1.9965130851721518,4.810977012068947,1.744201242442414,0.32515584388204954,5.571082150192426,0.5310422888865961,0.3142164300384852,2.0,1
7.759794900375547,1.1230073191195018,8.856844510536561,7.594913735949936,0.8552787369334784,5.507127425049504,1.4090458239770607,0.30142548500990074,0.0,1
5.417119251959386,1.9324052235968767,8.320027471498188,2.83436041459641,0.6432780720310116,4.967203196574849,1.0905773405232904,0.19344063931496985,5.0,1
8.513911430085631,3.0308483297777307,9.76013897353121,8.46684884823572,0.6440122316673845,8.005349847170443,1.0635277149186608,0.8010699694340886,7.0,1
11.946464084904115,1.2676523917438358,12.355026997529235,9.251013177667684,0.8938889044712672,8.821642518603149,1.3542221938501042,0.9643285037206297,7.0,1
2.811917577220812,4.118605992136712,5.313917460006024,0.43634146641540505,0.0,7.1387900159831785,0.3938927424570766,0.6277580031966357,7.0,1
11.961203917756766,1.3785580672996762,14.423803992025508,11.733734287329533,0.8847475490946889,8.72709947803211,1.3705818236477716,0.9454198956064221,0.0,1
11.829879609075023,0.8918056387028397,13.914458467703376,9.659046375635862,0.9246141407881521,8.419420782551938,1.4050704810467223,0.8838841565103877,0.0,1
10.949051000030835,4.295555310927665,13.195486405683518,8.636225953612879,0.6076778424983528,5.089634892165156,2.1512448794481314,0.21792697843303124,4.0,2
8.575431007673021,3.6475227455318073,9.369576660741242,6.768509787386968,0.5746542952455543,4.767629505884357,1.7986781475131315,0.1535259011768714,7.0,2
8.441759889586569,1.544119311795595,10.367920390854913,6.708747489118199,0.8170856157967297,5.057933927643067,1.6690134767182145,0.21158678552861332,7.0,1
8.670551919238019,3.786443330147442,8.7846115328542,8.521490840494096,0.5632984652630739,4.481046919327874,1.9349388826614966,0.09620938386557487,2.0,2
9.285946614613758,2.3346641211921,9.876617046283862,9.107457499145411,0.7485809236165624,6.914395834934793,1.34298741875563,0.5828791669869586,3.0,1
1.1977864071538842,1.5603862421747827,3.9946247498131444,0.0,0.0,5.413250214187815,0.22126935939790027,0.28265004283756295,5.0,1
12.497110949927796,3.7782521529264645,14.714816841175772,12.180415413171067,0.6976699520341304,8.56458347375715,1.4591615562181575,0.91291669475143,7.0,1
8.027245137586958,3.384742800889982,8.71926276055473,7.301712835467525,0.5783431622087651,7.067038866136179,1.1358710896655588,0.6134077732272358,1.0,1
10.37759007282906,1.3404367918939761,10.711739341386924,8.881080291358984,0.8708335189107583,5.798052778843656,1.7898405669392217,0.3596105557687313,7.0,1
5.527382068736358,2.730053318660882,8.374140403341862,5.034891047898314,0.5060856505464959,8.923203159821908,0.6194392271179305,0.9846406319643816,6.0,0
1.1487665669895515,1.6622560058390876,1.4853295651699496,0.0,0.0,8.765972479459352,0.13104838849099404,0.9531944958918703,0.0,0
7.116815918517327,0.004733876521746616,7.888026062659072,4.694681847180061,0.9993348322373451,7.893076176546002,0.9016530132655625,0.7786152353092003,6.0,0
7.086281431791147,4.328170836301257,7.634183410789519,4.559851798008472,0.3892183258649866,7.958418377198174,0.8904132826309051,0.7916836754396348,5.0,1
6.243871459737422,2.473330842327765,6.266262920972726,6.095167097413307,0.6038786419168568,8.88635065762245,0.7026361776959154,0.9772701315244898,7.0,0
5.076604649944921,2.692946707496024,6.019008972239053,3.7929851662440477,0.4695378322349286,7.0022811131998015,0.7249929798412631,0.6004562226399603,1.0,1
3.9979130537166645,2.699511415547827,6.920449668512952,1.457160035573657,0.32476985385206836,8.400099246659273,0.47593640697836254,0.8800198493318547,7.0,1
7.330538493966193,2.4778865736873126,8.356248411394262,6.240880323046096,0.6619775510725611,4.324138611499953,1.6952598315120575,0.06482772229999068,0.0,1
5.503337676321929,1.3052153014811707,7.01625231472525,3.415876541352862,0.7628320524294102,6.770312597271611,0.8128631576834039,0.5540625194543223,0.0,0
12.639182596597704,4.372092562086253,14.876989948363049,10.871444884027676,0.6540842314230699,6.5125816973416235,1.9407330585590816,0.5025163394683247,3.0,2
3.0751276932031772,2.797507856318782,4.728367999440826,2.033501843081641,0.09027912483049283,4.188619311104245,0.7341626117825643,0.03772386222084893,5.0,1
4.835986811525044,3.0191461224928267,7.0667613337619635,4.006772324253772,0.37569182047857375,4.434759926620665,1.0904731916819042,0.08695198532413304,1.0,1
4.527525651094852,2.046567407926724,6.512433255666397,2.5692963747966315,0.5479722113928122,4.109194620084366,1.1018036548976833,0.02183892401687313,2.0,1
7.519710114831484,1.2953763022085216,9.345399183828528,7.118837703822793,0.8277358724701915,5.470075022432232,1.374699630991148,0.29401500448644635,3.0,1
6.991363083689775,0.28957041978718207,8.940309805325011,4.410995526426499,0.9585816933949942,4.267556147581382,1.6382591914231985,0.053511229516276335,1.0,1
8.724885585091277,1.576035884555488,11.12237867132603,6.995555261849167,0.819363145890583,6.115798423804008,1.4266143159872862,0.42315968476080157,1.0,1
12.400021246890494,0.7924384317077645,14.530595431293808,12.065510731512976,0.9360937843629517,8.063732056864588,1.537752142487728,0.8127464113729175,1.0,1
4.422653025926408,2.9793972071565533,6.797977788041983,2.3120700903463174,0.32633259048567065,7.0691490421824135,0.6256273562116086,0.6138298084364827,7.0,0
9.313258831059958,3.955517481612237,9.750051745910552,8.019921181412702,0.5752810532420205,7.3689495614831735,1.2638516186539681,0.6737899122966347,7.0,1
1.3004824360622034,1.3623968621054354,3.3335036341938244,0.6882381899726763,0.0,4.15753343554818,0.3128014377329312,0.03150668710963593,5.0,1
4.148661672803494,1.4979718143632095,6.359727409780094,1.265453794028896,0.6389264942515926,8.197631801279336,0.5060805087825544,0.8395263602558671,5.0,0
6.564636735959113,3.0166402672305526,7.464536033449617,4.405693380915837,0.5404711047137916,4.730951896914954,1.387593211471861,0.1461903793829908,1.0,1
1.3719374617736135,0.6717214540855636,3.9956694453034607,0.0,0.5103847858945586,5.513254380162435,0.24884349010088533,0.30265087603248697,0.0,0
8.412033526643667,4.182468420049646,9.326168336551767,5.865431983465582,0.5027993639347255,6.583969474666932,1.277653786064859,0.5167938949333865,3.0,1
9.139727300820498,1.6373105146146738,9.87122365894999,7.50811793117404,0.820857837359361,8.649967155065792,1.056619885020937,0.9299934310131583,7.0,1
9.96078057805656,0.45539750667048595,12.562071024498094,8.636368741057849,0.9542809418296273,8.990745841867314,1.107892576795139,0.9981491683734628,3.0,0
7.198894058116148,0.7860780221428868,7.939953572465428,6.630553478534023,0.8908057243519718,7.913303418107049,0.9097204641040042,0.7826606836214098,6.0,1
8.24733597974352,4.197357342033562,9.49384336703892,7.787164704388983,0.4910650721223445,7.646571118637346,1.0785665694839222,0.7293142237274692,2.0,1
5.752783015341847,1.1120367976605898,6.856551505452304,4.456875066226303,0.806695855780594,6.6384116535601585,0.8665902802602861,0.5276823307120317,2.0,1
1.4950363900787504,2.9802096172407886,4.189221857753568,0.127112652996203,0.0,7.32813668999581,0.20401316914840537,0.665627337999162,6.0,1
2.1994222692941565,0.702743505922193,3.5651294841580494,0.0,0.6804872280629772,4.722120877141768,0.4657700060031998,0.14442417542835367,3.0,1
8.85995109041757,0.8734576155694997,10.942877890306216,7.53369606030694,0.9014150747949181,5.3459806028742465,1.6573107440109396,0.2691961205748493,5.0,1
12.946663595029316,3.956571985049899,15.328780308960802,11.167185993333062,0.6943944703584507,8.923214317485423,1.4508968555938158,0.9846428634970845,5.0,1
1.1896388699595541,0.6661494904615282,3.073349612201083,0.0,0.44004058098389454,8.898075115727693,0.133696204458515,0.9796150231455385,5.0,0
7.691001961916593,0.08437764031325623,10.522085456891336,4.710997875384967,0.9890290444949738,5.614861973314065,1.369757974188834,0.322972394662813,5.0,1
10.012105034590695,2.2555493528682433,12.41962762235872,9.044529089136848,0.7747177696323027,5.205242862857797,1.9234654939988374,0.24104857257155937,6.0,2
10.921297936166544,3.882270659683206,12.121917819191134,8.215434544981438,0.6445229603317725,5.147590374087092,2.1216330637232184,0.22951807481741843,3.0,2
7.542458814671681,1.4669597043703113,10.394894344444731,5.124306199110885,0.8055064349152609,6.424321917520998,1.174047457693737,0.4848643835041996,2.0,1
8.43899176220926,0.5767302179056972,10.012716262023263,8.234971691250601,0.9316588717993115,5.118832898955528,1.6486163797085844,0.22376657979110562,4.0,0
9.360699343294641,4.42003873304537,9.428431312129328,8.358222550732968,0.527808919938062,7.242483162753472,1.2924709844594044,0.6484966325506945,2.0,1
11.307594996321168,3.04532383270236,12.087634835279857,10.650466116818018,0.7306833297714385,4.374099056769676,2.585125496602713,0.07481981135393526,0.0,2
2.467474446433824,3.8281078437667038,4.3326632075456235,0.4743216291648298,0.0,4.518386112096134,0.5460964125726592,0.10367722241922675,2.0,1
12.114186355298362,3.3846222254801566,12.584631062271672,10.448288946645297,0.7206067228774444,5.384671374679003,2.2497540726931593,0.2769342749358007,4.0,2
1.31220884261884,3.1420902329513556,3.064412977298451,0.0,0.0,7.8872161668921414,0.16637160879741672,0.7774432333784282,4.0,0
11.034397011493304,1.7305383020891414,12.119191078415893,8.743705720070572,0.8431687476636347,5.61644769521006,1.964657664470711,0.323289539042012,2.0,1
1.9208851187163671,1.4595299694163772,3.5240415588911893,0.9209590312804169,0.24017841817020835,6.3540839114192575,0.30230716897903154,0.4708167822838515,5.0,1
3.3355385392590673,3.2263136815251334,3.341163082878826,2.18728165259927,0.03274579395451871,7.283110230045907,0.4579827070993051,0.6566220460091815,2.0,1
1.0467297565735914,3.2252085367975356,3.5919938205796864,0.0,0.0,7.942699609864869,0.1317851370425174,0.7885399219729738,5.0,0
6.343080466432488,4.27764772822092,7.428856929759073,3.4264549386524683,0.32561982291440494,5.535545106123263,1.1458818137740314,0.3071090212246526,2.0,1
5.012310720608707,2.5589691803174506,5.432786023442566,2.6832386983052103,0.48946317916885185,7.654847055821111,0.6547891400125503,0.7309694111642221,7.0,1
2.991914937844328,1.325794976044531,4.305662508859568,2.340702013512649,0.5568741078582384,5.430337021756663,0.550963029708324,0.2860674043513326,5.0,1
6.413081929646875,2.2028795969871484,7.871613810113377,6.075127033155333,0.6565021901866696,7.222331041833028,0.8879518111951892,0.6444662083666056,4.0,1
5.8284505980662065,2.7617121752666365,7.740658729554774,5.2008351547688,0.52616700977393,6.254400703973458,0.9318959359868576,0.4508801407946915,3.0,1
10.211932392384899,1.9202840980961062,11.785619713441738,8.943648297316209,0.8119568339947028,8.633139096753013,1.1828759247288951,0.9266278193506026,6.0,1
11.717563672840388,3.560099055117967,11.848134419041576,11.007472589597473,0.6961741233487162,8.910466931105637,1.3150336299364325,0.9820933862211273,3.0,1
8.830807021204983,2.63075945497127,11.445343987438278,6.1276835769889475,0.7020929742146831,7.87061553845146,1.1219969998613908,0.774123107690292,6.0,0
2.4929246647182866,0.042460774324427464,3.8624514600791704,0.48075595941596605,0.9829674859712515,8.577321678217158,0.29064138646557724,0.9154643356434317,1.0,0
4.544689536518208,2.5642794970440383,4.775652854117235,3.294501802169165,0.4357635485462462,4.682521210120956,0.9705646451093838,0.13650424202419115,6.0,1
11.959819561987358,2.8512170367383742,14.278304271574912,11.138384363402675,0.7616003300082741,7.272319787739573,1.6445673335419677,0.6544639575479145,7.0,1
2.06481391609467,4.118675631948318,4.045277172443875,0.922830900671777,0.0,4.991839707862042,0.41363786438146877,0.1983679415724083,1.0,1
5.882270072689918,1.8617475314888485,7.8305833909975835,4.454118286589727,0.6834984608862943,5.384842524862242,1.0923755050460648,0.2769685049724483,1.0,1
12.310055430801775,2.5851044667211127,13.590797436008458,10.168588374274588,0.7900005827550737,6.61411620607814,1.8611791881565773,0.5228232412156281,7.0,0
12.407978097633828,2.137488528214683,13.639469285496794,12.139953422947192,0.827732728781791,7.709936345219996,1.6093489676249433,0.7419872690439991,3.0,1
5.934438124586709,2.392453928109984,7.543454033748738,3.387939305219872,0.5968524942238569,7.607470370977389,0.7800803467111325,0.7214940741954778,5.0,1
9.008762657185569,0.3028683180104841,9.160545895882878,8.626082563795029,0.9663806973792444,8.347296709785216,1.0792431334835555,0.8694593419570431,1.0,0
6.480947180247988,4.037776503898957,7.3778204729017505,5.693596934330674,0.37697740907302757,6.796374260632936,0.953588918401387,0.5592748521265871,3.0,1
10.0415264732361,4.096855529242315,13.00520899392322,7.060756785918349,0.5920086910927582,8.63171326694787,1.1633294761639752,0.9263426533895739,5.0,1
1.3789759683159821,2.466268244291847,3.3655534357002095,0.8083500661832287,0.0,8.439442978434966,0.16339656205268932,0.8878885956869933,7.0,0
2.7298857870563014,2.504499820744255,3.9866882833082675,2.4264592236972646,0.08256241612037751,8.245287447402452,0.33108436843112227,0.8490574894804904,3.0,0
8.37038564252319,0.2590021617477954,9.03747495134455,6.455169736766796,0.9690573203184315,5.147600539021746,1.6260752129212235,0.22952010780434923,0.0,1
3.790627149316763,2.6907773090389053,6.026255235017464,2.6112399097630883,0.2901498345665833,6.657239965935983,0.5693992057838965,0.5314479931871967,3.0,1
8.992627591229782,1.9311830544562312,9.773498520348356,8.717121288424256,0.7852481897126874,7.681182985217885,1.170734717365244,0.7362365970435769,5.0,1
5.21467512953558,3.190696336054968,5.701785441074466,5.203447844488445,0.3881313299877357,8.880512539222948,0.5872042977816535,0.9761025078445897,7.0,1
11.639746697533857,0.21206212468007574,12.103291398236719,11.402261968389423,0.9817812079428665,4.058236368685551,2.86817859781389,0.011647273737110275,6.0,2
10.831112626719838,3.198994572282704,13.018902464214035,9.262905890404118,0.7046476495507086,5.6355726697254935,1.921918722635763,0.3271145339450987,6.0,2
6.914053600825387,1.2910222072454125,8.84248436369154,6.22137476543256,0.8132756438146078,5.711751262929242,1.2104962703294524,0.3423502525858485,1.0,1
10.274741045138294,2.932673987038986,10.484159343251985,7.9420846421814435,0.714574413685429,5.442672848909284,1.8878116194687982,0.2885345697818568,4.0,1
4.253654634821085,2.8220668889045535,4.598783080907692,1.6811287356058555,0.33655476732815337,8.087121498814726,0.5259788214440099,0.8174242997629453,4.0,0
6.931117321742351,1.0207866808450463,8.832657923803083,6.496618268596468,0.8527240799051372,4.22535718321702,1.6403624643314232,0.045071436643404,3.0,1
3.369784622359338,1.9820355534732004,5.083132927975814,2.3587250101559274,0.4118212955445538,5.797173750042317,0.5812805976937883,0.3594347500084634,7.0,1
11.330634022251926,3.76034966573996,13.388631203367368,10.890911645847334,0.6681253971882676,7.558423041380176,1.4990738094732179,0.7116846082760352,7.0,1
10.876811398820978,2.725162396176483,11.410928123910764,10.016733288075136,0.7494520869901371,6.033698595534918,1.802677284355914,0.40673971910698353,1.0,1
11.825796020908015,0.3093223589028516,14.005559739559516,11.108182764656302,0.9738434217573202,4.720317918461247,2.5052965129016243,0.14406358369224942,7.0,2
11.529723774691114,1.9930897409437336,14.338013176682763,9.169129071879555,0.8271346495465257,7.054262363795438,1.6344336487773787,0.6108524727590876,6.0,1
12.515155144713937,1.4029715645006267,14.318306088320261,11.478716110671739,0.8878981883741806,6.613051181968094,1.8924933136521305,0.5226102363936189,5.0,1
3.7400347795831115,2.8874055551023474,4.328424838511463,2.2533403833505825,0.22797360846355652,8.909194180579345,0.41979495606188544,0.981838836115869,3.0,0
12.181891489543785,2.7655377358286737,14.220523055396106,10.160206173124841,0.7729796117292255,7.742631095606046,1.5733529518740763,0.7485262191212092,6.0,2
7.854558296223972,0.0467914567956324,8.883803346862166,5.387788348767412,0.9940427640828476,8.93087993922842,0.8794831360035688,0.986175987845684,4.0,0
6.069941007017826,2.734629792383083,6.217804246174991,5.166313736050471,0.5494800049586295,4.931763205580008,1.2307851683045195,0.18635264111600164,7.0,1
7.724486751614476,3.3068234429322154,8.631502837671972,7.096824748502419,0.5719037977194972,7.807975046389512,0.9893073051234146,0.7615950092779024,5.0,1
5.111228279803334,3.4592851458070895,7.82798358565373,2.175868158535731,0.32319885623653,6.758191098499584,0.7563012358348524,0.5516382196999168,7.0,1
4.462636083531425,0.2653909667548252,5.696054044059351,3.502193449588934,0.9405304484194434,7.562547496006088,0.5900969330623339,0.7125094992012176,3.0,0
3.8957720557303452,1.3664628769944103,6.489768069823622,1.8825677581877187,0.6492446535765712,6.337757312539447,0.6146925266485734,0.4675514625078893,0.0,0
1.9891358734855218,1.8957310224818573,3.5151139040538966,0.0,0.04695750162103962,5.061954098564585,0.392958101704158,0.212390819712917,3.0,1
6.958778765766249,0.8089726850771031,8.509712732645049,5.416690428967627,0.8837478942344239,4.228683317325623,1.6456135973235377,0.045736663465124575,7.0,1
11.65314010856665,1.8933024202425441,11.668789071761333,10.967797772112979,0.8375285628934721,8.191441286633475,1.4225994792371717,0.8382882573266951,5.0,1
8.561823631292615,0.3200829112151655,10.473135851159531,8.137451368430087,0.9626151010579925,8.074041742933296,1.0604135950605214,0.8148083485866593,5.0,1
7.251707593069282,0.5094777735317322,7.575149128160543,5.7906591583259885,0.9297437511106131,4.812698668931682,1.50678612809952,0.16253973378633635,5.0,1
6.143115019010998,3.0091264327953873,7.579360263057161,4.610326408876867,0.510162771902676,7.225904497719203,0.8501517036310156,0.6451808995438405,4.0,1
6.572819515806303,1.1815760752206974,7.3537700827806,4.252719245481911,0.8202329955387874,7.688668502660807,0.8548709719415861,0.7377337005321614,0.0,0
3.511328170863411,3.2013263136580763,4.6884770683513555,1.3818278390068306,0.08828621026587424,6.788124976905953,0.5172751213051302,0.5576249953811907,3.0,1
10.875230526317168,0.21648837607500593,12.48646259331757,8.139106689809568,0.9800934448652724,5.586144515480527,1.9468222664450112,0.31722890309610535,0.0,0
3.3805955593783366,2.532163738695763,3.423987903184255,0.4680138737154418,0.25097111020242635,8.40472951092897,0.40222538452694134,0.8809459021857939,2.0,0
9.599473080727757,1.7615189861407812,10.453223830542624,7.415919102129134,0.8164983670116989,7.2122031877071535,1.3310042480624489,0.6424406375414307,5.0,1
10.11982013795383,3.586371263619594,13.088655940829426,9.89028639146307,0.6456091892217426,7.601087560069252,1.3313647629999976,0.7202175120138504,6.0,1
7.898428504332811,3.5277821109250285,8.07062588179449,6.683073576681503,0.5533564545162615,7.26057264751166,1.0878520039379753,0.6521145295023321,1.0,1
11.355116499457942,1.6900183910587867,12.313296963930048,9.528709389935894,0.8511667941813311,7.606443357925439,1.4928286408162916,0.7212886715850878,5.0,1
4.4926042294078,2.8022130633947144,5.456868654301745,2.7220190150579278,0.3762608677942476,4.72533572467222,0.9507481565702798,0.14506714493444406,1.0,1
11.579406654914358,1.0239699096876964,12.717564417712646,11.035075297422564,0.9115697427162109,8.612971991556567,1.3444147579100263,0.9225943983113133,1.0,1
9.75292551519165,2.611830762811891,11.807268270518687,8.004091326839037,0.7322002758307165,5.429053989792508,1.79643185231326,0.2858107979585016,7.0,2
10.584997933141128,0.365691122763851,11.328229329190021,9.535956409496796,0.9654519419773442,8.18275611514979,1.293573679110851,0.8365512230299579,4.0,1
8.97495651432777,1.9557192785337454,10.355764546735928,7.958175979796622,0.7820915036845468,8.46692102048457,1.0600023896070458,0.893384204096914,1.0,0
11.156116203879632,0.8222745669214911,13.09070690443698,8.654095187975923,0.9262938327376388,7.256118033300206,1.5374772230387272,0.6512236066600412,1.0,1
12.917186352611632,3.975215319411852,13.884152527597397,11.65138687660697,0.6922537764109804,6.991503810443726,1.8475547897601479,0.5983007620887453,0.0,1
6.041954254295664,2.002053680850743,8.888271995805429,4.459766392102306,0.6686413705586504,4.545241055857905,1.3292923697652506,0.10904821117158096,3.0,1
10.766988204514844,2.6584818688689067,13.706006109342887,9.078369621411408,0.7530895531441053,6.181106130398142,1.7419193227509446,0.4362212260796284,0.0,1
9.934957114216402,1.6217183714850467,10.293977817278936,8.245966774661554,0.8367664447021665,7.058221923240708,1.4075722217664235,0.6116443846481416,4.0,1
6.434441988544216,1.299334658579113,7.465901641746646,5.7950774471941,0.7980656813920416,4.409346362413864,1.4592734295932537,0.08186927248277272,3.0,1
12.123387996790143,0.913139023776901,12.747304206209568,10.325027907343122,0.9246795512922074,4.55731005738772,2.6602069738786547,0.11146201147754393,5.0,2
5.733111154871136,4.1034221220015885,6.293479941542482,4.729240328038777,0.28425910275346455,8.967406275536044,0.6393276917219219,0.9934812551072089,1.0,0
7.78559099531485,3.597596020921287,9.258530510329688,5.820530111526342,0.5379161295415827,5.661170754812973,1.3752616433086307,0.3322341509625947,1.0,1
2.2713082838915386,0.5996751499396389,3.962789608296175,1.8342154869943572,0.7359780906041573,5.748662436455819,0.39510204486660583,0.3497324872911639,0.0,0
3.7093023287951947,3.3602619433130925,4.986258450587992,0.726955544894186,0.09409866183527638,5.25764575299946,0.7055063241335833,0.25152915059989206,0.0,1
11.088354046405128,1.8833884966649395,11.906018665697209,8.772224172044941,0.8301471536007151,7.2300988474713845,1.5336379599129697,0.6460197694942769,0.0,1
5.758632673946169,0.06928494732256435,6.594497396707087,4.506878373493246,0.9879685072402636,6.365379434033984,0.9046801897081418,0.47307588680679674,2.0,0
5.729009072983098,2.377652941692999,8.705393542005291,4.824953520390249,0.584980070479282,7.952154786867521,0.7204348037143584,0.7904309573735041,6.0,1
3.951772218287443,0.5852089803818974,6.722804340258195,2.7883661138339053,0.8519122692158846,6.562474159278934,0.6021771853683996,0.5124948318557868,4.0,0
6.899324011569453,0.944704408921176,7.127020534537524,4.735699193247829,0.8630729028906303,4.077079901418578,1.6922219280443593,0.015415980283715668,2.0,1
10.66980353620747,3.1321843264084186,12.639455492195847,8.703580137453773,0.7064440487793894,6.413436951633978,1.663663900755909,0.48268739032679553,7.0,1
11.741969413284876,1.1571391671353823,13.11260223573941,9.635691877283113,0.9014527183296701,4.275936452973873,2.7460579787425154,0.05518729059477465,6.0,2
1.8413731845302066,4.013496908288174,3.9078154761276926,0.0,0.0,8.133931902407136,0.22638168190039495,0.8267863804814273,6.0,1
7.8978487748813855,2.957263912908765,9.688730891503045,6.528963095950157,0.6255608334368015,4.568290424923504,1.7288412163536286,0.11365808498470073,7.0,2
6.607280414708015,3.7452756820986406,9.275037614955266,4.598716969365021,0.4331592656849347,5.084770074829079,1.2994256018410262,0.21695401496581573,5.0,1
8.37138220565894,2.7683529224858283,8.572347148525415,7.046858340779334,0.669307546295705,6.2998262139741446,1.3288274821120798,0.4599652427948289,7.0,1
6.367308242899229,3.9098231595990716,7.416101979072346,4.4530140085396,0.38595352848524733,4.975920277002072,1.2796242480668218,0.19518405540041445,2.0,1
5.783737850240982,1.6275810375996758,8.740220227567736,4.359266939352141,0.7185935670421401,6.696099800985158,0.863747259171683,0.5392199601970316,6.0,1
6.662568549153873,2.4711325959851087,7.209424596125723,4.332577667140193,0.6291021131333898,6.303492122233527,1.0569646824263998,0.46069842444670533,0.0,1
7.98398954507697,2.321506801999501,8.365989863596912,7.968209175225771,0.709229729210884,8.762613054586444,0.9111425433647404,0.9525226109172887,2.0,0
7.011798532381322,4.0670581863508675,9.198714550383048,6.364665665011977,0.4199693320381771,4.441867816623068,1.578569831848811,0.08837356332461362,7.0,2
6.665733412247754,0.7421193387387609,8.998038892300144,5.77642053675802,0.8886665138189932,6.883660241342752,0.9683414315270609,0.5767320482685504,1.0,0
10.81402371949697,2.601273434340116,12.83084436252095,7.97784020074362,0.7594536962545966,7.601998048219919,1.4225238747633167,0.7203996096439838,4.0,1
9.947775894854292,3.3949403740214117,12.276363381134068,8.426637255953539,0.6587236775430858,4.638135045279282,2.1447792696288976,0.12762700905585636,2.0,2
5.096541930174314,1.6652239224014715,7.177706646453831,4.0034862901798896,0.6732639610904727,7.1823106387870075,0.709596421888409,0.6364621277574015,0.0,0
10.606925410183845,3.904116860771894,11.014237457051374,9.39398906334283,0.6319275652656611,8.321195270849131,1.2746877179222196,0.8642390541698262,1.0,1
11.243808028054001,1.6785664518498034,13.068473720489523,9.888341177756393,0.8507119253849162,7.937778217140781,1.4164930942230414,0.7875556434281561,4.0,1
2.841906464490286,0.7798894195316224,5.172536512168883,0.23841529414837304,0.7255752681249836,8.67585345214529,0.32756506090908716,0.935170690429058,5.0,0
7.992189540769106,2.628217599322643,10.588739359742508,5.105181943728692,0.6711517430967079,7.602928483704725,1.05119883185784,0.720585696740945,5.0,1
4.423743923190566,1.8925560451679062,5.162449651241689,1.891250003969874,0.5721822786245444,5.969934148361587,0.7410038056122672,0.39398682967231746,1.0,1
9.87006786312067,0.06835547106902046,10.252360145936287,7.345097572863825,0.9930744679756023,8.602256922954055,1.147381199087837,0.920451384590811,2.0,0
3.865423952304199,0.31427366622076447,6.208695283051938,3.268378619437815,0.9186961973386064,5.126783838074004,0.7539666337397865,0.22535676761480072,0.0,0
9.056842290076382,0.8787473109296551,9.826487325183379,8.250808074789616,0.9029742063751621,6.918511392625071,1.3090738420595374,0.5837022785250141,0.0,1
4.061495872691607,3.461984817831685,4.157284307654269,2.2733483310173095,0.14760843631305176,7.828289725473347,0.5188228866230451,0.7656579450946694,3.0,1
7.133725161159318,4.014177822151868,9.609365852107231,5.165312920835385,0.4372957001472826,8.361405834977395,0.853172935502969,0.8722811669954791,4.0,1
12.383757614994305,2.455383933064001,13.901731016426886,11.775641494656062,0.801725452855197,8.582710655469551,1.4428725506553621,0.9165421310939103,2.0,1
5.575690461477214,0.4750445813135556,6.555589858762479,3.3368448432376616,0.9148007615208076,4.424878247411816,1.2600777128135732,0.0849756494823632,0.0,1
11.508861831558493,2.404885285088307,11.543149147253141,10.908971172799733,0.7910405633253966,7.630295847270975,1.5083113501653689,0.7260591694541951,1.0,1
12.843334974446735,3.8502245726862525,12.949317308570578,12.054303034678492,0.7002161369810327,5.020521467205077,2.558167524696716,0.20410429344101538,3.0,2
11.498210185661959,3.372649331051653,13.876079997342842,10.577823571717127,0.706680494042692,7.8955972074342515,1.456281251890053,0.7791194414868503,2.0,1
2.9903923566801143,1.3099417366381874,4.459510011574707,0.4524181072091631,0.5619498780111705,7.503448659668044,0.3985357256795585,0.7006897319336088,6.0,0
10.835898634421957,0.5575077417976102,11.285064782311338,8.639646943809307,0.9485499301343963,4.906761793001552,2.2083604404593378,0.18135235860031038,4.0,1
1.385792741206735,4.053067648930093,2.4613096229537894,0.0,0.0,8.164150862097642,0.16974119716972974,0.8328301724195285,7.0,1
5.719622604391694,3.8433993598449496,6.215538047004263,3.260374709987009,0.3280326997634644,6.308944020092808,0.9065895316515356,0.46178880401856154,1.0,1
11.448800479814366,0.24171914315351606,11.787445139355526,9.010015737806595,0.9788869459661127,6.719280759505218,1.7038729128290528,0.5438561519010436,2.0,1
9.265026553119037,3.7065352042105393,10.093950015141468,8.095527265272867,0.5999433803065845,8.857018767717333,1.0460660405156685,0.9714037535434666,0.0,0
7.392885128054537,0.4374568700322277,9.041410770441729,5.048573265592278,0.9408273140384441,7.283127937596494,1.0150700621214495,0.6566255875192988,0.0,0
5.654368300991447,0.2847763503091666,6.284388124428127,5.035639984986474,0.9496360450628528,6.942815725123887,0.8144200458223383,0.5885631450247774,7.0,1
10.747563357643433,3.4137040371581673,11.778576601497734,9.237876807776905,0.6823741416020204,4.083813861818839,2.6317466273687384,0.01676277236376773,3.0,2
9.51470084737865,2.413397798662311,10.948493499248029,9.159975656212639,0.7463506380941851,4.996074175469698,1.9044354653689948,0.1992148350939395,5.0,2
6.62086383538808,1.865466108406435,7.880953052937536,5.3404803786143065,0.7182443024374491,4.132827105249689,1.6020181020827085,0.026565421049937754,2.0,1
11.709812046515918,4.067379881892099,12.095695443879787,10.148714737214346,0.6526519925567646,5.666562128580748,2.0664755421024155,0.33331242571614955,0.0,1
3.7593762138235887,3.776866074304892,3.875973120431253,3.519621140075378,0.0,5.7225417651366195,0.6569416822305774,0.3445083530273239,7.0,1
3.0446981099034987,0.2593056219617547,3.1510742907503153,1.6568598247082489,0.9148337166439225,6.65165035195922,0.4577357420789103,0.530330070391844,5.0,0
8.713645172002979,2.7723925887352756,9.76418222608658,6.7586335431225795,0.6818332013744376,7.448842234962586,1.1697985938141895,0.6897684469925173,5.0,1
12.663932112421243,3.475203314433562,14.82033834803321,10.821667408187029,0.7255826007607102,4.896725859481566,2.586204021999716,0.1793451718963132,4.0,2
3.9670788796812437,2.4772076089872845,4.360844775869055,3.8040172160080727,0.37555877154972805,7.008272104048712,0.5660566286216889,0.6016544208097423,3.0,1
3.996044547205918,4.4235247458428475,6.356984896299195,3.7100254894813145,0.0,8.584881372644535,0.46547463776717907,0.916976274528907,3.0,1
2.673986175546279,3.087213770913967,4.821009103487789,1.619917437680856,0.0,4.92503928079604,0.5429370250858344,0.18500785615920795,6.0,1
11.326762663283585,0.4686435571366139,11.33859313594042,8.798705494535268,0.9586251101865362,7.29544015132682,1.5525811230489759,0.6590880302653639,1.0,1
3.716770484936009,0.8923410539997905,3.797014103881544,1.1075023254339218,0.7599149429278914,4.227945706259537,0.8790960771878585,0.045589141251907425,2.0,1
7.038142320698654,3.718105295397579,7.623241967312809,6.109303711574876,0.47172064360464727,6.655738171455621,1.057454806573228,0.5311476342911241,2.0,1
12.890469736026455,4.485405029149351,13.05883246917821,10.733793480302086,0.652037115713985,7.707696285528898,1.6724153701058706,0.7415392571057795,4.0,1
1.1456908110645228,0.44252670092575364,2.7397201268754405,0.0,0.6137468358373422,4.170208905950715,0.2747322345002116,0.034041781190143006,7.0,1
7.67783308612953,0.45148193030271777,7.796714870504777,4.727566309851232,0.9411966989594568,5.668326955712672,1.3545148588141394,0.3336653911425344,7.0,1
7.1474685124593496,3.4352417436447755,9.555406026445542,6.8635367755902745,0.5193764424905799,8.389784926959946,0.8519251178288844,0.8779569853919892,4.0,1
10.689368516921856,0.28959426772442803,12.168254723759288,9.045726290201092,0.9729081968438094,5.127398979000193,2.0847545823333236,0.22547979580003866,1.0,0
5.263378474633324,0.3085205222918136,7.447241574650757,3.4857655280195625,0.9413835573902356,7.6143727719784815,0.6912425530311558,0.7228745543956963,7.0,0
5.924096306788499,3.9996741735434815,8.176203959596023,5.00109059393515,0.32484653077631387,7.0611913696374735,0.8389655508079858,0.6122382739274947,2.0,1
3.015255767186364,3.6020241554330292,4.535547586197062,2.8743960247119515,0.0,4.818438329797474,0.6257744855921191,0.16368766595949485,2.0,1
9.88978277962944,3.9670343993897204,12.665871408389838,9.733469172565963,0.5988754770670139,7.708537569909157,1.2829648542202006,0.7417075139818314,7.0,1
10.41650691025778,2.9273103095973916,13.387229231823705,9.055652747655866,0.718973900289483,6.660404965160988,1.5639449800341088,0.5320809930321977,2.0,1
2.639959849345963,1.451413898724863,3.717603907389601,0.5625384810142058,0.45021364658843444,4.560129003631416,0.5789221855880954,0.11202580072628318,3.0,1
5.7214848878598605,4.07840935649756,6.099077308607561,3.620957530450478,0.28717641723543874,8.74685701632635,0.6541189454887036,0.94937140326527,7.0,1
11.714859944352195,1.344255862384943,12.804574480295797,11.171950395186723,0.8852520756739378,6.459810145717671,1.813499109121372,0.49196202914353415,2.0,1
1.032487284109446,1.239798777546822,1.7025489751522562,0.0,0.0,7.725404174015016,0.1336483193438986,0.7450808348030031,4.0,0
4.585108847471588,3.9888018863674706,6.178125848656839,3.4536215695623533,0.1300529564162789,5.088501327628678,0.9010725461691727,0.21770026552573557,0.0,1
7.660507420630573,3.063701666219435,8.795670224387777,4.7674037147133195,0.6000654397946856,4.6859160470217605,1.6347939962559468,0.13718320940435208,7.0,2
5.00912631591944,4.030524381191593,6.450474558779813,4.65464741264253,0.19536379660017056,7.7065338806495935,0.6499843371216341,0.7413067761299187,3.0,1
4.264542270132033,0.7015558016428758,6.554104998360037,1.7551781742255872,0.8354909490389093,7.36912089279191,0.5787043437302523,0.6738241785583821,5.0,0
6.520449818838552,4.285335589945341,7.342512742464108,3.7954353591022087,0.34278528184292323,5.370538438519462,1.2141147286222747,0.2741076877038925,4.0,0
3.178277297316325,2.757339705151472,4.790701471235501,0.7102507188851308,0.13244205989209457,7.731417177578578,0.4110859916514992,0.7462834355157156,3.0,1
7.355502891513806,3.006157698420424,8.360986639499872,4.928979467914754,0.5913049396134845,6.524961305092513,1.1272868217276757,0.5049922610185027,3.0,1
9.48035105575871,4.113272611469032,11.835233648120695,8.396421009543875,0.5661265508759319,5.742986283237031,1.6507702766817536,0.34859725664740626,0.0,1
7.9035394315420255,1.713388386125829,9.822149328765114,5.763510111379107,0.7832125213055922,7.934459087398302,0.9961031173624193,0.7868918174796604,2.0,0
2.117311970302371,3.23808747613138,2.1428261618342033,0.3792722722684696,0.0,7.08391373771104,0.298890140210335,0.616782747542208,3.0,1
11.13290336998688,2.8815327950601777,13.113057393302533,9.859465975693224,0.741169693179186,6.536341829859983,1.7032315108014113,0.5072683659719965,2.0,1
3.0997340498498582,3.544887234896821,3.610220074049605,0.12039896168881903,0.0,7.865535483754815,0.39409065743227956,0.773107096750963,2.0,1
10.177744007333544,4.036242563249883,12.351165377942662,9.306379852898184,0.6034246331660946,6.724141799030047,1.513612340656123,0.5448283598060094,5.0,1
5.326781329310204,3.060273849435426,7.0287973298465785,4.0873492627468515,0.42549287078925047,8.692672164667943,0.6127898566060423,0.9385344329335886,6.0,1
10.393136176673227,0.3043779952637896,11.59758420984275,7.684553064658875,0.9707135565156023,8.090278463937388,1.2846450493639847,0.8180556927874776,7.0,1
3.475274840864149,0.824131556324011,5.557474128485925,2.6082500035753267,0.762858595632947,5.790937863700985,0.6001229719020165,0.35818757274019697,7.0,1
3.2399452443451575,4.2929018202018785,5.809725101951498,2.781901817959544,0.0,6.3245962527312924,0.5122770078716059,0.4649192505462585,5.0,1
6.964310154609787,4.358927130197518,9.300541296196007,6.034310905601332,0.3741049675519872,8.786665343476942,0.7925999093364768,0.9573330686953885,3.0,1
1.395232176380326,4.353359911642631,3.0313700060960485,0.0,0.0,8.476021973969583,0.16460931562768183,0.8952043947939167,5.0,0
3.7035680653880005,0.1655973018005309,5.87165102616659,1.1240060362812025,0.9552870910222674,4.955927688171557,0.7473006666799041,0.1911855376343114,1.0,0
9.68814702621218,1.7210167557723821,10.92989068939044,9.344812063345097,0.82235852210789,5.371519164116744,1.803613974037684,0.27430383282334886,6.0,1
11.048601739665106,3.418527167945982,13.415680104354491,9.183463696440626,0.690591873207514,5.82210259680986,1.8976995949399849,0.36442051936197206,4.0,1
1.9694243672537253,3.387986116460239,4.45658004212218,0.2675636504694965,0.0,8.39924518071952,0.23447635172914608,0.879849036143904,1.0,0
11.584932513257252,0.3865900722748133,11.996814023886449,9.578539156717156,0.966629924530642,8.637086559476321,1.341300962249435,0.9274173118952642,3.0,1
10.57020644863815,2.7426999919028354,11.284300527419989,8.557037335257762,0.7405254092973557,8.011701204012997,1.3193460638975925,0.8023402408025995,2.0,1
11.436211548483584,0.6429132834338585,12.24617776053106,8.557809137684,0.9437826695747765,5.378542230301311,2.126266013875458,0.2757084460602622,2.0,1
9.381142654946078,2.21944199790507,9.879387811892354,8.34155502966586,0.7634145349303585,8.435324033176158,1.1121259382627167,0.8870648066352317,0.0,0
9.089836807527577,1.078585653785047,10.26744182821984,8.190536042320241,0.8813415821841998,4.164405629703492,2.182745298078655,0.032881125940698475,0.0,1
7.301118800138365,0.23922527280627454,7.880218434487202,5.557442942672889,0.9672344363439558,6.114017404452591,1.1941606176687125,0.4228034808905182,2.0,1
8.83344669389578,0.36008741486974305,10.620064626675608,7.545191316179795,0.9592359101324994,5.888143161658688,1.5002092257905295,0.37762863233173755,2.0,1
12.029315974799262,4.099018273784587,12.33416230349211,10.608053157861526,0.6592476012458398,6.676198029522869,1.801821324293307,0.5352396059045738,7.0,2
2.206264017000501,3.350906838906903,3.01602147608077,1.9984330364870226,0.0,6.803202786174144,0.32429784710874654,0.5606405572348289,2.0,1
4.789173734153094,4.193207917978277,6.785735671992164,4.344447203292315,0.12444021646673598,5.127022434217294,0.9341043062715255,0.22540448684345887,2.0,1
1.869459683150462,2.114954695500987,3.0650950525505096,0.0,0.0,5.022778513928781,0.37219632081450954,0.20455570278575622,7.0,1
12.337662063328462,1.8598162452876192,13.602050288888686,12.132787708318098,0.8492569957143179,8.017832958960776,1.538777638107292,0.8035665917921552,6.0,1
6.343185591992656,1.61283281625943,8.736961350867823,4.572748813950794,0.7457377223369602,4.380983989199218,1.4478906126183082,0.07619679783984364,0.0,1
9.10413364811426,2.773381932234405,12.05766830798722,6.84040856106059,0.69537113146303,6.466430219310228,1.407907197533386,0.49328604386204555,0.0,1
11.093440774051857,1.5820172413710012,12.788644123814496,11.057850188729374,0.8573916538977318,4.958232032988395,2.2373783034445216,0.19164640659767898,0.0,1
12.892002976917862,3.3582295529190276,13.129204491308686,12.223758533117707,0.7395106440068562,5.597836125604888,2.3030332949456938,0.3195672251209777,3.0,1
2.941389493507189,3.60592796797138,3.250098416178097,1.8101734009590285,0.0,5.386472095860041,0.5460697542214867,0.27729441917200826,4.0,0
10.594151268618745,3.9413006704322147,13.499653434706993,9.073698927412739,0.6279739102737885,7.54261112973602,1.4045734410000696,0.708522225947204,2.0,1
11.649074777640836,1.0926041861037477,13.68677951588625,10.624288893373855,0.9062067840614358,6.280103016472747,1.8549177851199645,0.4560206032945494,0.0,1
1.5865045222105074,2.371599221815689,3.8439118772119656,0.0,0.0,5.4972091722305185,0.28860181093796283,0.2994418344461037,1.0,1
10.049086722226882,1.0055007752842748,12.076377995283506,9.369894170474744,0.8999410789181193,8.156759989901026,1.2319949017341159,0.8313519979802052,4.0,1
5.256703854358603,0.16900120539153513,5.795556659444063,5.180255045071546,0.9678503468953444,4.42897570645401,1.186889295124922,0.08579514129080205,2.0,0
8.783161497645185,3.1852138687642695,10.128247980119472,8.778448345190423,0.637349959963933,7.8318032273682014,1.1214737197370417,0.7663606454736402,0.0,0
7.168578352466377,2.470415732708061,9.562819665324474,6.132042316617475,0.6553827535611569,5.241563789501489,1.367641154501367,0.24831275790029786,5.0,1
4.116907025039643,3.2576727579888765,6.7159959138658625,3.031918627456901,0.2087086887862114,8.590096113133914,0.47926204443103454,0.9180192226267827,4.0,0
2.6226563440478325,0.394303101329417,3.3346628882869487,0.0,0.8496550635677849,4.027795426847744,0.6511394115416608,0.005559085369548811,3.0,1
2.4033667970704995,4.479867805778738,4.191252169571961,2.2690246595097907,0.0,6.783316686796697,0.3543055570070174,0.5566633373593394,7.0,1
2.2398742925019004,4.474568551261644,2.7111800007172606,0.6496791120963572,0.0,7.111324920137969,0.31497285212759535,0.6222649840275938,6.0,1
8.653480481614933,2.092499214765807,11.528311100980188,6.920040538823394,0.7581898729405466,6.886501663234502,1.2565858406473547,0.5773003326469004,0.0,1
5.216930216794458,3.8972642183272623,5.97354308377192,3.1191051811012986,0.25295833826162695,8.075076460995062,0.64605335218728,0.8150152921990124,7.0,1
3.5996012584704693,1.0960585011250057,5.77950664428216,1.6833974580484878,0.6955055789732835,4.560820040419056,0.7892443083853253,0.11216400808381125,0.0,1
9.302621112470836,3.3190477255048365,9.9959599451514,9.278202631299008,0.6432137044627764,6.077780021462921,1.5305952304327883,0.4155560042925842,3.0,1
9.242194789197601,3.956516355661046,11.090356617833226,7.346621768970566,0.5719072746350818,8.318683865099867,1.1110164707631485,0.8637367730199734,7.0,1
7.470019508283972,3.6659981973635034,9.447812429351941,6.502855689184775,0.509238470756596,8.443676442644955,0.8846880335864707,0.8887352885289911,7.0,1
12.219493802390211,3.6529833520852084,13.20477811275447,9.900886918346806,0.7010528086383856,6.491722016193828,1.8823193248121617,0.49834440323876555,0.0,1
5.624970777297055,2.083619844399893,8.08147237357521,5.059874618889959,0.6295767699257051,6.789834469350399,0.8284400455840878,0.5579668938700799,0.0,0
11.030355655231515,3.6899547650044773,13.686468349973866,8.881738699299977,0.6654727299518767,7.819542202449503,1.4106139937164368,0.7639084404899006,1.0,2
1.9016728951863557,3.108171658595852,4.466882685948341,0.025186894119172853,0.0,7.898051971493207,0.2407774603218805,0.7796103942986414,2.0,0
9.877973128462052,0.5960312916489197,10.870367786856205,7.921100472479628,0.9396605676187217,8.440406497529304,1.170319596734299,0.8880812995058609,2.0,0
12.86136896598316,0.5138298182903406,15.094389743021122,12.333525904720497,0.960048590500019,8.219286995915215,1.5647791557071735,0.8438573991830431,3.0,0
11.159178595453803,3.4736496117058793,12.837650860061474,9.151656591456415,0.6887181630804773,6.072116564321472,1.8377741068119275,0.41442331286429435,2.0,1
7.955976631720713,2.8145883994781573,9.733861605196747,5.745041405794968,0.6462296799293865,7.248766632358283,1.0975628041611196,0.6497533264716566,4.0,1
8.521192771925929,2.3371925273611986,9.953468027701314,7.052961988212512,0.7257200265365016,6.4161762893086705,1.3280795894160304,0.4832352578617341,6.0,1
5.2394745932433615,4.0826780588197265,7.040258037149977,4.218377544280726,0.22078483516560965,4.5898073321006585,1.141545649770306,0.1179614664201317,4.0,1
9.153822619097248,2.9681566059204836,9.560785093204498,8.65415807123272,0.675746764010028,8.108404600025313,1.128930174385806,0.8216809200050627,2.0,1
10.244744598175924,1.7826603528973508,11.47128629752829,9.374863022843702,0.8259926993968445,7.008817648502534,1.461693699559263,0.6017635297005068,4.0,1
12.978741773414246,1.862693136792827,13.511757059378084,10.687256686056683,0.856481223734,4.290026019029563,3.025329383981251,0.058005203805912585,4.0,2
6.909555004005195,2.723599623679132,7.749871596919473,5.6813528303664285,0.6058212689383948,7.384341395044863,0.935703623974067,0.6768682790089725,7.0,1
1.7356487892813073,3.421238781088568,2.1190923970477087,0.0,0.0,5.415505179485509,0.3204961922769687,0.2831010358971017,7.0,1
8.150295408771823,2.5395898812710587,8.787782224437883,5.930021433776363,0.6884051738127426,4.346326043583404,1.8752149118689152,0.06926520871668078,2.0,1
2.428289799786023,2.289423969986309,4.77407756714917,0.40577912741315414,0.05718667920606135,7.032944573418223,0.34527355852682357,0.6065889146836445,7.0,1
3.9371805226733207,3.271053161943818,5.586689909206331,1.9165652516244753,0.16918893022390713,7.661043270646218,0.5139222405594395,0.7322086541292435,6.0,1
4.945358935668847,3.1736904745816634,5.0162882912055515,3.1129343226906925,0.3582487103835609,6.58642147160746,0.7508415543990231,0.517284294321492,1.0,1
9.772358477780926,3.7365607827610248,12.137931929187273,8.217092541639786,0.6176398162985206,4.0282413678504625,2.425961501655404,0.005648273570092499,4.0,2
3.2056974865420065,0.28148303824782483,5.934102674330479,2.612247425931197,0.9121928879972199,6.884413684713017,0.4656456792624656,0.5768827369426035,1.0,0
2.9890353621082304,3.3972845943689047,5.630323189456144,0.4606252013426797,0.0,4.0330453765898,0.7411360604714179,0.006609075317959956,3.0,1
1.5395709099859296,2.311922029282605,4.008621558605895,0.0,0.0,8.63204150648559,0.17835536458312784,0.926408301297118,0.0,0
11.47887923624657,0.3361190401491834,14.45552856464938,10.07942703944607,0.9707184792842991,5.33652578862526,2.1510022982955803,0.26730515772505203,2.0,1
9.322065092272728,3.055545126762839,11.081270958886527,6.522348824618761,0.6722244377701622,8.355033017485122,1.1157424599955303,0.8710066034970243,4.0,1
1.479357587411518,3.2244308730087425,4.367120472956232,0.0,0.0,4.060546443084353,0.36432475484452576,0.01210928861687055,2.0,1
1.339507667657375,2.35632226295108,4.186040365161658,0.0,0.0,4.486082552460852,0.29859184533342675,0.09721651049217037,0.0,1
7.704091557700673,3.5720953994239326,8.64380774921099,5.5310254364507685,0.5363378832312264,6.257041523013285,1.2312674495390776,0.451408304602657,3.0,1
4.390412815440532,1.3511164888318568,6.980714083608145,2.459041800688965,0.6922575289320974,7.793036895263345,0.5633763671912104,0.7586073790526691,4.0,0
8.160716205183146,0.9085824833914625,10.538134201859478,7.448921757180904,0.888663879425878,8.712808502503183,0.9366344047201977,0.9425617005006366,6.0,0
6.215250108171584,1.5783027828447531,8.54264644037484,6.073981776908628,0.746059650798339,6.6054740758421495,0.9409241542408423,0.5210948151684299,1.0,1
12.079750747723056,1.8452273098318988,14.768593061598821,10.719684814199685,0.8472462430419179,5.7773035683329805,2.090897700777843,0.3554607136665961,3.0,1
4.453708179536415,3.13170121080976,5.606278209297338,2.092093187347598,0.2968328672275654,4.222772699585906,1.05468811522182,0.04455453991718113,1.0,1
9.149744421266721,3.8048397204520246,10.349909318928866,8.17434043319763,0.5841589070391466,6.918547358693559,1.322495019098125,0.5837094717387117,1.0,1
1.6486517394231903,3.2441318553540444,3.5688086670340997,0.0,0.0,5.900218822492668,0.2794221348432436,0.38004376449853366,0.0,1
12.470326410267104,0.7829440158132068,14.68374002371013,10.505921364378237,0.9372154352616953,8.545667423375205,1.4592571641808418,0.909133484675041,6.0,1
12.769089614900226,1.6479768816011582,15.40830092287307,10.682465559447465,0.8709401428526168,6.400296114200003,1.99507794437356,0.48005922284000063,7.0,2
9.86889554819695,0.712861710515001,12.496431510174794,9.01167288306478,0.9277668197992792,7.827234915648879,1.2608405975482104,0.7654469831297759,5.0,1
6.582549658762877,3.090258898011231,8.746568531921657,5.172407510233737,0.530537700707295,8.241052641074479,0.7987510753122232,0.8482105282148957,3.0,1
3.639921271927136,1.1167734519760235,6.510599605391704,3.094809871851485,0.6931874706771463,4.491388058388772,0.8104223515331053,0.09827761167775435,7.0,1
10.750196082975577,2.3642411978333104,11.286081939814304,10.010454498736397,0.7800745977482761,6.204231538781224,1.7327200017888718,0.44084630775624484,3.0,1
9.836249165764267,3.5632342943760795,12.687268707304526,9.566699036487021,0.6377446083027096,8.46858715506156,1.1614982506125917,0.8937174310123119,4.0,1
3.6634484747313887,3.019226737147268,3.8560229208322534,3.2831282558427644,0.17585118011830547,6.122276491598457,0.5983801090588942,0.4244552983196915,5.0,1
6.414583529887189,1.3426829579930972,8.081449173462943,5.783043091999679,0.7906827541122206,6.825771384836927,0.9397595038323185,0.5651542769673854,5.0,1
6.553587253801421,1.4979003777735338,6.824178124825788,4.81288461967391,0.7714380964555445,8.365519736494239,0.7834046730188997,0.8731039472988478,3.0,0
10.91692659967251,2.940139289713643,12.620929525266918,9.59329324102959,0.7306806762077303,5.1629679334489635,2.114467248371963,0.23259358668979271,3.0,2
9.206136212008918,2.4726048720297484,10.376465349376076,8.405317674312231,0.7314177397457615,8.472908314117317,1.0865379242532245,0.8945816628234635,2.0,1
8.718010522480661,0.43377069361519976,8.962838816987821,6.134673181787594,0.9502443025852448,5.985142105948077,1.4566087768938085,0.39702842118961534,5.0,1
8.797929070759341,3.9329621517309574,10.742279485831906,7.222485996733383,0.5529672812659414,6.965166643295325,1.2631326027537668,0.5930333286590651,5.0,1
4.245640952589747,2.3067596162413286,6.439234951458273,1.4763125316823666,0.45667576650958763,5.640197410329266,0.7527468710251922,0.32803948206585326,3.0,1
5.460535117954408,2.130124559388594,5.983091358814352,3.5556402311217052,0.6099055287851407,6.63559526879795,0.8229156385759486,0.5271190537595899,5.0,1
1.5479474252404737,0.8929770148451804,3.6312575831667804,1.5005846356543238,0.4231218707531643,4.246429015112513,0.3645292125999331,0.04928580302250261,1.0,1
10.443293629745485,1.6964721853674178,10.980436277188684,7.7028665566984,0.8375539130169259,4.326299876193817,2.4139088663759627,0.06525997523876334,3.0,2
6.195978582037766,1.497711880417946,6.608167929983595,3.6235885749952867,0.7582767821761304,6.073613809687927,1.0201469464776731,0.41472276193758545,7.0,1
6.258860285050883,1.2183105727324208,6.70095008462512,4.353046616708185,0.8053462583847218,5.674759617167893,1.1029295877337089,0.33495192343357855,5.0,1
3.9442751792035207,2.553329585910479,5.741510586066525,2.339954512011067,0.3526492270688678,7.078959051375541,0.5571829347476014,0.6157918102751083,5.0,1
3.513127377513147,2.080239121261269,5.849499801892956,2.154349157557392,0.40786686683310147,4.189550835219031,0.8385451127553818,0.03791016704380627,6.0,1
8.05386315482835,4.001389583916002,9.844544259249792,6.607338617527856,0.5031713965096192,4.8383433486844565,1.6645910747566506,0.1676686697368913,4.0,2
3.7906361824441093,4.236047896712224,6.2186905414988445,1.48297425991706,0.0,5.04795947062896,0.7509244486806087,0.20959189412579207,5.0,1
1.770506218785573,0.987630431526409,3.5449382419966806,0.23108141170951546,0.4421762425642056,6.202458842649002,0.2854523123331858,0.44049176852980043,3.0,1
10.21008899177078,0.4504744294524473,12.60205273381624,9.682014895663459,0.9558794805985017,5.234173811894764,1.9506591410029506,0.2468347623789528,6.0,1
5.517633212876391,3.5340189816948726,8.447200716276292,5.343100511357413,0.35950454744842364,4.6883134290386534,1.176890857744507,0.1376626858077307,5.0,1
5.562827006791654,4.47687631637374,6.735706430696328,5.1842681779321165,0.19521561412786637,6.987868368912189,0.7960692321480616,0.5975736737824379,4.0,1
6.175819378189496,3.886200314343694,6.6256459089701805,5.421496051677338,0.3707393179165527,7.7193598890161095,0.8000429396972514,0.7438719778032219,1.0,0
10.780537880897125,0.10663830953430625,11.186728316011997,9.677335516578005,0.9901082570542916,7.426340333986109,1.4516622449365502,0.6852680667972217,6.0,1
4.8500427512778055,1.130685978179097,6.6424755412476,2.1727947147521793,0.7668709254405637,5.380900476137606,0.901344072945789,0.27618009522752124,2.0,1
10.096434535094033,0.19504024668568765,11.737743732660059,9.37917283849503,0.9806822650107074,8.27222418183482,1.2205223544672594,0.8544448363669641,2.0,1
12.274538089354518,3.6935071966852493,12.82724422498061,11.315742415346914,0.6990919601375012,7.059110897137011,1.738822107800112,0.6118221794274022,0.0,1
8.930418351097593,2.6163313933154235,11.576733239100614,8.261374732517272,0.7070314860452351,7.0733335050371196,1.2625473328435584,0.6146667010074239,1.0,1
6.180172974124296,2.3117334352517425,9.05041807948686,4.542947518005896,0.6259435706847177,5.064242258582286,1.2203549235131594,0.21284845171645728,1.0,2
9.973476677759976,2.495024468984374,10.733123607069881,8.122216588876515,0.7498340298375519,5.2110644366807675,1.9139039248021021,0.24221288733615348,0.0,1
6.494768437016626,1.13603066413466,7.115417229719827,4.898385841325144,0.8250852705294454,6.373751087190524,1.018986833368707,0.47475021743810475,0.0,1
5.97312725329769,2.7073726611248827,6.614892810220332,3.1175572996468697,0.5467411715311815,5.189105155202922,1.1510900385799,0.23782103104058444,2.0,1
7.303397962872198,0.13800140308813497,8.465662551946277,4.317263909909825,0.9811044935809765,7.440388682426883,0.9815882307495257,0.6880777364853765,6.0,1
4.812668017711525,2.907052757868778,7.3723495436083635,2.300480048294835,0.39595817804796085,5.542772561278792,0.8682780981006333,0.30855451225575836,6.0,1
2.2510025953600143,3.3049522358047385,4.038884425183368,0.0,0.0,4.759580769806746,0.4729413585414188,0.15191615396134922,1.0,1
5.978224066313983,3.0286181867032225,6.180884361511993,4.880065736065157,0.49339165727011813,4.758069268867362,1.2564390572096638,0.15161385377347242,3.0,1
2.486282573551623,1.494528832404991,3.905219829067825,0.7469320550656282,0.39889019522423974,4.636138893555803,0.5362830214184343,0.1272277787111607,6.0,1
5.92529768266536,3.718183118073942,6.196292731749638,4.870880425818704,0.37249007270105594,6.1987503948318725,0.9558858326680648,0.4397500789663745,5.0,1
7.683204654561404,3.2199479870286694,8.901846996586725,5.330137116040186,0.5809108136775929,4.015200181738113,1.9135296639769213,0.003040036347622532,7.0,2
12.168534174467762,0.5773379531592504,13.379094601377712,11.653040757192255,0.952554848030042,6.711861441512654,1.8129894784784677,0.5423722883025308,3.0,1
1.434667972543643,0.8781489924224177,3.37972596967258,0.784652829659714,0.3879078579655795,5.491514614597752,0.26125178083473627,0.29830292291955035,1.0,1
8.45750087802333,2.866987859302074,10.105862778912634,8.341418665412403,0.6610124077253255,6.762394154801074,1.2506666550956347,0.5524788309602148,1.0,1
6.492822239800928,1.3023726010021175,9.117086586818186,4.666003219786951,0.7994134826272329,8.677127067207916,0.7482686596048843,0.9354254134415833,5.0,0
1.24313353844967,0.5374482365080663,1.291959086446087,0.0,0.5676665298739137,8.345238050917418,0.1489632208050684,0.8690476101834836,0.0,0
3.9945781112646443,0.697360469174515,6.316574577548591,3.984491252570508,0.8254232487761424,6.882149199692278,0.5804259680163943,0.5764298399384555,3.0,0
2.4218230282576187,0.7452773124318028,2.489798051125144,0.889465736274867,0.6922659898200767,6.090351563193625,0.3976491345579526,0.418070312638725,2.0,0
3.601529748777337,2.15005908068272,4.514399234206435,2.470906133308015,0.40301504342352545,7.491813355412533,0.4807287071794677,0.6983626710825066,7.0,1
4.294842921531018,2.733234540432738,6.933832336069708,1.9177005760747146,0.3636008137269897,8.615696663122606,0.498490498152523,0.9231393326245211,7.0,1
5.815676024586356,0.7938102368448673,7.886918539617721,5.699003786590426,0.8635050794629971,6.447735339697749,0.9019718890724473,0.4895470679395498,3.0,1
7.348472721866683,3.206234746634495,7.864462756965112,7.202775655412447,0.5636869227133721,4.496538620426593,1.6342509966409502,0.09930772408531859,4.0,1
1.0118799271166332,1.2645567337568782,2.484233559452462,0.0,0.0,7.83044100211995,0.12922387472719418,0.76608820042399,3.0,0
2.9424323275448896,1.4020116227728239,5.1081448704788475,1.1675157638055977,0.523519501315894,4.052395769471921,0.7260969793995038,0.010479153894384119,6.0,2
2.1227966273056085,1.005743794833484,4.934826591324196,0.0,0.5262175462799564,7.823192398203369,0.27134659602557115,0.7646384796406738,2.0,0
7.596080791152925,3.5334276117443597,9.499044388807537,5.819280123680842,0.534835435681555,4.42458301943285,1.7167902054929918,0.08491660388657003,5.0,2
4.948898444815238,4.319162248215947,5.02292467911402,2.1007859590407336,0.12724775091294105,4.533082871831435,1.0917290913801025,0.10661657436628698,7.0,2
7.580772832416617,2.216249319051417,9.079878411505469,6.637618905713351,0.707648630549332,7.90853435005763,0.9585559721772435,0.7817068700115261,1.0,0
3.661879626096134,0.1891378864439649,4.120764543608617,2.4681154068817333,0.9483495074234317,7.447608524477027,0.491685299255612,0.6895217048954054,1.0,0
1.2907522490510184,1.1725619239146414,1.4340909004757822,0.0,0.0915670108057316,6.80951564668319,0.189551256803371,0.561903129336638,3.0,1
12.296402815242962,0.7112263100348073,14.091934719287714,11.973830085127627,0.9421598071630224,8.102925963550968,1.517526245526039,0.8205851927101936,6.0,1
2.2996974542679283,3.7924302818340805,4.630463161799202,0.0,0.0,8.256842553718817,0.27852020179701287,0.8513685107437634,5.0,1
2.5223049755406017,0.3818429434494232,2.6304866420298145,2.4875988315592807,0.8486134915673378,6.287561278281434,0.4011579154310872,0.4575122556562867,1.0,0
2.758561918121686,4.349143083097727,5.109329731018244,1.299022169911629,0.0,8.981493435272688,0.30713844395722517,0.9962986870545375,2.0,0
12.775318287919273,2.648311994810817,14.894481927353798,12.31511127581325,0.7927008990989179,5.787899698195536,2.207245970745168,0.3575799396391073,5.0,2
8.411922882039953,2.3298290418337344,10.667883546545037,6.615337770855758,0.7230325248454093,4.857538833103991,1.7317252977398625,0.1715077666207982,7.0,2
8.323479420446207,3.8130778008863406,9.057664538593308,5.928969511322722,0.5418889615417672,8.229882215599458,1.0113728486501712,0.8459764431198916,3.0,1
12.840378418222356,0.12396429581155272,14.021164784702643,12.741251511170294,0.9903457443562855,6.0778513977966515,2.1126509316889948,0.4155702795593303,0.0,1
2.0612652312958573,3.497187372331543,2.420517712917514,1.5699470515206215,0.0,8.372498256143071,0.24619476388465836,0.8744996512286143,0.0,0
12.69401071050747,0.5247182050583246,13.41068356121087,11.666179567021763,0.9586641119954319,4.30583172245202,2.9480972617477663,0.061166344490404076,0.0,2
3.448157758648491,3.7835014452319444,4.356526773080781,2.680760861081469,0.0,4.555260557533208,0.7569616962845608,0.11105211150664154,1.0,1
8.476858042744425,2.3812929865703785,9.435167961354784,7.327198373325659,0.7190830642010583,4.201363306119812,2.0176446132132444,0.04027266122396238,3.0,1
6.0410027836335,0.27508231062041305,6.566122447923935,3.185397884181145,0.9544641311264289,7.010054801512051,0.8617625617321096,0.6020109603024102,2.0,0
5.607421761726139,3.74960267460596,6.1735571559395686,5.303803379405418,0.3313143127204835,8.159320905582499,0.687241233261167,0.8318641811164997,2.0,1
12.17491994175355,0.12291352682063239,14.87933114113003,10.905073615756235,0.98990436673024,6.013303918043359,2.0246639963135427,0.40266078360867186,6.0,1
2.7907327412830774,0.6226681180212157,5.142413585729894,1.4194586264603288,0.7768800613508638,4.453477248355119,0.6266412930062296,0.0906954496710238,3.0,1
12.964828132914922,3.59021035721983,13.998261243389233,12.123801977427433,0.7230807596974576,5.867344137154767,2.2096587194904025,0.37346882743095333,5.0,2
5.549500733098583,2.0919200573605092,8.392431351541465,4.713981060035874,0.6230435568944455,5.74023066169865,0.9667731246633169,0.34804613233973003,4.0,1
8.785298846662652,3.9662491695967517,9.502066985039624,6.64104236141469,0.5485356572584386,7.217359623820574,1.2172455447096144,0.6434719247641147,1.0,1
12.614880777800321,2.8594317275598757,13.835342138150473,10.761349249847374,0.7733286760353767,7.260758143981669,1.737405451007427,0.6521516287963338,7.0,1
1.6912126045476974,2.805879394666836,4.131788538851409,0.0,0.0,4.515118586256765,0.37456659714220003,0.10302371725135302,3.0,1
12.074372355102287,1.315057977594067,13.403031465713168,10.85915268766813,0.8910868458484833,6.100883887627637,1.9791185306097467,0.42017677752552735,6.0,2
7.813736624252119,0.601562355982801,8.517612592976556,5.9936035433131,0.9230122046709786,7.212572634093827,1.0833494538850936,0.6425145268187654,0.0,0
9.452762547729428,4.325275759035072,10.558368950593893,6.771998125681675,0.5424326235642076,5.294306045950174,1.785458276436479,0.2588612091900348,6.0,2
2.7902102066361802,0.4715896011452782,4.292373423760225,0.2362247914870239,0.8309842032605075,6.035401432642388,0.4623073109181049,0.4070802865284776,5.0,0
7.400649169972387,2.380547700331054,9.262582320953399,4.64057899247251,0.6783325833103995,7.068474658225094,1.0469938038698017,0.6136949316450189,1.0,1
9.082164576702924,1.2265586587565112,10.298984075447494,8.275239509118249,0.8649486420998346,6.014353506224509,1.5100816018385697,0.4028707012449019,6.0,1
6.474967688652182,1.1886329861165463,7.768880682012105,3.5187041350558212,0.81642642198822,4.15430485782784,1.5586164015988337,0.03086097156556793,5.0,1
2.8598221372726806,2.6756379868626587,3.6516529756769565,0.41065239085843075,0.06440405786412728,5.113079977147529,0.5593149628119274,0.2226159954295058,7.0,1
3.9294289010269194,3.59070352730491,5.535470796279155,1.5450054829030098,0.08620218923759804,7.880404572327619,0.4986328893348038,0.7760809144655237,1.0,1
11.252713491921982,3.497307672740754,11.911082193230621,9.249977689046005,0.6892031708395157,5.242520393750153,2.146431992012249,0.24850407875003064,7.0,2
1.4136519139931534,3.9096076013709906,4.016230568317381,0.0,0.0,8.08855723032307,0.17477182564691945,0.8177114460646141,6.0,1
9.506344941289749,1.3180623206056519,11.748446152088654,8.181655257150307,0.861349201112954,6.334539128509119,1.5007161134273612,0.4669078257018239,2.0,1
12.992680438174322,2.095881217717832,14.223517403416874,10.768062523887089,0.8386875419824966,6.36460568598639,2.0413959763103073,0.4729211371972781,2.0,1
1.0897959532811994,0.0420055794901123,3.3314794943797423,0.0,0.9614555556353093,7.8525810766568895,0.1387818785495638,0.7705162153313779,2.0,0
2.932548193839279,3.360859304113645,2.953536019267398,0.7362814744980821,0.0,5.916467565079476,0.495658627649366,0.3832935130158951,3.0,1
9.089731610717614,1.3605440046402737,10.123199278644803,6.835337168209843,0.8503207726137844,5.1924029607618545,1.750582857187171,0.23848059215237088,7.0,1
1.7198900150241792,2.5267208997158392,3.040793459464545,1.1476223416605391,0.0,4.525161883587166,0.3800725939247052,0.10503237671743318,6.0,1
8.077479806270308,0.7618512690875281,9.486875328907399,7.030325397163101,0.9056820583449647,7.35954938084384,1.097550867352717,0.6719098761687681,1.0,1
9.208001242732674,3.687297782104478,11.45419567586369,8.03123925525496,0.5995550299241497,6.349712698964417,1.4501445465767953,0.4699425397928835,1.0,1
8.057756177368843,3.67772498675225,10.946178460053984,5.8137567354289565,0.5435795144705949,8.047034403500634,1.0013323882228644,0.8094068807001268,0.0,1
5.382216436252806,3.9485381163883,6.522207827581215,3.2334725090948933,0.2663732194431516,6.288373542871532,0.855899605765955,0.45767470857430637,4.0,1
9.367387551839666,0.20671648698025274,10.41918710042329,6.867288936132509,0.9779323225567137,6.074053375574204,1.5421971083607955,0.41481067511484077,2.0,1
8.131533136165846,4.466064193987561,9.963078815907034,5.765975662494838,0.4507721829080087,5.494260420373687,1.4800050441753156,0.29885208407473735,6.0,2
3.491646065127037,1.1150073649786254,4.335406907701774,1.7035444269588047,0.680664264309373,4.997139364701789,0.6987289747792346,0.19942787294035788,6.0,1
7.757626523021317,1.3924515872130725,8.181677524466885,7.33778106355899,0.8205054621950577,8.152184723242323,0.9516009249525347,0.8304369446484646,1.0,0
11.582886605667131,1.1220107813570075,14.467509217143727,9.676520827970036,0.9031320240320713,4.476056854733832,2.5877434048714525,0.09521137094676639,5.0,1
9.0019994282854,1.2038971426493956,11.430589298712466,6.340821577372962,0.8662633615742519,8.510638616758229,1.0577348931911685,0.9021277233516457,6.0,1
6.661498088726166,2.48697610246641,9.53699674779855,4.731974998556972,0.6266641423082691,4.1345457561867525,1.6111801589710775,0.026909151237350493,7.0,2
4.8590092344334135,1.0791474493670081,5.512507870485163,2.1721299487001886,0.7779079237553985,6.6112616761610425,0.7349594483537205,0.5222523352322085,5.0,1
2.0306345132508743,1.7719709013018214,2.084062158159886,0.0,0.12738068335840225,4.291642810755421,0.47316018662173775,0.058328562151084284,2.0,1
3.9355255931083444,2.950229620994469,5.247310320322663,2.857918894037746,0.2503594370823725,7.898035606548165,0.4982917005141694,0.7796071213096329,7.0,1
1.1342410370425227,3.7621179160997706,3.9350679260172665,0.0,0.0,5.057482620295566,0.22426988329941824,0.21149652405911326,2.0,1
12.839511010299573,3.1173367512009578,13.25448702691485,11.219635112498057,0.757207517583785,6.829612881182678,1.879976395979294,0.5659225762365356,6.0,0
3.6697870255448795,2.6744528015429543,4.021343594048675,2.3048716234203828,0.27122397487198613,8.582230512954721,0.42760294308168517,0.9164461025909443,3.0,0
10.778511312224472,0.6647785314348091,10.985369664961999,10.058910076147088,0.9383237153835104,7.246294678062131,1.4874514204971525,0.6492589356124261,7.0,1
3.0237385816597433,3.6725202069357716,5.3187925784556676,2.28599479367195,0.0,4.891599824869577,0.6181492129193875,0.17831996497391547,6.0,1
4.403213795266887,0.16773699596867409,6.760993396767503,3.848296934986974,0.9619057797854426,7.983388843774503,0.5515469534846146,0.7966777687549007,4.0,0
6.0193278307404015,1.1888624845588593,8.105455997730793,4.124877311243577,0.8024924845449688,6.207398034041747,0.969702248467078,0.44147960680834936,1.0,1
4.892867969699261,0.25676512619382535,5.052743505066269,4.466708679769952,0.9475225720816646,4.0658836917137835,1.203395950472184,0.0131767383427567,1.0,1
10.580209753118332,3.0034303901300814,12.750074760563944,9.28605034366718,0.7161275191878995,6.4338248505391755,1.6444665496655035,0.4867649701078351,7.0,1
12.492320896185078,1.6576698716708151,13.838207321570138,10.922321178368495,0.8673048919054716,8.062423386316702,1.5494498735190045,0.8124846772633404,6.0,1
11.503533803810182,2.9342181744219005,11.977217069619996,10.188830372243272,0.744928973612436,6.149788154168065,1.8705577355560736,0.429957630833613,4.0,1
2.8429344033730786,1.5616393168661564,3.7283124348268846,0.2781458629513289,0.45069456579325007,7.792140252399962,0.36484641077879226,0.7584280504799924,7.0,0
10.320264116191483,2.050833288597724,11.823704635990365,8.990756036809902,0.8012809298765748,7.527629422672026,1.3709846137096606,0.7055258845344052,6.0,2
2.7753629596565372,2.060824545747814,3.7643173764655806,2.5268666807636295,0.2574576458270347,6.2845615866914235,0.44161600158932607,0.4569123173382847,3.0,1
11.960573278745215,0.2051129415039507,14.869820958969992,8.983974655227273,0.9828509105104142,5.6164129251272366,2.1295751288575806,0.3232825850254473,6.0,2
7.214542908022941,1.936019368557016,8.63876813314454,4.679592134842303,0.7316504464331256,7.632700007810781,0.9452150484939894,0.7265400015621563,6.0,1
5.036573056680481,2.884789634018412,6.153024587436912,3.056442600462482,0.4272316510544717,5.844592088691827,0.8617492855361611,0.36891841773836537,3.0,1
2.8843059680103136,2.457235107339452,4.903802254914424,0.6153351055844909,0.1480671140327976,4.8504355336432585,0.5946488615309673,0.1700871067286517,0.0,1
1.1417090581480553,0.33877694825229265,3.0933442287157997,0.7571369588835231,0.7032720850951149,5.604315307639897,0.2037196330819678,0.32086306152797944,5.0,0
3.975363899930617,3.00625193559037,3.9826817411464193,1.6776195176210926,0.2437794347222304,8.384195964640242,0.4741496879004779,0.8768391929280483,2.0,0
11.968240759375742,1.3898823971186742,13.823661854277972,11.344993934239458,0.8838691145121006,5.416945560686928,2.209407612702321,0.2833891121373856,2.0,1
10.56714630726673,0.06495661250559942,11.29845323157383,9.100217918544804,0.993852965538962,5.174802674223681,2.0420385032076616,0.2349605348447362,5.0,1
12.637524493008634,0.7001800068791035,13.763225417772398,12.103576125035783,0.9445951612385433,4.667100353652811,2.707789320004142,0.1334200707305621,6.0,2
2.2091382534564765,2.2390184579245176,4.328184925661009,0.0,0.0,4.27588922283862,0.5166500202243087,0.05517784456772397,0.0,1
8.106144922068033,1.3968074656353089,9.77830358510012,7.368343280530692,0.827685357335191,8.883461770998158,0.9124984303452701,0.9766923541996316,6.0,0
4.0858056883693195,3.1247235618909786,5.19177112083461,3.3261804328942413,0.23522462882025041,6.683884136303052,0.6112921177339908,0.5367768272606105,2.0,1
7.5153004692688885,1.08294064004594,8.01753152478026,7.187633421247991,0.8559018838336224,7.648222303103488,0.9826205582726508,0.7296444606206975,4.0,1
4.845458626761461,3.477582758138259,6.361905188504721,2.683639255869846,0.2823005981453285,7.864867234343526,0.616089055591783,0.7729734468687053,6.0,1
4.40158660292029,1.2891473162729097,5.359684673441899,3.5140527105776562,0.7071175845051854,5.761584973602362,0.7639541242708168,0.35231699472047245,1.0,1
7.88614362429517,2.7938866841298706,10.624927049519396,6.331303584689268,0.6457220642643855,7.994529550806105,0.9864424884763849,0.7989059101612209,1.0,1
3.1998179424344837,3.5964737111303107,4.802857863301636,2.203087270333366,0.0,8.807421222100244,0.3633092890351673,0.9614842444200488,7.0,1
6.629601243665402,1.73500257889687,9.22749322617664,4.305497467198702,0.7382945798505349,7.708809251202671,0.8600032803550174,0.7417618502405341,2.0,0
8.809747180528417,0.21062223816961706,9.980290265978951,8.130296211046414,0.9760921359201838,7.558665633313895,1.165516191336806,0.711733126662779,7.0,1
2.5381848781936487,2.409504844764964,5.02049636955753,0.0,0.05069765978602103,6.1611689329101,0.41196482450527283,0.43223378658202005,2.0,1
12.167131250522848,4.479340776950251,12.336741957039084,11.203111325853726,0.6318490624683806,8.206600629043974,1.4826030655692155,0.8413201258087948,4.0,1
7.068696393449498,4.360463398696111,7.963053470153543,6.757141529577246,0.3831304732882691,4.444186875616748,1.590548865582645,0.08883737512334963,4.0,2
10.834335662612107,0.994599872748757,11.068863461746204,10.11341996416731,0.908199274628255,7.748418561209743,1.398264120223336,0.7496837122419485,7.0,1
8.84686516745276,3.4006342924091357,8.941815709597382,8.625042380251235,0.6156113800716752,5.809967710714286,1.5227047047332236,0.36199354214285717,4.0,1
9.520011294670546,1.5522832431902969,12.276598030639903,8.113795101693272,0.8369452309306303,6.829869578988957,1.3938789291024527,0.5659739157977913,4.0,1
9.593571291914056,0.7212261608239117,11.744177525113095,8.84281762974365,0.924821931387345,8.464818849485136,1.1333463199271625,0.8929637698970272,3.0,1
11.501198764737671,2.9966161527112196,13.376528958143084,8.843060631403041,0.7394518420202636,7.025097799772376,1.6371585268336517,0.6050195599544752,3.0,1
8.36326522056309,2.2539092828704606,9.960743648798589,6.811879359902651,0.7304988872852334,4.127907651812331,2.0260301164662087,0.025581530362466152,3.0,1
4.338605820656675,2.4265375094505477,6.047267929307202,3.6385004744688163,0.4407103088514098,7.613024227615481,0.5698925539890991,0.7226048455230962,3.0,0
2.194115714385486,3.723266980059788,4.1101868585448464,0.8403047246706616,0.0,8.645122531018197,0.2537981048288357,0.9290245062036394,6.0,0
8.275007433401697,1.5144465414934039,10.754746817622006,7.687024616980424,0.8169854766075003,7.210059726552796,1.1477030353752788,0.6420119453105592,0.0,1
1.7962336452469727,3.0019264180004837,3.5868993126335575,1.2600455174722174,0.0,8.307100387297869,0.21622871537625069,0.8614200774595737,4.0,0
3.8955214202743624,1.6478616013318137,6.14126370960701,2.9935520098740307,0.5769856141066336,8.126478776709671,0.4793615448106319,0.8252957553419342,4.0,0
1.7284862152229405,0.19225753461193135,2.5714203707121452,1.4035818209161004,0.888771149622889,8.306461414919813,0.2080893570538095,0.8612922829839625,6.0,0
7.586651068078805,1.7010679830135702,10.51693628152822,7.0207084573461325,0.7757814393005505,5.720502013461374,1.326221204052729,0.3441004026922748,5.0,1
2.9240574993144164,4.275155084418606,3.0197491246255033,0.1099168803281505,0.0,6.370817635543406,0.45897680118809514,0.4741635271086812,3.0,1
8.324887833201679,2.1746811693978767,9.484617619033624,6.324479929109293,0.7387735170767444,8.240167525148658,1.01028138175522,0.8480335050297316,0.0,0
10.490381570359212,0.48703696576590677,13.136530224870324,7.727073579987414,0.953572998036407,8.551992874657277,1.2266592973254338,0.9103985749314554,2.0,1
10.862568649262348,3.0952207321930163,11.404137537320919,10.092027824858997,0.7150562788477102,4.734207496298732,2.2944851187352584,0.1468414992597465,2.0,2
4.714522097651529,4.335207073733345,5.138536376452503,2.143482090248758,0.08045672839398377,4.90766189795742,0.9606452513800359,0.1815323795914839,1.0,1
7.587454392333952,4.085753609449157,8.683746693033692,6.500635971772001,0.46151193823619785,5.734148000274672,1.3232051896760433,0.3468296000549344,5.0,1
7.756129121036308,2.573823770136624,9.04071322258679,7.32354417766885,0.668156147226088,7.85148914089679,0.9878545307585319,0.770297828179358,3.0,1
6.6746461858499995,1.6932633495683904,9.474828367835183,4.260524885837409,0.7463141412412173,8.374905786289474,0.7969816444713965,0.8749811572578949,6.0,0
8.861366697097179,2.613049508291582,11.369725301223642,8.682416301508928,0.7051189057385957,6.901200707016727,1.2840326014699837,0.5802401414033455,1.0,1
3.5210454858824027,3.6716897798966226,4.913314398953945,2.306486969077504,0.0,4.566340876966155,0.7710868681844358,0.11326817539323102,7.0,2
12.750918875041531,3.8755680390830443,15.66984417768634,10.292974869506601,0.6960557841310537,5.51874114983583,2.3104759815417037,0.30374822996716605,3.0,2
2.1769579250911892,3.6847974822409855,4.103793137568382,0.3254031487516613,0.0,8.285115032388159,0.2627553047339752,0.8570230064776319,2.0,0
