avg_score,min_score,max_score,backlogs,project_failures,num_below_50,failure_class
65.24262158184936,61.85668203951035,68.62856112418837,3.0,1.0,0.0,0
49.597887036744616,31.03288623740509,68.16288783608414,0.0,2.0,1.0,2
94.0992243692601,88.55282729704192,99.64562144147828,3.0,2.0,0.0,0
85.99574381583471,77.76266639663162,94.22882123503781,0.0,0.0,0.0,0
81.5443096187902,80.64463116133433,82.44398807624606,3.0,0.0,0.0,0
37.250500975722304,26.499873511718068,48.00112843972654,1.0,0.0,2.0,3
29.26855202410287,25.493832571705113,33.04327147650063,3.0,1.0,2.0,3
33.34558038180044,24.72406061419832,41.967100149402555,2.0,1.0,2.0,3
39.40168208121106,21.013567880680757,57.78979628174136,3.0,0.0,2.0,3
26.127412032939507,21.075957034446972,31.17886703143204,1.0,1.0,2.0,3
86.631674687591,73.93329714290253,99.33005223227947,2.0,2.0,0.0,0
33.89008112159301,29.850288028502373,37.92987421468365,4.0,2.0,2.0,3
36.995719115201496,24.798784201468948,49.192654028934044,4.0,3.0,2.0,3
86.61187668101779,80.82879204139105,92.39496132064453,2.0,2.0,0.0,0
91.8607400697519,78.22946852925028,100.0,4.0,3.0,0.0,0
36.633584426416746,21.221133349046358,52.04603550378714,0.0,3.0,2.0,3
42.06380697429704,24.45028367674946,59.67733027184461,3.0,3.0,2.0,2
80.00771729270248,61.63581489762826,98.37961968777671,3.0,1.0,0.0,2
92.76979156731534,87.9437534746627,97.59582965996798,1.0,0.0,0.0,0
68.72570729653665,66.14583177379035,71.30558281928296,1.0,0.0,0.0,0
53.19385130966055,52.223507542541206,54.1641950767799,2.0,3.0,0.0,0
70.59346566806009,56.18630832376246,85.00062301235772,3.0,3.0,0.0,0
78.52126331127376,74.78341669316947,82.25910992937804,3.0,1.0,0.0,0
28.449192776264212,12.44586206588152,44.4525234866469,3.0,2.0,3.0,3
52.647376628930665,33.35101354523431,71.94373971262702,3.0,1.0,1.0,2
84.29765476768415,81.33836395936066,87.25694557600764,4.0,0.0,0.0,0
72.90685055871612,67.24023463578615,78.57346648164608,4.0,2.0,0.0,0
31.53307317594087,21.051779126538257,42.014367225343484,2.0,0.0,2.0,3
76.64098941914773,68.03000498072842,85.25197385756704,0.0,0.0,0.0,0
70.05808355798627,61.539250882699896,78.57691623327263,1.0,1.0,0.0,0
39.8486576505463,35.50654580570594,44.19076949538666,0.0,0.0,1.0,1
45.800216173052576,28.01591567161799,63.58451667448716,2.0,1.0,2.0,2
43.580487119309275,29.948700965057217,57.21227327356134,4.0,3.0,2.0,0
94.49364029775987,91.41627451063744,97.5710060848823,2.0,2.0,0.0,0
33.77910311190981,33.69032232230115,33.867883901518475,4.0,0.0,1.0,3
82.20614755779341,66.95248859461532,97.45980652097151,2.0,0.0,0.0,2
59.797656475560714,59.480504069150264,60.114808881971165,2.0,3.0,0.0,0
86.03912636059722,68.43079433870707,100.0,0.0,3.0,0.0,2
93.63958514312792,83.05105597216195,100.0,3.0,3.0,0.0,0
92.08123197010477,73.47951791761075,100.0,1.0,2.0,0.0,2
84.0689787716535,68.63184821357872,99.50610932972829,2.0,1.0,0.0,2
51.017916022365974,33.131043975159116,68.90478806957283,4.0,3.0,1.0,2
40.345395452102416,25.46904123975394,55.2217496644509,1.0,3.0,2.0,0
43.962304451797884,32.429965345347426,55.49464355824834,4.0,0.0,1.0,0
68.98535235416757,65.52414690388076,72.44655780445439,4.0,3.0,0.0,0
45.639541718606665,31.086611311995505,60.192472125217826,0.0,2.0,1.0,0
52.61664828962238,40.77049881240284,64.46279776684193,1.0,0.0,0.0,0
25.98022949521021,16.88706286047391,35.07339612994651,4.0,3.0,3.0,3
77.82587169802854,66.65404589684309,88.99769749921398,2.0,0.0,0.0,0
28.36020191964824,23.715074136214625,33.005329703081856,3.0,0.0,2.0,3
45.276991425525146,37.18844685093962,53.36553600011067,4.0,1.0,1.0,0
64.28254791703216,61.79859527636195,66.76650055770237,0.0,2.0,0.0,0
59.83811383057763,51.64272120209242,68.03350645906285,3.0,1.0,0.0,0
86.98479218172896,77.64614307920215,96.32344128425578,4.0,0.0,0.0,0
69.40161027877794,52.246168526088795,86.55705203146708,2.0,2.0,0.0,2
79.17835839328215,68.63476179490162,89.72195499166268,4.0,1.0,0.0,0
42.758444406050494,24.58107351690752,60.935815295193464,3.0,0.0,2.0,2
29.91930025913091,10.560943311141575,49.27765720712024,3.0,3.0,3.0,3
75.74974993260653,74.76999745334025,76.72950241187282,0.0,1.0,0.0,0
31.518423351447176,19.57555428509481,43.46129241779954,3.0,2.0,3.0,3
82.56246527915692,76.57779165356698,88.54713890474687,4.0,1.0,0.0,0
90.72630823972649,73.69979585453777,100.0,1.0,3.0,0.0,2
41.21958945094739,31.338030086725446,51.10114881516933,0.0,1.0,1.0,0
77.07537779291992,75.51367379329456,78.63708179254529,2.0,0.0,0.0,0
52.80037389067597,48.50024129804418,57.10050648330776,4.0,0.0,0.0,0
42.42480093054335,28.947037561982782,55.902564299103915,3.0,3.0,2.0,0
52.33575000352613,50.74344820532384,53.92805180172842,4.0,2.0,0.0,0
68.50754628067295,60.92597833446094,76.08911422688497,2.0,2.0,0.0,0
94.10512049114827,76.67268317070982,100.0,2.0,2.0,0.0,2
42.50328002567201,41.91925179205515,43.087308259288875,1.0,0.0,0.0,0
72.94573961398427,59.02173219756077,86.86974703040777,4.0,1.0,0.0,0
45.11525773705438,31.605574278972465,58.62494119513629,3.0,3.0,1.0,0
38.85455561447234,32.43981658896282,45.26929463998186,3.0,1.0,1.0,3
67.38816063173908,65.13382716045737,69.6424941030208,4.0,0.0,0.0,0
77.09660395074116,75.04845856530872,79.14474933617359,4.0,3.0,0.0,0
73.80395237895763,54.41939141477559,93.18851334313968,4.0,0.0,0.0,2
90.69392589449663,77.15560013095552,100.0,2.0,2.0,0.0,0
28.052687808322407,20.532863426137695,35.57251219050712,0.0,3.0,2.0,3
60.54977480503885,43.87886593437297,77.22068367570473,2.0,2.0,0.0,2
41.81328450172973,39.74656039897549,43.880008604483976,2.0,0.0,1.0,0
81.27178089662068,78.73322317953664,83.81033861370473,4.0,3.0,0.0,0
24.651991380916222,20.700731905138213,28.60325085669423,0.0,0.0,2.0,3
33.18525889716993,17.9140108618033,48.45650693253656,4.0,3.0,3.0,3
77.90214213103437,69.72422793699269,86.08005632507604,3.0,0.0,0.0,0
46.598099034555446,33.74657311047311,59.449624958637784,0.0,1.0,1.0,0
71.13500846073852,66.48598591073554,75.7840310107415,1.0,3.0,0.0,0
94.88792582799249,79.3419602389662,100.0,0.0,1.0,0.0,2
54.48868273007443,38.45537815167211,70.52198730847675,4.0,0.0,1.0,2
59.973818027609724,51.708660185028656,68.23897587019079,3.0,0.0,0.0,0
93.1496047408467,88.96396166235614,97.33524781933725,3.0,1.0,0.0,0
75.9795116643654,63.37850614729436,88.58051718143645,2.0,1.0,0.0,0
34.75677481055017,29.634067188065934,39.879482433034404,2.0,0.0,2.0,3
80.32251618667165,77.35665261571108,83.28837975763221,0.0,1.0,0.0,0
58.68938087580788,46.37342959227345,71.0053321593423,3.0,1.0,0.0,0
79.05270596479147,68.79453012176106,89.31088180782189,0.0,2.0,0.0,0
64.89143936540255,49.22229544784463,80.56058328296047,1.0,1.0,0.0,2
37.04985896387917,31.203669001749127,42.89604892600921,4.0,1.0,1.0,3
81.08296845626126,76.5769200882724,85.58901682425011,0.0,3.0,0.0,0
20.151990029757066,7.341532328729318,32.96244773078482,4.0,3.0,4.0,3
86.60226652701337,72.58106351463837,100.0,0.0,3.0,0.0,0
81.39569192953755,73.12842168698486,89.66296217209023,2.0,1.0,0.0,0
92.76049938293752,83.91330404781661,100.0,2.0,3.0,0.0,0
22.665330553153623,20.194430832626626,25.13623027368062,0.0,1.0,2.0,3
52.82258771610961,43.43420546771584,62.21096996450338,4.0,2.0,0.0,0
32.68486567932044,13.458305375547088,51.91142598309379,4.0,3.0,3.0,3
48.04921518524409,45.77525861044725,50.32317176004092,1.0,1.0,0.0,0
46.98435573724646,35.6249965428082,58.34371493168472,1.0,2.0,1.0,0
64.81707967778775,64.44926185329697,65.18489750227852,3.0,0.0,0.0,0
52.807249533639826,46.29977025729805,59.3147288099816,1.0,1.0,0.0,0
92.41799101658461,77.19510425380071,100.0,0.0,2.0,0.0,2
40.83303281431432,29.48980751379431,52.17625811483433,3.0,2.0,2.0,0
51.40628447975838,49.78363790910653,53.02893105041022,1.0,1.0,0.0,0
72.5491100240764,63.51248241777518,81.58573763037762,2.0,2.0,0.0,0
40.74075131838965,39.159235005933915,42.32226763084538,3.0,2.0,1.0,0
74.28583207533286,66.81524285430505,81.75642129636067,2.0,3.0,0.0,0
73.15343698005698,57.77434888183329,88.53252507828067,4.0,0.0,0.0,2
73.41786668109245,68.25287354840938,78.58285981377551,3.0,2.0,0.0,0
70.63073192871316,61.56294516122242,79.6985186962039,4.0,2.0,0.0,0
81.30952662927065,71.30274323988304,91.31631001865826,4.0,1.0,0.0,0
94.61987724355774,77.55436100476099,100.0,3.0,1.0,0.0,2
24.150234144956425,21.720166933197603,26.580301356715246,2.0,2.0,2.0,3
57.28599814068056,46.27762717621557,68.29436910514555,2.0,1.0,0.0,0
80.98106975146867,80.3652699926958,81.59686951024153,3.0,1.0,0.0,0
20.00354073719161,18.136799244986,21.87028222939722,0.0,3.0,3.0,3
60.886493337847284,56.4720354287239,65.30095124697067,2.0,1.0,0.0,0
69.48486617034261,55.09058070384117,83.87915163684406,1.0,0.0,0.0,0
34.38070051687031,33.55852416794414,35.20287686579648,2.0,0.0,1.0,3
50.06153774883096,31.160155431589637,68.96292006607229,4.0,0.0,1.0,2
79.20883951665566,70.65548296391734,87.76219606939398,2.0,2.0,0.0,0
25.001204077872014,8.228165269683462,41.77424288606056,2.0,0.0,4.0,3
30.115004985021216,25.67749025390041,34.55251971614202,2.0,0.0,2.0,3
81.3552103732485,74.59899627686325,88.11142446963375,1.0,1.0,0.0,0
80.69041282653095,66.15009629090056,95.23072936216133,3.0,0.0,0.0,0
64.28025228004701,56.696308692039,71.86419586805502,1.0,2.0,0.0,0
51.213998916374244,41.06424099965821,61.36375683309028,4.0,0.0,0.0,0
27.923880880799615,11.73883625525351,44.10892550634572,0.0,3.0,3.0,3
80.85779703848644,67.83589396948679,93.87970010748609,1.0,3.0,0.0,0
38.13090208552652,21.413381564124133,54.84842260692891,3.0,3.0,2.0,3
88.48931431846007,86.7595894734354,90.21903916348475,0.0,0.0,0.0,0
78.18784892510452,66.02644137208921,90.34925647811983,2.0,2.0,0.0,0
26.07018783806167,14.046101583972547,38.0942740921508,1.0,0.0,3.0,3
67.66198287252737,55.52001218262038,79.80395356243437,4.0,2.0,0.0,0
89.0469502448832,77.27074597102784,100.0,0.0,3.0,0.0,0
85.93761513802576,71.4608539983719,100.0,2.0,1.0,0.0,0
66.00146594118648,49.12073830683258,82.88219357554038,2.0,1.0,0.0,2
32.89692603594482,28.30496775298841,37.488884318901235,4.0,3.0,2.0,3
71.01813674913969,68.926860313203,73.10941318507638,2.0,0.0,0.0,0
69.9606543642329,68.48114746864846,71.44016125981733,0.0,2.0,0.0,0
64.15510386598498,60.98654475014143,67.32366298182853,4.0,1.0,0.0,0
39.93071398578137,26.81165936631716,53.049768605245575,0.0,0.0,2.0,3
87.52226171073478,79.19229443694081,95.85222898452875,3.0,2.0,0.0,0
57.693267696219955,50.703474955966826,64.68306043647308,1.0,3.0,0.0,0
42.28364184694576,24.084622336099542,60.48266135779198,0.0,2.0,2.0,2
39.14165554581458,21.13813796502547,57.14517312660369,0.0,2.0,2.0,3
41.07633729915738,30.298506236292184,51.85416836202258,4.0,2.0,1.0,0
54.58206085580107,45.41205177987845,63.75206993172368,4.0,0.0,0.0,0
37.31386223145042,31.90504790191164,42.72267656098921,3.0,0.0,1.0,3
58.80609238560887,49.60805150560717,68.00413326561056,4.0,2.0,0.0,0
34.40176174270103,26.18337847020893,42.620145015193124,4.0,2.0,2.0,3
40.321395704689124,40.18235892943021,40.46043247994804,1.0,0.0,0.0,0
28.97490903260422,13.80337601803896,44.14644204716948,3.0,0.0,3.0,3
46.80459948846053,38.033133681319356,55.57606529560171,2.0,0.0,1.0,0
50.44772533533796,45.99073928729385,54.904711383382065,0.0,2.0,0.0,0
50.278819755213796,36.953586208957894,63.6040533014697,2.0,1.0,1.0,0
74.36656244964631,65.41319594032277,83.31992895896985,0.0,2.0,0.0,0
56.25208806736989,49.97748720172437,62.52668893301541,3.0,2.0,0.0,0
71.97539797437487,67.35918306849197,76.59161288025777,1.0,0.0,0.0,0
22.485507535280696,21.302674190905115,23.668340879656277,0.0,1.0,2.0,3
52.74414862270192,42.68370660975088,62.804590635652964,3.0,0.0,0.0,0
26.73483477795348,19.22594987292034,34.24371968298662,1.0,0.0,3.0,3
54.657650328002724,53.85106655183534,55.46423410417011,2.0,3.0,0.0,0
66.13996325841352,49.891830655452964,82.38809586137407,0.0,1.0,0.0,2
79.75545368395339,63.5897684079626,95.92113895994419,0.0,3.0,0.0,2
61.26643346333615,51.46592202614751,71.06694490052479,4.0,0.0,0.0,0
48.46267050389431,31.684662409426004,65.24067859836262,2.0,1.0,1.0,2
39.83468264190391,30.214571986449478,49.45479329735834,2.0,2.0,1.0,3
91.80821174381542,88.43015639170595,95.18626709592489,3.0,1.0,0.0,0
34.87141006905233,24.51944652046056,45.2233736176441,3.0,1.0,2.0,3
23.181226894016888,16.929887705356446,29.43256608267733,0.0,0.0,3.0,3
29.440954426716885,20.393662257408177,38.48824659602559,4.0,0.0,2.0,3
94.81288244656545,75.39948450166662,100.0,3.0,3.0,0.0,2
87.95900223226637,80.84838480579818,95.06961965873457,1.0,0.0,0.0,0
44.019340435246306,39.70154342019183,48.33713745030078,1.0,0.0,1.0,0
20.288688284278635,17.717657357605496,22.859719210951774,0.0,1.0,3.0,3
77.54045201506833,59.86189795017667,95.21900607995998,1.0,1.0,0.0,2
42.54021929746887,42.241451351140796,42.83898724379695,1.0,1.0,0.0,0
21.661199995010602,3.5121254944131692,39.810274495608034,1.0,3.0,4.0,3
54.245344263803574,53.009903779704025,55.48078474790312,3.0,3.0,0.0,0
51.8116966844093,36.75850952091034,66.86488384790826,1.0,1.0,1.0,2
47.13189382401486,41.25887480869309,53.004912839336626,2.0,0.0,0.0,0
69.00255483441948,64.00440668422169,74.00070298461728,2.0,0.0,0.0,0
74.45107620215879,70.85236833951826,78.04978406479931,0.0,0.0,0.0,0
61.93878288138648,59.24847955402897,64.629086208744,0.0,0.0,0.0,0
21.049008010723288,19.72431451559649,22.373701505850086,0.0,0.0,3.0,3
21.681198954652242,18.58030702875821,24.782090880546274,3.0,1.0,3.0,3
86.1307827250231,74.36123634099808,97.90032910904812,3.0,2.0,0.0,0
33.9831987135141,22.589626487820617,45.37677093920758,0.0,3.0,2.0,3
49.8548278476714,44.233333995777855,55.47632169956495,3.0,1.0,0.0,0
27.764546683640294,14.16690927428295,41.36218409299764,4.0,1.0,3.0,3
37.19757312980071,21.804992656601343,52.590153603000076,0.0,2.0,2.0,3
56.40152440598387,36.798025486953385,76.00502332501435,0.0,2.0,1.0,2
37.66599263021634,28.870606296641665,46.461378963791006,3.0,2.0,2.0,3
69.43119884137892,61.93941755260262,76.92298013015521,1.0,0.0,0.0,0
47.54813017678771,28.08463297958471,67.0116273739907,1.0,0.0,2.0,2
79.13500750550187,60.29195656512631,97.97805844587744,2.0,2.0,0.0,2
65.14628393052476,46.607326807666695,83.68524105338282,0.0,1.0,0.0,2
39.04737927030325,26.871664259084138,51.223094281522364,2.0,1.0,2.0,3
80.62872245437522,68.27408672255667,92.98335818619377,1.0,3.0,0.0,0
89.90653027144202,71.34692637586261,100.0,4.0,0.0,0.0,2
29.003322426207287,19.406940971211192,38.59970388120338,3.0,1.0,3.0,3
70.22476099691721,65.95525514881439,74.49426684502004,1.0,2.0,0.0,0
67.30966174359756,47.604487291654124,87.014836195541,3.0,2.0,0.0,2
70.22845509882602,53.387060536238806,87.06984966141323,2.0,0.0,0.0,2
22.338931287245874,21.21785546289668,23.46000711159507,2.0,2.0,2.0,3
22.109439604488323,19.860139073838877,24.35874013513777,3.0,1.0,3.0,3
42.11086250434477,24.468512352145,59.75321265654455,1.0,1.0,2.0,2
26.017480670407878,19.99574712867311,32.039214212142646,2.0,2.0,3.0,3
47.45584831662237,33.52813248592769,61.38356414731705,2.0,3.0,1.0,0
85.43155256218918,83.07511490646411,87.78799021791426,3.0,0.0,0.0,0
46.5827210909686,43.1720476445986,49.993394537338595,1.0,0.0,0.0,0
49.46346858066121,34.51613440729864,64.41080275402378,4.0,3.0,1.0,0
40.06415256684596,20.478318826519462,59.64998630717246,1.0,0.0,2.0,2
51.62024077226233,41.57626476412844,61.66421678039622,0.0,0.0,0.0,0
79.81340984726982,78.9550872177031,80.67173247683655,2.0,2.0,0.0,0
82.31685008199769,77.63050964802589,87.00319051596948,1.0,1.0,0.0,0
51.579422504959034,47.325403324259824,55.833441685658244,2.0,3.0,0.0,0
49.764542147139714,31.0590980482575,68.46998624602193,4.0,3.0,1.0,2
34.6299103307746,26.246910506248845,43.012910155300354,0.0,0.0,2.0,3
93.17012367084416,74.21666761034146,100.0,0.0,0.0,0.0,2
43.324648838499016,26.132956623349997,60.516341053648034,1.0,2.0,2.0,2
45.69819781932349,36.68206971145462,54.714325927192355,2.0,1.0,1.0,0
52.23923336622639,51.74203252001703,52.736434212435746,0.0,0.0,0.0,0
26.03251326451994,6.57350288428524,45.49152364475464,3.0,1.0,4.0,3
44.64032201202785,44.43889336210316,44.841750661952545,3.0,2.0,0.0,0
89.79385282767943,72.67125939387866,100.0,3.0,3.0,0.0,2
25.582383248528476,17.31774657994751,33.84701991710944,2.0,1.0,3.0,3
38.03639421341463,32.01021551565686,44.0625729111724,4.0,3.0,1.0,3
36.33132506641693,28.165312865119773,44.49733726771409,3.0,1.0,2.0,3
37.63021459296074,30.492025855868526,44.768403330052955,4.0,2.0,1.0,3
91.59618271628904,77.81379747411087,100.0,0.0,3.0,0.0,0
73.14166144766777,61.68719875088216,84.59612414445338,3.0,3.0,0.0,0
88.98438075043398,83.84628368786048,94.12247781300749,1.0,2.0,0.0,0
84.32079390307423,73.77077091039551,94.87081689575295,0.0,3.0,0.0,0
66.85595696805481,58.75695518043268,74.95495875567694,0.0,0.0,0.0,0
61.985648803263196,43.572723684827466,80.39857392169893,0.0,3.0,0.0,2
58.18249273103163,40.33493199541053,76.03005346665273,0.0,3.0,0.0,2
71.71498459908479,59.36806639368872,84.06190280448085,2.0,3.0,0.0,0
72.63685995351358,53.32950376035619,91.94421614667097,3.0,1.0,0.0,2
64.95931270446614,57.456771742262376,72.46185366666991,2.0,1.0,0.0,0
53.67060606027711,51.911200540400614,55.430011580153604,0.0,2.0,0.0,0
70.65226562251871,69.69921954528854,71.60531169974888,3.0,0.0,0.0,0
31.751312669648918,15.0824079818088,48.42021735748904,0.0,2.0,3.0,3
61.365026446295566,53.6952139941445,69.03483889844662,4.0,1.0,0.0,0
58.94748936035378,41.74201358355664,76.15296513715091,1.0,3.0,0.0,2
60.100614367014366,50.925910569243484,69.27531816478525,0.0,2.0,0.0,0
58.31140454061576,58.087932476613624,58.5348766046179,1.0,1.0,0.0,0
76.2697517453984,65.69678362001558,86.84271987078121,4.0,0.0,0.0,0
76.81196687418372,64.92104312655974,88.70289062180771,4.0,2.0,0.0,0
44.71870658052821,35.688529069957525,53.7488840910989,2.0,2.0,1.0,0
46.306461638884926,29.545776064781045,63.06714721298881,4.0,2.0,2.0,2
21.236452996729632,8.35628982204905,34.116616171410215,1.0,0.0,4.0,3
28.497207498227027,21.202422771536632,35.79199222491742,2.0,1.0,2.0,3
39.67438073637034,25.294332975631775,54.0544284971089,2.0,3.0,2.0,3
77.42827539214254,71.0360066537365,83.82054413054858,1.0,3.0,0.0,0
79.84170099865283,63.07074829183536,96.6126537054703,1.0,1.0,0.0,2
38.60113493427395,32.99906084084362,44.20320902770428,2.0,1.0,1.0,3
85.23164454176337,71.89942296649129,98.56386611703546,3.0,2.0,0.0,0
48.17734767982234,39.87550683047767,56.47918852916701,2.0,0.0,1.0,0
79.85389635079972,77.83023083186839,81.87756186973104,0.0,3.0,0.0,0
55.01403255761712,42.41993727333515,67.60812784189909,2.0,2.0,0.0,0
73.44504187656048,65.78396576087235,81.10611799224861,4.0,3.0,0.0,0
46.72348020555074,34.03821224537349,59.408748165728,0.0,0.0,1.0,0
25.295491917286697,14.49742031905295,36.093563515520444,4.0,0.0,3.0,3
39.05386520086513,38.22196270298955,39.885767698740715,0.0,3.0,1.0,1
72.2816810959047,68.18211542906988,76.38124676273952,0.0,1.0,0.0,0
88.84677464468761,74.83835299110001,100.0,0.0,1.0,0.0,0
67.12186728940752,57.76875055614313,76.4749840226719,1.0,1.0,0.0,0
77.67151228492695,68.34212405845847,87.00090051139543,1.0,1.0,0.0,0
21.059255685926367,21.011283682099076,21.107227689753657,4.0,3.0,2.0,3
77.0047279329042,70.94876398702547,83.06069187878293,2.0,2.0,0.0,0
82.66531260911877,69.2759933450316,96.05463187320595,3.0,0.0,0.0,0
50.948843959668395,33.209082179675136,68.68860573966165,4.0,3.0,1.0,2
57.04185080074094,45.561709499928966,68.52199210155291,0.0,1.0,0.0,0
23.927981317878338,13.11507515225921,34.74088748349747,1.0,2.0,3.0,3
33.097674223711046,23.69137894673051,42.50396950069158,4.0,1.0,2.0,3
24.23578717379975,10.666164696003431,37.805409651596065,3.0,0.0,3.0,3
74.85262509214076,58.89000185100299,90.81524833327852,0.0,1.0,0.0,2
79.98980330890413,75.57612896059669,84.40347765721157,1.0,1.0,0.0,0
28.150013928744443,13.870485590130066,42.42954226735882,1.0,0.0,3.0,3
89.1197017262818,84.24260570116438,93.99679775139923,0.0,3.0,0.0,0
82.96449960267708,82.32865360874132,83.60034559661284,2.0,3.0,0.0,0
63.22137295043307,61.72777534661288,64.71497055425326,3.0,3.0,0.0,0
93.37160788259374,92.44077727062988,94.30243849455759,1.0,0.0,0.0,0
86.18507312394695,80.58160199776025,91.78854425013365,1.0,2.0,0.0,0
36.69813375117648,34.15466773565992,39.241599766693035,2.0,2.0,1.0,3
91.55267652059689,89.84859560127937,93.25675743991441,4.0,2.0,0.0,0
53.2219552997367,50.27021148349459,56.173699115978806,3.0,3.0,0.0,0
31.614943395104156,30.850977349623744,32.378909440584565,4.0,1.0,1.0,3
35.006731733985404,28.135698647632708,41.8777648203381,2.0,1.0,2.0,3
71.31458959720901,54.85826942123033,87.77090977318768,0.0,1.0,0.0,2
94.06688098643744,82.99130931688471,100.0,0.0,2.0,0.0,0
53.395377081940616,52.0960446862859,54.69470947759533,0.0,1.0,0.0,0
62.98510488925194,55.486639285132824,70.48357049337106,2.0,1.0,0.0,0
42.517969165773984,33.921275521253705,51.11466281029426,1.0,0.0,1.0,0
83.40931384512382,79.96108510747155,86.85754258277609,1.0,2.0,0.0,0
28.636696725562324,21.176459167841706,36.09693428328294,4.0,0.0,2.0,3
63.66855148432449,56.933450840650195,70.40365212799878,0.0,1.0,0.0,0
63.966536324638604,54.09036929190356,73.84270335737364,0.0,2.0,0.0,0
20.085480356754815,6.139637219881848,34.03132349362778,1.0,1.0,4.0,3
90.54217901360475,80.96543989589337,100.0,3.0,2.0,0.0,0
93.07567890327392,91.59659788046324,94.55475992608461,4.0,1.0,0.0,0
55.06050799533447,53.95593387753124,56.1650821131377,1.0,0.0,0.0,0
74.42311869823568,56.66393007690384,92.18230731956753,1.0,3.0,0.0,2
83.65339562598585,69.7581143577524,97.5486768942193,2.0,3.0,0.0,0
28.752873513087163,15.609288369133516,41.89645865704081,4.0,0.0,3.0,3
26.346417366339587,8.082391822600776,44.6104429100784,0.0,0.0,4.0,3
71.6982364933216,60.86811921044473,82.52835377619847,4.0,1.0,0.0,0
61.96192341923229,60.48745716296409,63.43638967550049,4.0,2.0,0.0,0
70.95452563995586,56.666831211902334,85.24222006800939,1.0,0.0,0.0,0
62.89973807913246,59.65429265166735,66.14518350659758,3.0,3.0,0.0,0
74.47938295181552,61.15549248678052,87.80327341685053,3.0,0.0,0.0,0
31.61819437436472,23.60404081718398,39.63234793154546,0.0,3.0,2.0,3
36.17136043200686,35.60684424985508,36.735876614158634,2.0,0.0,1.0,1
37.77673745229295,36.66614621508828,38.887328689497615,1.0,3.0,1.0,1
51.2390074022659,43.38632952913193,59.09168527539987,0.0,3.0,0.0,0
76.96702541114612,65.07616282601998,88.85788799627227,2.0,3.0,0.0,0
82.35476085088082,78.93681660535394,85.7727050964077,3.0,3.0,0.0,0
50.09724536352906,47.96224772081316,52.232243006244964,2.0,1.0,0.0,0
65.15373347690019,57.62912503527179,72.67834191852859,0.0,2.0,0.0,0
42.13838003482036,26.054765464220583,58.221994605420136,4.0,2.0,2.0,2
55.683267907561905,40.00315754062763,71.36337827449617,0.0,0.0,0.0,2
90.56828965670381,76.88548707004932,100.0,1.0,3.0,0.0,0
40.19644298961827,31.68930674944918,48.70357922978736,2.0,2.0,1.0,0
79.09577518661426,70.25702317825971,87.93452719496881,4.0,1.0,0.0,0
23.164566107220445,18.645688845873202,27.683443368567687,3.0,0.0,3.0,3
45.89322188439224,43.15037186560924,48.63607190317524,0.0,2.0,0.0,0
69.40859544739028,69.09177963145115,69.72541126332942,2.0,3.0,0.0,0
78.20007189383963,60.99707107075868,95.40307271692059,4.0,0.0,0.0,2
64.41389090976911,54.49019868353918,74.33758313599904,1.0,3.0,0.0,0
85.19166011943891,85.13080046694147,85.25251977193635,4.0,2.0,0.0,0
81.55893694125818,70.9754688445985,92.14240503791787,2.0,3.0,0.0,0
66.31287751858454,61.14639946704524,71.47935557012384,3.0,0.0,0.0,0
46.109224869325544,37.56197194704028,54.65647779161081,3.0,0.0,1.0,0
47.27828885367118,33.830067652616115,60.72651005472624,4.0,2.0,1.0,0
66.13226870902724,49.937384200181356,82.32715321787313,3.0,1.0,0.0,2
69.24137709819375,55.231741150153724,83.25101304623378,2.0,1.0,0.0,0
49.594007181896764,31.668034417687235,67.51997994610629,2.0,2.0,1.0,2
49.81380450623688,45.11888168184514,54.508727330628616,3.0,0.0,0.0,0
33.25847919882971,20.030776277580173,46.48618212007925,2.0,1.0,2.0,3
20.021564208987567,2.224938795847841,37.81818962212729,0.0,1.0,4.0,3
54.61186422376632,48.44186593581712,60.78186251171552,4.0,1.0,0.0,0
82.3130938510311,66.32406175208554,98.30212594997666,1.0,2.0,0.0,2
77.49059385239737,58.68628245362252,96.29490525117222,3.0,0.0,0.0,2
94.54552535678712,81.66798774200072,100.0,2.0,3.0,0.0,0
70.20543345169753,66.92014221479444,73.49072468860062,0.0,2.0,0.0,0
37.54347395291388,32.32627053093687,42.76067737489089,4.0,0.0,1.0,3
70.8011601369117,57.20155520936042,84.40076506446299,0.0,2.0,0.0,0
82.13590944477143,64.81240114387279,99.45941774567007,4.0,0.0,0.0,2
68.0747757761001,67.59964201071054,68.54990954148965,4.0,0.0,0.0,0
56.129316545590825,49.6026891521952,62.655943938986454,2.0,2.0,0.0,0
66.38843583650049,61.71703706905107,71.05983460394991,4.0,0.0,0.0,0
21.93519578428752,13.493975434744879,30.37641613383016,4.0,2.0,3.0,3
39.883438037329356,24.513882339976334,55.25299373468238,4.0,1.0,2.0,3
31.83029712834544,21.774187067180463,41.886407189510415,3.0,1.0,2.0,3
51.006157660005535,40.6403431016475,61.37197221836357,4.0,2.0,0.0,0
86.9777403929596,74.79722158499676,99.15825920092244,3.0,2.0,0.0,0
34.09621067301855,23.782736131319695,44.4096852147174,4.0,0.0,2.0,3
25.32384576591644,11.55861896332479,39.089072568508094,0.0,3.0,3.0,3
78.26914547968308,76.12839840863732,80.40989255072883,2.0,2.0,0.0,0
85.0927264712562,84.636703447542,85.5487494949704,2.0,1.0,0.0,0
59.85461142741831,43.318813240968026,76.3904096138686,4.0,0.0,0.0,2
48.242492886435,38.66433480818057,57.820650964689435,2.0,1.0,1.0,0
52.29012290737522,46.32064705472434,58.2595987600261,2.0,2.0,0.0,0
69.42437853171808,60.338275347925396,78.51048171551076,3.0,0.0,0.0,0
82.34386118997622,69.34202974300189,95.34569263695056,3.0,1.0,0.0,0
34.208032208799175,31.77397438759428,36.64209003000407,2.0,3.0,1.0,3
87.66937520203356,77.19714517832716,98.14160522573997,4.0,0.0,0.0,0
69.30425570441955,67.0900927629276,71.5184186459115,4.0,3.0,0.0,0
75.37179103174935,58.18040382491961,92.5631782385791,3.0,0.0,0.0,2
26.51842010392008,15.270741916308383,37.766098291531776,4.0,2.0,3.0,3
88.87585199774317,72.65865960703752,100.0,0.0,3.0,0.0,2
59.61459403295147,45.194485589150815,74.03470247675213,2.0,3.0,0.0,0
47.158033377542154,30.852921086836336,63.463145668247975,0.0,2.0,1.0,2
49.920300985304884,43.08415292243333,56.756449048176435,3.0,0.0,0.0,0
41.9775523304712,39.18830067862255,44.76680398231985,0.0,0.0,1.0,0
32.222931987959306,14.390835580131608,50.055028395787005,2.0,2.0,3.0,3
22.59941618538378,4.906624863312516,40.292207507455046,3.0,2.0,4.0,3
39.830612379600424,22.165155343919565,57.49606941528128,3.0,3.0,2.0,3
57.245878170402214,37.460443138274265,77.03131320253016,0.0,3.0,1.0,2
70.00704640596452,58.08369641532679,81.93039639660225,2.0,3.0,0.0,0
75.00098782169049,64.75105716748095,85.25091847590002,3.0,2.0,0.0,0
64.67030605241685,48.72368659042735,80.61692551440635,4.0,2.0,0.0,2
28.704661749778392,26.501971397365395,30.90735210219139,4.0,2.0,2.0,3
52.36614290300537,36.70520159284129,68.02708421316945,4.0,0.0,1.0,2
70.05542009501755,53.81090357790901,86.29993661212609,1.0,1.0,0.0,2
75.73817728180948,64.19433716404052,87.28201739957845,3.0,0.0,0.0,0
44.33801212449323,36.57961595463244,52.09640829435403,0.0,1.0,1.0,0
89.63310113517922,76.50855983420902,100.0,1.0,0.0,0.0,0
79.65361499842057,61.353261306461405,97.95396869037972,1.0,3.0,0.0,2
83.87981981270212,80.72053284045366,87.03910678495059,2.0,3.0,0.0,0
69.9908743377649,63.768818514785536,76.21293016074425,4.0,2.0,0.0,0
51.03203571388554,37.60362669260803,64.46044473516305,4.0,1.0,1.0,0
90.06263834144058,73.39829642890399,100.0,4.0,0.0,0.0,2
87.6083903123977,74.56700893601604,100.0,4.0,2.0,0.0,0
82.13565447311944,70.31880434743559,93.9525045988033,0.0,0.0,0.0,0
86.83453464836063,85.11971066054063,88.54935863618063,4.0,0.0,0.0,0
88.74581009233434,80.07147850254866,97.42014168212002,4.0,0.0,0.0,0
75.97679492949555,58.17330095394105,93.78028890505006,3.0,1.0,0.0,2
35.025214308339386,27.792401250503133,42.25802736617564,0.0,2.0,2.0,3
60.39104541151351,52.770933500814564,68.01115732221245,3.0,1.0,0.0,0
66.19954765925817,59.04839795828808,73.35069736022827,3.0,3.0,0.0,0
78.00300896761759,70.74803823662337,85.2579796986118,0.0,2.0,0.0,0
57.13604222386961,49.04086663356376,65.23121781417547,1.0,3.0,0.0,0
58.465335566112465,42.99805112192611,73.93262001029882,3.0,1.0,0.0,2
94.66737605635902,85.56612092044114,100.0,0.0,1.0,0.0,0
53.91539318350321,41.77368039080519,66.05710597620123,1.0,0.0,0.0,0
29.750737992199593,20.902331860354664,38.59914412404452,3.0,0.0,2.0,3
73.2262853240812,55.749603229309784,90.70296741885262,4.0,0.0,0.0,2
47.19062450284755,43.61564014642301,50.765608859272085,1.0,0.0,0.0,0
38.64042102229236,36.18237369082874,41.098468353755976,0.0,3.0,1.0,1
67.13464754000564,58.980126098228595,75.2891689817827,4.0,2.0,0.0,0
91.57757541162087,72.09182185020384,100.0,4.0,2.0,0.0,2
43.46066413369701,29.464736758221406,57.45659150917261,4.0,1.0,2.0,0
47.920343531028294,35.594946454705024,60.245740607351564,2.0,2.0,1.0,0
54.911752815453774,47.10506150749808,62.71844412340947,3.0,2.0,0.0,0
71.59958421200568,65.69654484161947,77.50262358239189,0.0,3.0,0.0,0
49.69616394414802,30.56460269545049,68.82772519284555,3.0,3.0,1.0,2
51.88173267853903,43.34334089020251,60.42012446687555,3.0,2.0,0.0,0
72.56790483715234,58.346205995020924,86.78960367928376,3.0,3.0,0.0,0
93.88513153059789,77.67636864717201,100.0,3.0,2.0,0.0,2
43.73780521476917,30.58734678515006,56.888263644388275,4.0,3.0,1.0,0
63.89956068623108,59.247444851531476,68.55167652093067,3.0,2.0,0.0,0
79.58031414053164,73.82064021064663,85.33998807041665,0.0,3.0,0.0,0
35.90959548979725,35.44993771393969,36.369253265654805,3.0,0.0,1.0,1
81.3739358216888,61.986364610960884,100.0,3.0,0.0,0.0,2
46.61979738462358,29.926737387140093,63.31285738210707,2.0,1.0,2.0,2
28.32671974286728,20.246488957688445,36.40695052804611,3.0,3.0,2.0,3
21.867705529050838,4.019289157189643,39.71612190091203,0.0,3.0,4.0,3
22.48151336663616,19.407905926667254,25.555120806605068,1.0,1.0,3.0,3
79.82317861210865,78.98242360958135,80.66393361463595,4.0,1.0,0.0,0
70.62039689745083,67.9145311074664,73.32626268743526,0.0,1.0,0.0,0
79.51175956289212,61.84337265674064,97.1801464690436,4.0,0.0,0.0,2
76.47108628926854,73.26127108256227,79.68090149597481,1.0,2.0,0.0,0
48.57315027420686,47.21062476935844,49.93567577905528,3.0,3.0,0.0,0
89.97639094302377,86.26545337865954,93.687328507388,1.0,3.0,0.0,0
85.84591825401098,77.54466776928247,94.1471687387395,0.0,0.0,0.0,0
46.12637226781321,36.19774851164867,56.05499602397775,3.0,1.0,1.0,0
77.97057577509062,73.2522331311665,82.68891841901474,3.0,2.0,0.0,0
81.47436381161971,65.36002899649446,97.58869862674496,0.0,2.0,0.0,2
56.63482958144461,37.43794101394676,75.83171814894246,1.0,2.0,1.0,2
29.03141874284167,23.214695576761983,34.848141908921356,1.0,2.0,2.0,3
45.05426148418623,26.43250937366749,63.67601359470497,4.0,1.0,2.0,2
94.1608459475157,77.80245637802685,100.0,1.0,1.0,0.0,2
73.69515314594234,55.97474763428937,91.41555865759531,0.0,0.0,0.0,2
78.10331592154846,76.90934056837202,79.2972912747249,4.0,2.0,0.0,0
88.39432336610473,71.71348477269675,100.0,0.0,1.0,0.0,2
35.20721567654798,23.48871387153455,46.92571748156141,2.0,1.0,2.0,3
92.63030230444808,91.86513065563138,93.39547395326478,0.0,3.0,0.0,0
58.86065058187305,43.78764267841311,73.933658485333,1.0,3.0,0.0,2
75.85088969760365,71.0165879266054,80.6851914686019,3.0,3.0,0.0,0
43.865774599106466,27.924260326313686,59.807288871899246,0.0,0.0,2.0,2
44.705519327319266,32.1857365406574,57.22530211398113,3.0,3.0,1.0,0
46.96997964025291,37.123344222021544,56.816615058484274,2.0,2.0,1.0,0
46.10441598183929,45.63674607363568,46.5720858900429,3.0,0.0,0.0,0
24.687739752822637,6.8942451168062036,42.48123438883907,0.0,1.0,4.0,3
43.21807365531477,40.266786114437906,46.16936119619163,1.0,0.0,0.0,0
68.55355408970348,51.95965709671046,85.1474510826965,0.0,1.0,0.0,2
87.64797080646626,73.88472042316482,100.0,4.0,2.0,0.0,0
23.12490036238941,21.73344579830473,24.516354926474094,4.0,1.0,2.0,3
21.24712665584473,10.402824664391321,32.091428647298144,2.0,2.0,3.0,3
64.42993361293763,45.19485829261789,83.66500893325738,2.0,3.0,0.0,2
72.47557208033679,54.01939520375546,90.93174895691811,0.0,0.0,0.0,2
65.61789033112635,62.69192295614342,68.54385770610928,4.0,3.0,0.0,0
92.9782507555485,89.51458225775411,96.44191925334289,3.0,0.0,0.0,0
37.165120143658925,34.09243796808859,40.23780231922926,0.0,0.0,1.0,3
56.09335867786659,40.969869200043846,71.21684815568933,2.0,0.0,0.0,2
88.6926499595359,85.4775711738607,91.9077287452111,0.0,0.0,0.0,0
66.31229570011709,65.02066626468495,67.60392513554923,2.0,1.0,0.0,0
63.28414737840049,55.47750488464488,71.09078987215611,3.0,3.0,0.0,0
89.96312412101142,70.62533565783932,100.0,1.0,2.0,0.0,2
45.41771080379602,39.252513356647285,51.582908250944755,2.0,1.0,1.0,0
31.78818742659812,17.303466570324275,46.27290828287197,3.0,3.0,3.0,3
29.69231673492251,26.81309516826033,32.57153830158469,0.0,1.0,2.0,3
81.64042211751931,69.21750469085889,94.06333954417973,0.0,0.0,0.0,0
84.27112921555096,72.64781036680908,95.89444806429283,2.0,0.0,0.0,0
37.54087569373934,19.457412241334893,55.62433914614378,2.0,2.0,3.0,3
54.28035086622784,39.94920693060854,68.61149480184714,1.0,0.0,1.0,0
63.86388016448055,61.44818440204389,66.2795759269172,2.0,1.0,0.0,0
30.427557446401046,22.331558870242368,38.523556022559724,0.0,1.0,2.0,3
83.66079644983459,83.64966913447792,83.67192376519127,3.0,1.0,0.0,0
51.415869171766865,46.595931771304045,56.235806572229684,3.0,3.0,0.0,0
84.7605315445657,65.33400963627338,100.0,1.0,0.0,0.0,2
77.00574914024351,67.89092000653052,86.1205782739565,3.0,0.0,0.0,0
42.12157062683055,24.770017861940122,59.473123391720975,1.0,1.0,2.0,2
73.74306622460027,73.26848563039,74.21764681881054,1.0,2.0,0.0,0
75.55287757913797,57.95172077794244,93.1540343803335,1.0,1.0,0.0,2
43.344730726626295,25.556809508094833,61.13265194515776,4.0,0.0,2.0,2
39.03016925537737,25.961517079192824,52.09882143156192,2.0,2.0,2.0,3
81.75708406658731,79.43206596422638,84.08210216894824,3.0,2.0,0.0,0
70.84497805238249,53.324656474444566,88.36529963032041,1.0,2.0,0.0,2
75.46799242530115,57.470714469716086,93.46527038088621,4.0,2.0,0.0,2
43.47914400721006,39.45821008776325,47.50007792665687,3.0,2.0,1.0,0
74.16455177696108,55.36127841737614,92.96782513654601,0.0,2.0,0.0,2
73.57299272217196,55.95216247719993,91.193822967144,1.0,2.0,0.0,2
44.99561984680951,40.89809097155308,49.09314872206594,2.0,3.0,0.0,0
40.28450388644574,32.40808944630785,48.160918326583634,2.0,1.0,1.0,0
52.354613990152465,45.62103808545725,59.08818989484768,4.0,1.0,0.0,0
75.4319151311075,65.46738728863282,85.39644297358218,2.0,0.0,0.0,0
34.51906076236355,16.73905512157246,52.29906640315464,2.0,3.0,3.0,3
85.56968013766516,68.0827330100092,100.0,1.0,0.0,0.0,2
39.145701656128374,35.632247130344744,42.659156181912,4.0,0.0,1.0,1
82.97252754777509,71.94987090206443,93.99518419348574,3.0,0.0,0.0,0
31.68571694720235,21.0050333198051,42.3664005745996,3.0,1.0,2.0,3
75.45805216601983,66.4500864618479,84.46601787019175,3.0,0.0,0.0,0
62.10461919038781,47.81042324258904,76.39881513818658,3.0,2.0,0.0,0
69.60942405514261,56.690029675578266,82.52881843470696,3.0,3.0,0.0,0
93.060244714998,87.55809423839663,98.56239519159938,1.0,1.0,0.0,0
23.94184090025704,16.97841250386072,30.905269296653362,2.0,3.0,3.0,3
31.184522977876032,13.417157383569918,48.95188857218214,0.0,1.0,3.0,3
25.93136017266805,19.415922229177163,32.44679811615894,1.0,3.0,3.0,3
58.97277195107662,50.091065615953525,67.85447828619972,1.0,0.0,0.0,0
80.21054328127578,60.752610041433265,99.6684765211183,1.0,2.0,0.0,2
24.11185932258497,6.96624227351079,41.25747637165915,2.0,3.0,4.0,3
78.45550118955408,64.47624241017715,92.43475996893102,2.0,2.0,0.0,0
52.479186756461296,46.39873233217121,58.559641180751385,2.0,3.0,0.0,0
90.60714897336022,78.03214915331449,100.0,4.0,2.0,0.0,0
48.70220899268815,35.86180443352171,61.542613551854586,1.0,2.0,1.0,0
93.84484611825698,85.6136032849663,100.0,0.0,2.0,0.0,0
61.73911592855318,61.01674605632153,62.461485800784835,3.0,1.0,0.0,0
94.24948829291807,86.91891877361017,100.0,1.0,0.0,0.0,0
67.39144638795995,57.228776935910716,77.55411584000917,4.0,3.0,0.0,0
45.9751838068331,26.97234029864862,64.97802731501758,3.0,3.0,2.0,2
80.25565137969181,65.70573147986613,94.8055712795175,1.0,3.0,0.0,0
56.52200957443301,54.363476527264446,58.68054262160157,2.0,3.0,0.0,0
43.16059982410934,37.13215375097259,49.18904589724609,4.0,0.0,1.0,0
55.875155298899806,45.44147765568442,66.30883294211519,4.0,0.0,0.0,0
85.3934445409764,76.37113903033826,94.41575005161455,1.0,1.0,0.0,0
74.92305392085187,74.8206000445568,75.02550779714694,0.0,2.0,0.0,0
33.032661252093924,14.330661209926678,51.73466129426117,0.0,0.0,3.0,3
82.89483778850803,64.81404202313469,100.0,4.0,3.0,0.0,2
52.356393055656945,33.881501646873026,70.83128446444087,3.0,0.0,1.0,2
26.21513710354383,17.64404010910689,34.786234097980774,3.0,3.0,3.0,3
31.037907915278748,14.370397776709922,47.70541805384757,3.0,1.0,3.0,3
24.96227952359681,10.791534106246147,39.13302494094747,3.0,1.0,3.0,3
70.74408526493907,60.50918641097975,80.9789841188984,2.0,1.0,0.0,0
39.317355095435246,37.77471152024575,40.85999867062474,1.0,1.0,1.0,1
27.226175204111346,23.869135297818097,30.583215110404595,1.0,2.0,2.0,3
47.42522417816996,42.660562036984274,52.18988631935565,1.0,1.0,0.0,0
85.02245980687009,67.10424611774403,100.0,3.0,1.0,0.0,2
67.1546042258584,53.84723944337094,80.46196900834587,0.0,1.0,0.0,0
56.467057948589364,36.806438101505506,76.12767779567322,0.0,0.0,1.0,2
74.98959955062982,63.660959929408,86.31823917185163,3.0,0.0,0.0,0
25.69212795341534,23.99803377419749,27.38622213263319,3.0,1.0,2.0,3
86.20787816347087,76.65261473034539,95.76314159659634,0.0,0.0,0.0,0
33.330214348805754,31.094525287125656,35.56590341048585,0.0,1.0,1.0,3
21.60362198643455,3.576356491233323,39.63088748163578,1.0,1.0,4.0,3
47.17703024742006,41.60834374679169,52.74571674804844,0.0,0.0,0.0,0
24.383550304552124,20.438152512204205,28.328948096900042,1.0,1.0,2.0,3
32.53091051202557,22.298278412065088,42.763542611986054,4.0,2.0,2.0,3
75.42489667546651,59.283160175305625,91.5666331756274,4.0,3.0,0.0,2
50.35498110314879,40.14802048047804,60.56194172581954,1.0,1.0,0.0,0
20.517412834519344,19.753080940924516,21.281744728114173,1.0,2.0,3.0,3
68.28179304780124,53.42268253629897,83.14090355930352,4.0,0.0,0.0,0
73.0333328916111,72.3519061724821,73.71475961074009,2.0,1.0,0.0,0
87.64726120396449,75.559693440112,99.73482896781698,1.0,2.0,0.0,0
31.595195772688015,19.25652635413978,43.93386519123625,3.0,1.0,3.0,3
84.28743032683816,80.11704245475877,88.45781819891755,2.0,3.0,0.0,0
73.15309618639705,64.22158946728723,82.08460290550687,4.0,3.0,0.0,0
62.271709278678046,62.147871507340284,62.39554705001581,4.0,3.0,0.0,0
39.6327487559364,33.959161673767746,45.30633583810505,3.0,1.0,1.0,3
54.33820497253251,41.95118033830574,66.72522960675929,4.0,0.0,0.0,0
34.87029036446207,29.186902896722025,40.55367783220212,2.0,2.0,2.0,3
73.82708019785723,72.8744606434717,74.77969975224275,2.0,3.0,0.0,0
72.76923494742887,59.28395294416789,86.25451695068985,0.0,0.0,0.0,0
34.364743295399265,19.516839523131146,49.21264706766738,0.0,3.0,3.0,3
38.946252285638785,21.68652676165767,56.205977809619895,0.0,0.0,2.0,3
87.58338722833471,70.07246798698452,100.0,4.0,2.0,0.0,2
55.37636450053424,45.45002809615161,65.30270090491686,1.0,3.0,0.0,0
61.33378945248278,53.18660778902,69.48097111594556,3.0,0.0,0.0,0
91.89689763710923,80.1795939267353,100.0,2.0,1.0,0.0,0
35.52678583542164,19.673404035539136,51.38016763530415,3.0,3.0,3.0,3
67.0347663761169,57.52812283887867,76.54140991335514,1.0,1.0,0.0,0
78.05112162797003,58.147785920221295,97.95445733571877,4.0,2.0,0.0,2
43.95797539758522,31.20766313746273,56.708287657707714,2.0,0.0,1.0,0
43.161260151318686,36.99912888314689,49.323391419490484,1.0,2.0,1.0,0
87.26144816424284,71.38726589626137,100.0,2.0,2.0,0.0,2
27.455446026801837,24.440120086145317,30.470771967458358,1.0,2.0,2.0,3
31.80167354750873,13.085930478136614,50.51741661688085,3.0,2.0,3.0,3
50.82163935354574,44.0146008043208,57.62867790277068,1.0,1.0,0.0,0
79.87932251197923,66.1783692686842,93.58027575527426,0.0,2.0,0.0,0
54.1243700070698,41.61820622777384,66.63053378636576,3.0,1.0,0.0,0
40.29244562833232,38.37498387210943,42.2099073845552,4.0,3.0,1.0,0
51.52212770661744,37.08973354349577,65.95452186973911,1.0,2.0,1.0,0
53.40953314872846,47.173159644677376,59.64590665277954,4.0,1.0,0.0,0
74.52689072431855,66.90327293744159,82.15050851119551,0.0,3.0,0.0,0
85.15625607876031,83.22576683700561,87.086745320515,1.0,1.0,0.0,0
44.093829838166904,27.892143048098433,60.295516628235376,0.0,3.0,2.0,2
73.14047066981041,55.9350287186127,90.34591262100813,1.0,3.0,0.0,2
72.60412963736698,69.91878324806666,75.2894760266673,3.0,2.0,0.0,0
77.52106665927596,61.26882085480956,93.77331246374236,4.0,1.0,0.0,2
63.14454778441037,45.18455568659947,81.10453988222127,4.0,1.0,0.0,2
21.10238737315081,19.156501994141315,23.0482727521603,4.0,3.0,3.0,3
69.19005018061623,49.24149196790976,89.1386083933227,3.0,1.0,0.0,2
65.92231832337337,65.83131148597575,66.013325160771,1.0,2.0,0.0,0
65.86395921639009,49.01584549448515,82.71207293829502,4.0,3.0,0.0,2
41.097393442936024,29.931579336013506,52.26320754985854,0.0,0.0,2.0,0
27.341407415300445,8.195735514264058,46.48707931633683,4.0,0.0,4.0,3
34.20144422680313,27.439445862068084,40.96344259153818,4.0,3.0,2.0,3
36.21538194103685,28.998422769526993,43.43234111254671,0.0,3.0,2.0,3
33.020713068929105,16.21315596368726,49.82827017417095,3.0,1.0,3.0,3
38.34026863956702,24.12654866375655,52.55398861537749,4.0,0.0,2.0,3
25.151875951481564,13.141507592012061,37.16224431095107,3.0,2.0,3.0,3
40.199436615887905,27.31174450238705,53.08712872938876,4.0,2.0,2.0,0
94.84139201669984,81.18862964930477,100.0,1.0,1.0,0.0,0
58.353591758382144,57.39675883780171,59.310424678962576,3.0,0.0,0.0,0
45.83171453729387,43.47604729416489,48.18738178042285,4.0,2.0,0.0,0
74.03654171050997,70.41140532143538,77.66167809958455,0.0,1.0,0.0,0
55.20953418890177,51.673795506064025,58.745272871739516,2.0,2.0,0.0,0
22.212347207591208,5.354213566883502,39.070480848298914,4.0,2.0,4.0,3
61.054228336266426,53.16403205663618,68.94442461589666,2.0,1.0,0.0,0
42.8049930391542,33.01651167446565,52.59347440384275,4.0,2.0,1.0,0
62.83879245896381,61.05085841251934,64.62672650540827,3.0,3.0,0.0,0
32.991351004806454,15.579489545877312,50.4032124637356,1.0,2.0,3.0,3
56.19123928575796,55.9859685856256,56.39650998589032,1.0,0.0,0.0,0
34.523015154663746,32.857093092497706,36.188937216829785,2.0,2.0,1.0,3
42.411155752541745,26.168968304226652,58.65334320085684,2.0,1.0,2.0,2
71.5373558002839,68.92541471559059,74.14929688497722,2.0,2.0,0.0,0
37.07395694992873,21.206802172427338,52.94111172743012,3.0,0.0,2.0,3
51.28530315526457,44.276951870294255,58.29365444023489,2.0,2.0,0.0,0
25.485393681328755,9.96343567411594,41.00735168854157,3.0,2.0,4.0,3
71.53716849990589,70.53006165072566,72.54427534908612,3.0,0.0,0.0,0
60.42073904742861,53.5954986761145,67.24597941874272,4.0,1.0,0.0,0
81.03428242424023,71.40880468799253,90.65976016048793,4.0,1.0,0.0,0
60.13065878640417,47.61656856828472,72.64474900452362,2.0,2.0,0.0,0
94.56603189754978,77.84163061669912,100.0,0.0,2.0,0.0,2
38.08489086264245,33.19551746374579,42.97426426153912,1.0,2.0,1.0,3
75.65798616945533,62.480217349209326,88.83575498970133,1.0,3.0,0.0,0
52.42449909196202,49.389090362982586,55.45990782094145,1.0,3.0,0.0,0
48.19733882104675,32.29397940208537,64.10069824000813,4.0,1.0,1.0,2
74.8646993878913,56.20027528221542,93.5291234935672,2.0,3.0,0.0,2
91.66677783647349,90.72118855332663,92.61236711962034,4.0,1.0,0.0,0
76.66826443708528,75.07110290908798,78.26542596508258,0.0,3.0,0.0,0
44.75920614272336,29.008389761445105,60.51002252400161,3.0,1.0,2.0,2
58.24187379648556,40.63727314260042,75.84647445037069,2.0,1.0,0.0,2
36.28549850198077,23.32114330837258,49.24985369558895,3.0,2.0,2.0,3
66.51791079628111,57.29416787428555,75.74165371827668,1.0,2.0,0.0,0
50.194032539938036,34.81269335071484,65.57537172916123,2.0,0.0,1.0,2
37.10998151487862,31.11579526331159,43.10416776644565,1.0,0.0,1.0,3
21.581952815066163,1.7468682229666896,41.41703740716564,3.0,3.0,4.0,3
89.39932317099425,72.43945602795098,100.0,0.0,0.0,0.0,2
25.91156244008755,8.168902133288768,43.65422274688633,3.0,1.0,4.0,3
44.69820594081515,27.600551570731696,61.795860310898604,2.0,1.0,2.0,2
34.28402534661494,15.626304347992523,52.941746345237355,3.0,1.0,3.0,3
57.05954570874382,55.76965189366447,58.34943952382317,0.0,1.0,0.0,0
34.62086340535454,16.448308133588426,52.793418677120656,0.0,3.0,3.0,3
75.21582773026991,70.24377243523857,80.18788302530125,3.0,2.0,0.0,0
36.86146046790447,29.678001459935647,44.0449194758733,1.0,3.0,2.0,3
33.90925016210245,26.49784395595335,41.320656368251555,1.0,1.0,2.0,3
36.26639133448803,31.617714143640008,40.915068525336046,4.0,1.0,1.0,3
42.31724844278622,33.548731488482986,51.08576539708946,4.0,2.0,1.0,0
68.1373539510032,58.026954623691125,78.24775327831529,0.0,0.0,0.0,0
35.722128633194984,32.748845724230705,38.69541154215926,2.0,3.0,1.0,3
72.26377163179436,65.07339492889268,79.45414833469603,3.0,3.0,0.0,0
52.2628163309175,45.29988714018905,59.225745521645955,3.0,0.0,0.0,0
34.77564335551728,21.282235587144072,48.26905112389049,1.0,0.0,2.0,3
38.00333862132808,26.387662323559002,49.61901491909717,4.0,1.0,2.0,3
59.55003621519151,45.22785248084082,73.8722199495422,3.0,0.0,0.0,0
48.39716628951692,32.718295834665625,64.07603674436821,4.0,0.0,1.0,2
58.529250549524754,45.18912851459309,71.86937258445641,3.0,3.0,0.0,0
80.94346918629715,76.11858265202716,85.76835572056714,4.0,0.0,0.0,0
23.437353282663924,13.394961739940086,33.47974482538776,0.0,1.0,3.0,3
49.520797307314965,40.18929952090183,58.8522950937281,1.0,3.0,0.0,0
51.15820917187777,49.67720528924345,52.63921305451209,2.0,1.0,0.0,0
38.81878696580232,20.929154868987553,56.70841906261708,1.0,0.0,2.0,3
53.14094021674474,51.312233084092306,54.96964734939717,0.0,0.0,0.0,0
62.497481730489795,42.968629955172354,82.02633350580723,3.0,0.0,0.0,2
63.87186558854646,63.23694845737162,64.50678271972131,4.0,2.0,0.0,0
70.23749907761209,55.643922082610665,84.8310760726135,2.0,1.0,0.0,0
25.757665213008764,20.006175161934863,31.509155264082665,3.0,0.0,2.0,3
54.50056631792589,36.40622957960025,72.59490305625152,3.0,1.0,1.0,2
76.8209423540861,60.340303988358514,93.30158071981369,2.0,1.0,0.0,2
54.12839913321955,53.62818107356479,54.628617192874316,3.0,2.0,0.0,0
69.23645264256045,68.79743919312848,69.67546609199242,4.0,1.0,0.0,0
64.28366488211978,52.21984423332034,76.34748553091922,0.0,3.0,0.0,0
54.85391894641927,51.8620872230897,57.84575066974884,1.0,1.0,0.0,0
25.91964089325953,25.636468196781262,26.202813589737797,0.0,2.0,2.0,3
67.49187442302974,48.136633249727296,86.84711559633219,3.0,2.0,0.0,2
60.088475339308296,47.43122478261311,72.74572589600348,3.0,1.0,0.0,0
20.42634311127522,20.209689650759508,20.64299657179093,3.0,0.0,2.0,3
35.51425208962916,25.703856515198922,45.3246476640594,3.0,2.0,2.0,3
24.604968199586356,21.454231613798633,27.75570478537408,2.0,3.0,2.0,3
62.76756950967541,46.66392700207798,78.87121201727284,4.0,3.0,0.0,2
21.136096333926684,20.562454296917828,21.70973837093554,0.0,3.0,2.0,3
83.18157133108767,75.76325096832248,90.59989169385285,3.0,0.0,0.0,0
91.05904992523871,86.29848347476504,95.81961637571239,4.0,1.0,0.0,0
93.16842465155533,73.55096390887861,100.0,1.0,2.0,0.0,2
36.9938345422842,35.43160228243103,38.556066802137366,3.0,2.0,1.0,1
57.13556415647887,42.73778152033824,71.53334679261951,0.0,2.0,0.0,0
86.83765811482043,77.27710014186059,96.39821608778027,0.0,0.0,0.0,0
71.55012676499044,55.22032916697719,87.87992436300368,1.0,2.0,0.0,2
42.40595415252138,38.12106300454991,46.69084530049285,4.0,2.0,1.0,0
82.54639129590335,65.44048893694526,99.65229365486144,1.0,0.0,0.0,2
63.0452142410658,44.03786927890188,82.05255920322972,2.0,2.0,0.0,2
74.74883980472083,70.48668930313224,79.01099030630942,3.0,2.0,0.0,0
92.7057069989936,87.85081036585153,97.56060363213568,3.0,3.0,0.0,0
94.81320110778289,75.53984958628045,100.0,3.0,3.0,0.0,2
57.861632214597165,49.17908480881163,66.54417962038269,0.0,1.0,0.0,0
31.745938934625322,15.041076752887552,48.450801116363095,4.0,2.0,3.0,3
66.4669401875418,49.61834967197137,83.31553070311222,1.0,2.0,0.0,2
68.28901238785816,62.07196123004482,74.50606354567151,2.0,0.0,0.0,0
62.910866919883915,59.33516556409012,66.48656827567771,3.0,3.0,0.0,0
51.65366379041858,44.32305849957549,58.984269081261665,1.0,0.0,0.0,0
63.61701800199746,51.778961381205875,75.45507462278904,3.0,3.0,0.0,0
60.05302274565134,50.11130779276016,69.99473769854252,2.0,2.0,0.0,0
90.85194719176903,76.11600892220203,100.0,0.0,3.0,0.0,0
82.82003245202212,71.84385246597064,93.7962124380736,1.0,2.0,0.0,0
49.52668407314029,33.416388010879835,65.63698013540073,3.0,0.0,1.0,2
62.814990597925096,60.73623335001724,64.89374784583296,0.0,3.0,0.0,0
62.453967400644856,53.672077942057,71.23585685923271,1.0,1.0,0.0,0
58.30386374908782,57.9826086227859,58.62511887538974,2.0,1.0,0.0,0
24.35491606746291,21.93877386487127,26.77105827005455,1.0,3.0,2.0,3
73.44458721275467,66.81444147612999,80.07473294937935,2.0,0.0,0.0,0
74.84529569599803,56.815035342557664,92.8755560494384,4.0,2.0,0.0,2
56.31386122885,48.71075581898647,63.91696663871353,0.0,3.0,0.0,0
87.61797247846565,82.14863685115085,93.08730810578044,4.0,2.0,0.0,0
93.79416257047399,80.37839078560383,100.0,3.0,2.0,0.0,0
80.96845994055778,66.89903979740876,95.0378800837068,4.0,2.0,0.0,0
89.58972972744237,79.96315732024306,99.2163021346417,3.0,2.0,0.0,0
56.562700899185835,50.79232591884703,62.33307587952464,4.0,0.0,0.0,0
88.56809656456527,82.5318873404548,94.60430578867573,0.0,2.0,0.0,0
90.12701022671698,86.41608852773035,93.8379319257036,3.0,3.0,0.0,0
66.7675327026936,59.51574570844364,74.01931969694357,3.0,1.0,0.0,0
31.304084402375786,27.939014460167186,34.669154344584385,4.0,3.0,2.0,3
31.423075604793777,18.564620265723264,44.28153094386429,0.0,0.0,3.0,3
55.422938079638485,37.52914284004024,73.31673331923673,2.0,0.0,1.0,2
75.16853807045634,70.0834768546812,80.25359928623148,2.0,0.0,0.0,0
57.60456564348677,52.760262520164744,62.4488687668088,0.0,2.0,0.0,0
79.98873667956357,62.025683153665085,97.95179020546206,3.0,1.0,0.0,2
77.7341323412852,66.37346952548039,89.09479515709002,2.0,2.0,0.0,0
35.270609165736495,20.675104462393705,49.866113869079285,2.0,2.0,2.0,3
29.95733551976234,12.174647264958317,47.74002377456636,3.0,1.0,3.0,3
72.93758980449911,59.638133721473295,86.23704588752493,3.0,1.0,0.0,0
44.028533800395614,29.179356668596753,58.877710932194475,3.0,3.0,2.0,0
89.85476706141763,82.11582763328371,97.59370648955155,1.0,3.0,0.0,0
85.13808097991898,66.37471584245863,100.0,4.0,1.0,0.0,2
53.84285388358569,39.76485464515002,67.92085312202136,1.0,0.0,1.0,0
63.53793683428283,62.10404475204395,64.97182891652172,1.0,3.0,0.0,0
83.53279578646782,71.62846418888516,95.43712738405047,2.0,2.0,0.0,0
85.35268971596994,83.45955542033536,87.24582401160453,1.0,1.0,0.0,0
61.77307493111617,51.330694008839494,72.21545585339284,1.0,2.0,0.0,0
92.89348649334983,91.12373760093956,94.66323538576009,4.0,2.0,0.0,0
59.07264936786837,46.527827690443054,71.61747104529368,0.0,0.0,0.0,0
23.08307458747446,13.9557580406496,32.21039113429932,2.0,3.0,3.0,3
62.202137489914946,51.14055458489811,73.26372039493178,2.0,2.0,0.0,0
78.27551750185229,65.29650634534818,91.2545286583564,0.0,0.0,0.0,0
93.87013647505124,88.86317512606072,98.87709782404175,1.0,3.0,0.0,0
27.902643330805503,21.51222144317329,34.29306521843772,1.0,3.0,2.0,3
53.04028975227826,43.39892930717079,62.681650197385736,2.0,3.0,0.0,0
63.9987407626028,52.672511506908975,75.32497001829663,2.0,2.0,0.0,0
86.10976964725609,67.63684517894251,100.0,2.0,1.0,0.0,2
73.69174883900627,66.65368732913417,80.72981034887836,1.0,2.0,0.0,0
37.34347003399052,25.508863912499095,49.178076155481946,3.0,2.0,2.0,3
84.45418880936505,66.00328500652897,100.0,1.0,2.0,0.0,2
69.81824659679705,55.46171272996973,84.17478046362437,4.0,0.0,0.0,0
87.13676874373105,80.56993182221021,93.7036056652519,4.0,1.0,0.0,0
82.57804064069477,74.28391768864213,90.8721635927474,3.0,1.0,0.0,0
29.694686186911984,12.119003648473623,47.270368725350345,0.0,2.0,3.0,3
92.03529777762714,83.28156625060541,100.0,4.0,1.0,0.0,0
54.07223187450211,49.03135709721111,59.11310665179311,4.0,2.0,0.0,0
93.6914376074249,83.2300257089444,100.0,2.0,3.0,0.0,0
34.02553539406443,30.305571454343166,37.74549933378569,1.0,1.0,1.0,3
79.49885343601261,67.85794907636648,91.13975779565874,3.0,2.0,0.0,0
42.86687005646754,23.036836417949214,62.69690369498586,3.0,0.0,2.0,2
23.360397750879503,3.974800833590052,42.745994668168954,3.0,0.0,4.0,3
94.55303189067868,82.27704267677545,100.0,3.0,0.0,0.0,0
42.76514903277613,25.03955944833291,60.49073861721935,4.0,3.0,2.0,2
26.038944106603566,9.73588815601142,42.34200005719571,4.0,1.0,4.0,3
84.53728896910634,65.52390909061934,100.0,3.0,2.0,0.0,2
52.40152237854626,34.939598871368155,69.86344588572436,1.0,2.0,1.0,2
63.23393206544135,45.23728445429615,81.23057967658656,4.0,0.0,0.0,2
93.86327698615014,89.2723280045777,98.45422596772258,4.0,0.0,0.0,0
56.053180476376816,52.8928059013223,59.213555051431335,2.0,3.0,0.0,0
25.03238847008286,24.15295214212548,25.911824798040243,0.0,3.0,2.0,3
71.83895967368643,58.652841580606975,85.02507776676589,4.0,2.0,0.0,0
73.29496201673169,54.62484644924639,91.96507758421698,2.0,1.0,0.0,2
34.565617720421834,14.688618033947854,54.44261740689581,2.0,1.0,3.0,3
60.90589389344035,43.85904284052047,77.95274494636023,3.0,3.0,0.0,2
47.69157023623464,31.07136071753303,64.31177975493625,0.0,0.0,1.0,2
23.74411878036251,13.366462883023296,34.12177467770172,4.0,0.0,3.0,3
43.37018195691777,34.33101921068773,52.40934470314781,0.0,1.0,1.0,0
88.21494551807311,75.40861568097473,100.0,1.0,0.0,0.0,0
42.518550900129306,42.06440131311989,42.972700487138724,2.0,0.0,0.0,0
36.729735161892634,20.843263486671532,52.61620683711374,3.0,1.0,2.0,3
90.56846363144365,77.41879016961143,100.0,0.0,3.0,0.0,0
48.674511566669786,45.27353094571368,52.07549218762589,2.0,2.0,0.0,0
90.54192917080972,77.82799202730472,100.0,0.0,1.0,0.0,0
86.0175774877749,74.02818845752215,98.00696651802765,4.0,1.0,0.0,0
55.284837509350375,39.524838544109706,71.04483647459104,1.0,1.0,1.0,2
48.872124646844405,32.12257463571058,65.62167465797823,2.0,1.0,1.0,2
30.32884647349045,25.260457262529883,35.39723568445102,3.0,3.0,2.0,3
34.29623541143381,18.00668349710958,50.58578732575805,0.0,3.0,3.0,3
37.43323864560184,33.791322093338806,41.07515519786487,0.0,3.0,1.0,3
55.27654203930942,47.39228649358523,63.160797585033606,4.0,1.0,0.0,0
47.908507806221664,38.055574045577785,57.76144156686554,2.0,3.0,1.0,0
80.02882436844617,63.93019899303799,96.12744974385434,1.0,2.0,0.0,2
42.250697010130786,24.229080911379107,60.272313108882464,3.0,3.0,2.0,2
51.8389775475301,51.49464488389984,52.18331021116036,4.0,0.0,0.0,0
29.203056765315512,14.458166764404966,43.94794676622606,3.0,3.0,3.0,3
40.34149806784154,22.791075586788374,57.89192054889471,2.0,3.0,2.0,2
78.72651040761627,59.64040389070301,97.81261692452954,3.0,3.0,0.0,2
73.03253119565066,67.67474736812716,78.39031502317417,4.0,2.0,0.0,0
50.16652748923494,46.70731974975132,53.625735228718554,1.0,1.0,0.0,0
63.31049022983128,53.33159305090524,73.28938740875732,3.0,0.0,0.0,0
54.37502321847876,36.35495704249966,72.39508939445786,4.0,0.0,1.0,2
87.14154115451953,80.82926986164922,93.45381244738984,1.0,3.0,0.0,0
49.60180635677702,39.50059227278515,59.70302044076889,4.0,0.0,1.0,0
74.15858604525731,54.24748663191873,94.06968545859588,0.0,1.0,0.0,2
36.38968575314179,27.269040105190605,45.51033140109298,1.0,1.0,2.0,3
52.5572838381299,39.99227186199294,65.12229581426686,1.0,2.0,1.0,0
59.69985664656689,39.78794254707941,79.61177074605438,0.0,1.0,1.0,2
27.84850927253668,20.503338142189428,35.193680402883935,3.0,0.0,2.0,3
64.05638568266755,58.59778582881169,69.51498553652343,2.0,1.0,0.0,0
63.09987419967121,57.44508323410799,68.75466516523443,1.0,1.0,0.0,0
31.906466900967175,19.566201186793514,44.246732615140836,4.0,0.0,3.0,3
94.89871339360957,91.64463712911068,98.15278965810846,1.0,1.0,0.0,0
26.936996623162123,23.646594963046788,30.22739828327746,4.0,2.0,2.0,3
87.14776163857027,81.94509490836307,92.35042836877747,3.0,1.0,0.0,0
56.86367349956695,46.044965712469235,67.68238128666466,4.0,1.0,0.0,0
36.70287208756269,19.81935581187542,53.58638836324996,0.0,3.0,3.0,3
28.45990489004772,17.87449001072021,39.04531976937523,4.0,1.0,3.0,3
72.45650847578946,56.80367941912017,88.10933753245875,0.0,3.0,0.0,2
76.58378114391098,57.432639178162134,95.73492310965983,3.0,2.0,0.0,2
70.50805119678071,55.708020883383725,85.3080815101777,3.0,2.0,0.0,0
51.49031541477449,38.63454468485196,64.34608614469703,0.0,1.0,1.0,0
32.943027427536975,32.779139291576236,33.106915563497715,0.0,3.0,1.0,3
79.21534271945724,70.24711542916182,88.18357000975266,0.0,1.0,0.0,0
85.34228532975636,79.98129559451577,90.70327506499696,0.0,2.0,0.0,0
49.39031794297848,39.141861971404055,59.6387739145529,0.0,0.0,1.0,0
83.09131688189285,64.06962754572771,100.0,4.0,1.0,0.0,2
67.67001763760706,61.26106875868428,74.07896651652983,1.0,2.0,0.0,0
59.52337382508545,56.30773230490463,62.73901534526627,4.0,3.0,0.0,0
65.79539718877074,49.27747329737039,82.31332108017108,0.0,3.0,0.0,2
28.081319036171223,8.269659318922503,47.89297875341994,3.0,0.0,4.0,3
29.40492641617327,13.803505979051128,45.00634685329541,2.0,0.0,3.0,3
74.50278998267086,71.73495012111114,77.27062984423058,2.0,3.0,0.0,0
92.74603171278483,81.73213466767561,100.0,3.0,3.0,0.0,0
58.08531060500659,49.981505572083236,66.18911563792994,1.0,0.0,0.0,0
24.050052853693625,11.381398015815222,36.71870769157203,0.0,3.0,3.0,3
25.10550167843568,11.733260721789351,38.47774263508201,1.0,3.0,3.0,3
55.052352377501705,38.91054819863863,71.19415655636479,4.0,3.0,1.0,2
69.32484020009908,64.52310986115988,74.12657053903827,2.0,0.0,0.0,0
31.615749232882354,12.32217860179123,50.90931986397348,4.0,3.0,3.0,3
22.477617011609006,18.18383462785299,26.771399395365023,4.0,1.0,3.0,3
74.71019623161372,72.22823599877039,77.19215646445706,0.0,2.0,0.0,0
30.959863633989283,14.38243875743811,47.537288510540456,0.0,1.0,3.0,3
52.86349880066754,43.598515271427615,62.12848232990747,0.0,0.0,0.0,0
75.06021170661344,65.25560629261264,84.86481712061425,0.0,2.0,0.0,0
29.397123690057317,23.022414416786013,35.77183296332862,2.0,0.0,2.0,3
53.2064873644743,52.27822272523738,54.13475200371122,0.0,1.0,0.0,0
28.359134570421787,24.487112884493143,32.23115625635043,4.0,0.0,2.0,3
46.06310656342487,30.830420308107513,61.29579281874222,2.0,3.0,1.0,2
88.43249715890545,83.94437094429449,92.9206233735164,3.0,1.0,0.0,0
71.45999150898191,51.60667316758912,91.31330985037471,4.0,0.0,0.0,2
21.73198568808739,6.007450286965611,37.456521089209176,0.0,3.0,4.0,3
30.08576068522195,13.113957732054914,47.057563638388984,2.0,2.0,3.0,3
42.03654262758546,24.570928825797846,59.50215642937307,3.0,0.0,2.0,2
87.16618988167359,72.7881004576116,100.0,4.0,1.0,0.0,0
76.03147544148398,66.70781936572001,85.35513151724794,4.0,2.0,0.0,0
66.3119716916375,47.971725107818315,84.65221827545668,1.0,3.0,0.0,2
31.444609880475472,22.91407437757892,39.97514538337202,1.0,3.0,2.0,3
89.66560153694118,87.74921995708901,91.58198311679335,3.0,3.0,0.0,0
80.60968601285876,68.68082806960125,92.53854395611627,3.0,0.0,0.0,0
37.95692668106751,35.84563095558715,40.06822240654787,1.0,1.0,1.0,1
50.32444173242881,37.216673749910896,63.43220971494672,2.0,0.0,1.0,0
52.128784892549305,32.17824973955464,72.07932004554397,4.0,1.0,1.0,2
64.06297801692298,50.55881836005429,77.56713767379168,1.0,1.0,0.0,0
48.11077935687915,43.8997373431489,52.3218213706094,1.0,1.0,0.0,0
35.75198910742721,32.99479886265427,38.50917935220014,4.0,0.0,1.0,3
70.02421396928749,62.89649016777803,77.15193777079693,3.0,1.0,0.0,0
70.81662803521453,67.90132471337334,73.73193135705573,1.0,1.0,0.0,0
53.1789152434689,41.78504917920033,64.57278130773747,1.0,3.0,0.0,0
56.498935938282855,40.83696706537316,72.16090481119255,4.0,1.0,0.0,2
23.800263267463095,10.637496334614259,36.963030200311934,1.0,0.0,3.0,3
54.207412931440366,41.86344211882262,66.55138374405811,3.0,2.0,0.0,0
80.02986900337905,71.31773934462682,88.74199866213128,2.0,1.0,0.0,0
64.36118654822515,60.90660221949007,67.81577087696023,1.0,0.0,0.0,0
89.05242717214115,76.29683411473266,100.0,1.0,2.0,0.0,0
73.73850237161722,65.35154704686617,82.12545769636826,3.0,2.0,0.0,0
78.32277865704631,72.21354911602361,84.43200819806901,4.0,1.0,0.0,0
54.381175535543086,41.19545009425933,67.56690097682684,0.0,0.0,0.0,0
33.00870463158345,25.437983681905102,40.579425581261795,4.0,1.0,2.0,3
88.41388147986723,85.04727437701624,91.78048858271822,1.0,1.0,0.0,0
69.43973637487971,59.76946492137752,79.11000782838191,3.0,3.0,0.0,0
88.2105959370624,82.42694110584658,93.9942507682782,1.0,0.0,0.0,0
66.31418413001796,51.64440957307828,80.98395868695765,1.0,0.0,0.0,0
54.086070540131736,53.14472769959201,55.02741338067146,4.0,3.0,0.0,0
30.105434859202873,13.048555877620519,47.16231384078523,3.0,3.0,3.0,3
49.827859073009115,40.60093377514201,59.05478437087622,4.0,2.0,0.0,0
64.81651174512655,64.49763513920875,65.13538835104434,0.0,1.0,0.0,0
89.80732014690214,87.14007082404065,92.47456946976364,1.0,0.0,0.0,0
82.19806890487253,63.28925916054196,100.0,0.0,3.0,0.0,2
58.4856251287985,47.74549178110822,69.22575847648879,2.0,2.0,0.0,0
53.59931805484159,38.22841134425303,68.97022476543015,2.0,1.0,1.0,2
22.495503338636745,4.8399590600114415,40.15104761726205,4.0,1.0,4.0,3
46.3391307720342,39.933023369881525,52.74523817418688,1.0,0.0,1.0,0
93.59883270679846,82.6604922965383,100.0,3.0,3.0,0.0,0
75.57690193292268,62.570422695312914,88.58338117053245,4.0,0.0,0.0,0
59.356179080765685,42.52447710880553,76.18788105272584,0.0,3.0,0.0,2
84.67246822142182,76.2706804941121,93.07425594873155,2.0,0.0,0.0,0
21.729187445711272,2.6941318556012455,40.764243035821295,1.0,0.0,4.0,3
91.82181657614765,79.67940291372963,100.0,0.0,0.0,0.0,0
72.47515477019824,54.99770857670336,89.95260096369313,2.0,1.0,0.0,2
20.99856104517551,19.331400371745296,22.665721718605724,1.0,0.0,3.0,3
72.91488565243026,63.64803891553372,82.1817323893268,1.0,1.0,0.0,0
26.23458870268415,22.65119941316644,29.817977992201858,1.0,3.0,2.0,3
67.96979520160784,49.732132626788584,86.20745777642709,2.0,2.0,0.0,2
42.566422975159,37.86667658809084,47.26616936222716,1.0,1.0,1.0,0
35.90691798622793,21.64731531193911,50.16652066051675,3.0,0.0,2.0,3
67.1061107778077,65.84872308869014,68.36349846692526,1.0,0.0,0.0,0
52.55305800743784,48.53616518964799,56.56995082522769,3.0,2.0,0.0,0
24.83922637480248,18.44217676458165,31.23627598502331,2.0,1.0,3.0,3
81.67571561503931,66.03824915831017,97.31318207176845,1.0,3.0,0.0,2
39.95920525468279,34.93586975300927,44.982540756356315,4.0,1.0,1.0,3
66.36576973705976,50.02808187789546,82.70345759622407,3.0,1.0,0.0,2
65.70204894872072,49.92983366732719,81.47426423011424,2.0,2.0,0.0,2
24.21208675219664,4.368019839175034,44.05615366521825,2.0,3.0,4.0,3
94.7987412677309,81.25593147527607,100.0,3.0,3.0,0.0,0
53.574540716474104,40.82578820522892,66.32329322771929,3.0,0.0,0.0,0
35.40174792682685,23.371029547694484,47.43246630595922,3.0,1.0,2.0,3
52.756076631752805,50.56369386780721,54.9484593956984,0.0,3.0,0.0,0
65.22964597729026,54.96520316528452,75.494088789296,1.0,3.0,0.0,0
20.227983543773764,3.198325821101367,37.25764126644616,2.0,3.0,4.0,3
42.510016860108536,42.092880850616815,42.927152869600256,2.0,0.0,0.0,0
60.22476882181064,57.69166644113897,62.75787120248231,1.0,1.0,0.0,0
72.08577350182003,60.07478825011192,84.09675875352814,4.0,3.0,0.0,0
43.49794703839652,26.557629962503608,60.438264114289424,1.0,0.0,2.0,2
50.29322398394636,44.146588746281665,56.43985922161106,2.0,2.0,0.0,0
36.592132190444765,19.162567359653373,54.02169702123616,3.0,2.0,3.0,3
41.97802444763777,35.227492001912026,48.72855689336352,1.0,2.0,1.0,0
71.55180704802387,62.24263949650111,80.86097459954664,2.0,2.0,0.0,0
45.29463936066385,26.23402601796828,64.35525270335943,3.0,0.0,2.0,2
40.97147130320121,32.61962955662082,49.3233130497816,1.0,0.0,1.0,0
42.391994384391225,30.402369263605365,54.381619505177085,4.0,1.0,1.0,0
65.94822815135532,47.238914064037616,84.65754223867303,2.0,3.0,0.0,2
62.06125951136284,56.77361602921013,67.34890299351555,3.0,3.0,0.0,0
50.51760435836872,48.67888575703464,52.3563229597028,3.0,3.0,0.0,0
67.42372205422058,48.26312461747897,86.58431949096217,4.0,0.0,0.0,2
68.2095715993781,57.01297954092057,79.40616365783562,3.0,3.0,0.0,0
20.983217279498998,1.6664065266349652,40.30002803236303,2.0,2.0,4.0,3
45.429463476244905,28.0945710153631,62.76435593712671,3.0,1.0,2.0,2
38.32166588734193,26.429135771220373,50.214196003463485,2.0,2.0,2.0,3
82.18411890040035,72.75730542381282,91.61093237698788,4.0,1.0,0.0,0
40.65770696764409,31.052702415159843,50.262711520128335,2.0,1.0,1.0,0
43.79720689132679,40.476876980897146,47.11753680175643,3.0,0.0,0.0,0
60.334058592985606,51.262818237338806,69.4052989486324,1.0,2.0,0.0,0
61.05494742092949,44.62030844012114,77.48958640173782,0.0,1.0,0.0,2
80.82301313951339,61.04724883134952,100.0,2.0,3.0,0.0,2
49.09462102839799,29.88777975057279,68.30146230622319,4.0,0.0,2.0,2
41.0873181594594,21.843746349494445,60.330889969424355,3.0,1.0,2.0,2
65.61824915746779,65.23803139738322,65.99846691755235,1.0,0.0,0.0,0
74.62107807851692,64.30563693004272,84.93651922699111,4.0,0.0,0.0,0
94.44481306736546,90.44219075537065,98.44743537936027,3.0,2.0,0.0,0
66.37241147472767,54.066726945409926,78.67809600404541,2.0,3.0,0.0,0
56.80501809371542,37.88827992470982,75.72175626272102,4.0,0.0,1.0,2
29.980100836203214,12.447079626797205,47.51312204560922,3.0,0.0,3.0,3
94.01923136111809,76.68758182557485,100.0,1.0,0.0,0.0,2
71.37438613602154,64.06001798086176,78.68875429118133,0.0,3.0,0.0,0
32.37630771346154,22.352881632548918,42.39973379437417,1.0,2.0,2.0,3
54.475796794064934,48.836910607649095,60.11468298048077,0.0,1.0,0.0,0
62.02267516923382,50.945588551438235,73.09976178702941,0.0,2.0,0.0,0
36.26579802666845,30.198040853226484,42.33355520011041,2.0,0.0,1.0,3
74.93610747424209,58.76148178441437,91.11073316406981,4.0,3.0,0.0,2
68.77531672173474,59.48693024080944,78.06370320266004,3.0,0.0,0.0,0
37.53105158089422,23.523075794201937,51.539027367586506,2.0,2.0,2.0,3
94.23172780140851,76.77838366775669,100.0,1.0,0.0,0.0,2
91.15013907290309,85.15515725225666,97.14512089354952,3.0,0.0,0.0,0
39.91408322242353,27.472252970757978,52.35591347408908,2.0,2.0,2.0,3
53.135911595744496,36.21964775510618,70.05217543638281,0.0,2.0,1.0,2
87.10909561856488,68.09444365265803,100.0,2.0,1.0,0.0,2
50.472188244539346,47.21085572338048,53.73352076569821,0.0,2.0,0.0,0
91.61153876809783,77.9831342916635,100.0,2.0,3.0,0.0,0
35.03056522815146,26.32618902269561,43.73494143360731,0.0,1.0,2.0,3
74.30167142225304,68.59120949018964,80.01213335431643,1.0,3.0,0.0,0
64.96295503381738,61.808364870770994,68.11754519686377,4.0,0.0,0.0,0
45.96387023983709,34.256257548446186,57.671482931228,0.0,3.0,1.0,0
73.8344415115235,67.15268502481143,80.51619799823555,0.0,3.0,0.0,0
21.815788213778006,8.456914463029639,35.17466196452637,1.0,1.0,4.0,3
37.31523870115978,31.69530225032117,42.935175151998386,4.0,0.0,1.0,3
39.597164641715224,39.585334278287185,39.608995005143264,4.0,1.0,1.0,1
28.8102805016943,13.46572483448379,44.15483616890481,3.0,1.0,3.0,3
22.547082832734013,19.320539233573662,25.773626431894364,3.0,2.0,3.0,3
46.47106302348489,41.42099582144934,51.52113022552044,4.0,0.0,0.0,0
36.370599499124275,31.663515363320208,41.07768363492834,1.0,0.0,1.0,3
29.965021216284647,23.120200896985327,36.80984153558397,2.0,3.0,2.0,3
31.798305827985846,22.091467404875495,41.5051442510962,0.0,3.0,2.0,3
81.9699851720621,65.72094111211977,98.21902923200442,2.0,2.0,0.0,2
27.117715363955043,14.11331591443021,40.122114813479875,4.0,3.0,3.0,3
74.36414196713933,71.44417603196887,77.2841079023098,0.0,3.0,0.0,0
24.046581514119335,20.373060513689605,27.720102514549065,3.0,3.0,2.0,3
23.047400863486864,6.106147878493207,39.988653848480524,2.0,3.0,4.0,3
53.168227527307664,48.171118364300575,58.16533669031475,4.0,0.0,0.0,0
48.63897610014167,44.265313856417535,53.0126383438658,2.0,3.0,0.0,0
60.93113889884965,60.85973647937782,61.002541318321484,2.0,3.0,0.0,0
72.69823071401,57.21671613290235,88.17974529511764,0.0,0.0,0.0,2
43.23580370871449,28.466767203321407,58.004840214107574,2.0,0.0,2.0,0
34.58055116498036,27.62826818061884,41.53283414934189,4.0,1.0,2.0,3
81.65876083643474,81.51246385049654,81.80505782237293,0.0,3.0,0.0,0
32.39802023802518,16.686513479765495,48.10952699628487,0.0,3.0,3.0,3
79.88395530589317,77.8966510599356,81.87125955185073,4.0,2.0,0.0,0
64.03601567566632,54.82665696289889,73.24537438843375,1.0,3.0,0.0,0
41.70274874644199,24.899796406697615,58.50570108618636,3.0,0.0,2.0,2
43.569429801018735,38.68378748639221,48.45507211564526,3.0,3.0,1.0,0
47.79720959560397,40.203835652547475,55.39058353866046,2.0,3.0,0.0,0
64.33097958479019,51.1138544596042,77.54810470997617,2.0,3.0,0.0,0
93.47200855881115,80.00875347877724,100.0,3.0,1.0,0.0,0
43.87047642632727,34.61634888835354,53.124603964301,1.0,2.0,1.0,0
90.6400933781159,81.96504118645066,99.31514556978115,0.0,1.0,0.0,0
35.38601392245913,26.995829804528775,43.77619804038948,4.0,1.0,2.0,3
28.471858800230095,18.751204696351714,38.192512904108476,0.0,3.0,3.0,3
59.90853364860679,52.975633298187816,66.84143399902577,0.0,2.0,0.0,0
93.23606530315566,88.10777627918279,98.36435432712852,3.0,3.0,0.0,0
56.36478461240171,50.04375695000082,62.68581227480259,2.0,1.0,0.0,0
79.99362951409294,70.43828385950562,89.54897516868027,1.0,0.0,0.0,0
55.44097490125656,47.79815740283054,63.08379239968258,0.0,0.0,0.0,0
83.75013597811422,72.03937573728784,95.46089621894059,1.0,2.0,0.0,0
80.95555697914978,68.33273298698239,93.57838097131716,0.0,1.0,0.0,0
71.46443748694055,51.54156321771625,91.38731175616485,2.0,1.0,0.0,2
66.1557946957868,53.852405354753046,78.45918403682055,2.0,0.0,0.0,0
58.86071203628662,44.16804845125473,73.55337562131851,4.0,3.0,0.0,0
91.75691788186546,89.79628208866238,93.71755367506854,4.0,0.0,0.0,0
61.8034881121145,46.59451189582918,77.01246432839983,2.0,2.0,0.0,2
45.28535463035716,35.107284932652796,55.46342432806153,2.0,1.0,1.0,0
86.16628147287295,68.8351197083716,100.0,3.0,3.0,0.0,2
69.50261529719778,50.084440105678965,88.92079048871659,1.0,2.0,0.0,2
61.86297539845079,57.25566320531313,66.47028759158846,3.0,0.0,0.0,0
71.16279315387133,52.58929091554374,89.73629539219893,0.0,2.0,0.0,2
46.16540867572571,32.73259113725609,59.59822621419533,4.0,0.0,1.0,0
51.563974195613284,36.78170115700612,66.34624723422046,4.0,2.0,1.0,0
34.6696069969102,25.222385666630686,44.11682832718971,4.0,0.0,2.0,3
84.1265608050197,77.0306891641828,91.22243244585658,1.0,2.0,0.0,0
69.91940552773427,53.918724988101346,85.9200860673672,3.0,1.0,0.0,2
81.81963015376583,81.38019428869544,82.25906601883622,2.0,1.0,0.0,0
43.804292673931954,32.99237810984973,54.61620723801418,4.0,3.0,1.0,0
94.65779824009267,93.18120275250847,96.13439372767688,0.0,1.0,0.0,0
46.790763059979994,41.698066404948435,51.883459715011554,1.0,0.0,0.0,0
46.528477072460525,32.024494712342985,61.032459432578065,0.0,2.0,1.0,0
92.0476594593374,76.95288722005972,100.0,4.0,3.0,0.0,2
69.12986616431562,51.34899948834346,86.91073284028778,0.0,0.0,0.0,2
90.00817463019342,75.69942994108305,100.0,0.0,1.0,0.0,0
66.73564147249134,53.24072195058721,80.23056099439547,0.0,2.0,0.0,0
38.48561042474852,19.58326447689022,57.38795637260682,4.0,0.0,3.0,3
49.30523807188377,38.55704601726201,60.05343012650553,2.0,3.0,1.0,0
84.41842806553925,71.34079508657389,97.4960610445046,0.0,0.0,0.0,0
56.709644692984824,39.34838760948219,74.07090177648746,1.0,1.0,1.0,2
73.17347171982672,57.89956879616822,88.44737464348522,2.0,2.0,0.0,2
32.48965744868962,17.091146469273333,47.88816842810591,4.0,3.0,3.0,3
49.982645607500004,39.247529670061326,60.71776154493868,1.0,1.0,1.0,0
82.95928880105558,72.40239266332311,93.51618493878804,0.0,1.0,0.0,0
90.57577532891193,77.60164151678437,100.0,3.0,3.0,0.0,0
44.32254981964948,30.311622011703047,58.33347762759591,2.0,2.0,1.0,0
32.94296137743044,22.020924556897103,43.864998197963786,0.0,0.0,2.0,3
21.756562904459766,18.04722406015903,25.4659017487605,2.0,3.0,3.0,3
29.55383418004802,24.585601431278903,34.52206692881714,2.0,0.0,2.0,3
82.67509212100327,72.81358988295138,92.53659435905517,1.0,2.0,0.0,0
54.17629637541435,50.09499910673452,58.257593644094186,1.0,3.0,0.0,0
41.87161077571809,33.4018631524671,50.34135839896908,0.0,2.0,1.0,0
78.17450462175135,75.23168419789323,81.11732504560948,4.0,3.0,0.0,0
79.50844406944438,76.58379540679623,82.43309273209253,0.0,2.0,0.0,0
47.16203474238425,30.297731282141292,64.02633820262722,2.0,2.0,1.0,2
87.60257330423003,76.75757339900024,98.44757320945983,0.0,0.0,0.0,0
54.73342498581651,39.12472724036549,70.34212273126754,4.0,0.0,1.0,2
39.592338569447726,39.3615510756493,39.82312606324615,1.0,2.0,1.0,1
87.48169185155137,81.76907251494045,93.1943111881623,4.0,2.0,0.0,0
31.47136083866758,31.117748074705162,31.824973602629996,0.0,2.0,1.0,3
94.69576394554593,94.6281210364183,94.76340685467356,1.0,0.0,0.0,0
65.99391698473852,65.35358889618234,66.6342450732947,1.0,0.0,0.0,0
88.6510598301926,78.22057467445413,99.08154498593106,0.0,0.0,0.0,0
33.41268555608477,31.596244449713616,35.22912666245592,2.0,0.0,1.0,3
49.183344840721055,33.21586505755046,65.15082462389165,2.0,0.0,1.0,2
85.49381994760512,75.17006740889036,95.81757248631988,2.0,3.0,0.0,0
82.78256629253616,77.87550506554557,87.68962751952675,2.0,3.0,0.0,0
85.38883623805417,68.61569335821343,100.0,0.0,0.0,0.0,2
41.034436246531016,30.841682960459032,51.227189532603,1.0,1.0,1.0,0
66.32135186854094,59.30537110317643,73.33733263390546,2.0,3.0,0.0,0
49.219889574322075,37.860876637413504,60.578902511230645,3.0,1.0,1.0,0
44.05808025959686,30.6059055969842,57.510254922209526,1.0,1.0,1.0,0
59.00957024539115,47.8334962754735,70.18564421530881,2.0,1.0,0.0,0
73.6289710596018,54.97326535223396,92.28467676696962,4.0,1.0,0.0,2
58.888837309670805,51.80936272006939,65.96831189927222,3.0,2.0,0.0,0
37.28734309935899,29.088354889456674,45.48633130926131,0.0,2.0,2.0,3
80.56194752191558,63.38485848038583,97.73903656344534,1.0,2.0,0.0,2
93.3341509595062,80.58439999716988,100.0,0.0,2.0,0.0,0
47.215896685472956,27.890561699097475,66.54123167184844,4.0,1.0,2.0,2
83.69396142188695,67.85066826148264,99.53725458229127,4.0,1.0,0.0,2
84.78970788308668,74.53114230749749,95.04827345867587,2.0,3.0,0.0,0
39.53909304285926,26.844726708856562,52.23345937686195,1.0,1.0,2.0,3
72.89803458404289,64.7763463997147,81.01972276837108,3.0,3.0,0.0,0
90.38129012834767,87.82837774355005,92.9342025131453,0.0,1.0,0.0,0
75.48919560008481,67.34698477205183,83.6314064281178,3.0,1.0,0.0,0
22.251632268992346,16.62191666147157,27.88134787651312,4.0,2.0,3.0,3
65.33894239266397,51.77734516975883,78.9005396155691,0.0,1.0,0.0,0
78.38385628628706,64.99991187140986,91.76780070116425,2.0,1.0,0.0,0
66.36024366666715,47.61288579586153,85.10760153747276,0.0,1.0,0.0,2
22.155488343606024,20.566339533948874,23.744637153263174,3.0,2.0,2.0,3
29.012681258168115,19.661312149108984,38.36405036722725,3.0,0.0,3.0,3
80.12167156929937,72.14888788388683,88.0944552547119,0.0,1.0,0.0,0
56.604002071473985,46.05523441173921,67.15276973120876,4.0,3.0,0.0,0
91.84826565782008,89.45700406431729,94.23952725132287,1.0,1.0,0.0,0
51.1236191943774,41.295088393162295,60.9521499955925,2.0,2.0,0.0,0
81.62811985938541,68.48789978545602,94.76833993331479,1.0,1.0,0.0,0
22.661940562302163,16.386214486378094,28.937666638226233,4.0,3.0,3.0,3
83.07610476796849,70.06726154143401,96.08494799450297,3.0,0.0,0.0,0
84.42932807584884,79.11589434696117,89.74276180473652,4.0,3.0,0.0,0
47.1556871909722,39.76957904032861,54.541795341615796,1.0,3.0,1.0,0
43.208903109745634,25.063137103387174,61.35466911610409,2.0,1.0,2.0,2
88.24315831376552,87.74199050066848,88.74432612686256,2.0,3.0,0.0,0
78.32785432508558,72.87138564677578,83.78432300339539,1.0,3.0,0.0,0
64.84615467600388,46.131642312837755,83.56066703917,4.0,0.0,0.0,2
52.72586985394729,49.785013484427566,55.66672622346701,4.0,2.0,0.0,0
88.40649637661407,80.45834009519491,96.35465265803323,4.0,0.0,0.0,0
76.04165734092169,66.9597439908896,85.12357069095377,2.0,3.0,0.0,0
51.26269328594921,38.20974653960569,64.31564003229273,0.0,3.0,1.0,0
57.254009977605726,45.018544167785976,69.48947578742548,0.0,1.0,0.0,0
27.382374150987243,14.847127275884517,39.91762102608997,2.0,1.0,3.0,3
80.80587492842488,61.99765990097538,99.61408995587439,4.0,3.0,0.0,2
83.127670634178,75.27197185823435,90.98336941012165,3.0,1.0,0.0,0
46.67316807140699,36.87691139948009,56.46942474333389,3.0,2.0,1.0,0
43.22403004388953,23.944546765731435,62.503513322047624,3.0,2.0,2.0,2
38.91756157109473,36.35451157497076,41.4806115672187,4.0,1.0,1.0,1
33.00940389145937,14.045169413139476,51.973638369779266,4.0,1.0,3.0,3
91.08388379656826,72.1182755585064,100.0,1.0,3.0,0.0,2
76.92751152831876,57.858012397162724,95.9970106594748,3.0,1.0,0.0,2
52.505412570266586,51.164831117029046,53.845994023504126,1.0,1.0,0.0,0
28.26278818407655,16.7114615542267,39.814114813926395,3.0,3.0,3.0,3
30.45778162699273,13.694344647620259,47.2212186063652,0.0,2.0,3.0,3
73.2341312768227,66.96010093951807,79.50816161412732,0.0,2.0,0.0,0
35.23107796397448,23.419847385827094,47.04230854212186,0.0,1.0,2.0,3
46.090547440796826,40.96164349450923,51.21945138708442,2.0,2.0,0.0,0
91.77568448455915,89.18341552699455,94.36795344212375,4.0,0.0,0.0,0
63.58984277798894,46.54471528060593,80.63497027537196,2.0,0.0,0.0,2
80.62604568767483,61.001638155595906,100.0,2.0,3.0,0.0,2
27.791100395387026,26.396172181665367,29.186028609108686,3.0,1.0,2.0,3
44.778964424580366,42.35254656241828,47.20538228674245,4.0,3.0,0.0,0
87.17052895059791,75.3983908732011,98.94266702799473,2.0,3.0,0.0,0
80.78473131943426,79.0585058392588,82.51095679960972,3.0,1.0,0.0,0
74.25874880166886,61.63544156871751,86.8820560346202,2.0,3.0,0.0,0
64.05536514165449,49.66565026655331,78.44508001675567,4.0,2.0,0.0,0
40.17050478798981,31.877916072586462,48.46309350339317,2.0,3.0,1.0,0
63.911041417037275,48.78617808178805,79.0359047522865,4.0,1.0,0.0,2
23.80699689095423,21.53441646837862,26.079577313529843,4.0,0.0,2.0,3
35.172064534290456,29.147336279000296,41.19679278958061,4.0,2.0,2.0,3
58.86989454420567,42.717116592161005,75.02267249625034,1.0,3.0,0.0,2
20.148299826114382,18.381341082158702,21.915258570070062,1.0,0.0,3.0,3
37.41701264352918,31.715302577519147,43.11872270953922,3.0,0.0,1.0,3
31.41860215065365,18.995346027253646,43.841858274053656,4.0,3.0,3.0,3
45.91345856468623,40.96561909711404,50.86129803225842,3.0,2.0,0.0,0
84.3764908259863,74.7589693189372,93.99401233303539,3.0,2.0,0.0,0
91.05643255983358,74.31260192733558,100.0,2.0,2.0,0.0,2
32.379380748454565,26.98605311333592,37.77270838357321,4.0,2.0,2.0,3
37.3305958521462,28.613578924960382,46.04761277933203,2.0,1.0,2.0,3
83.51579475385329,83.15074752935405,83.88084197835252,3.0,2.0,0.0,0
32.950714550638864,18.783325007215527,47.118104094062204,2.0,1.0,3.0,3
75.59873330828403,68.49754913979403,82.69991747677402,4.0,0.0,0.0,0
26.410884401159933,9.209812366002346,43.61195643631752,3.0,2.0,4.0,3
68.62288255759874,66.85165153994699,70.3941135752505,4.0,1.0,0.0,0
39.92750919184882,24.282902163361292,55.57211622033635,0.0,3.0,2.0,3
76.21709259642905,59.941193883013234,92.49299130984488,1.0,1.0,0.0,2
58.95299224013019,43.431614665909095,74.47436981435129,4.0,0.0,0.0,2
33.417126419233355,18.729537056374696,48.104715782092015,0.0,3.0,3.0,3
50.167178555722906,45.41139257158912,54.92296453985669,3.0,0.0,0.0,0
58.57646269422491,50.241812898176086,66.91111249027372,3.0,3.0,0.0,0
94.69825766117874,86.97921069403142,100.0,1.0,2.0,0.0,0
56.02717958220829,51.20641793694471,60.84794122747187,0.0,1.0,0.0,0
31.342976056372205,21.509167133801547,41.17678497894286,0.0,0.0,2.0,3
61.642084328958255,47.69142360956004,75.59274504835648,4.0,0.0,0.0,0
36.51594250527784,26.941406985275822,46.090478025279864,0.0,0.0,2.0,3
85.96742168949913,66.47813389039159,100.0,3.0,3.0,0.0,2
82.55511251655476,68.37994367971125,96.73028135339827,0.0,0.0,0.0,0
29.648534096949398,20.794552043009972,38.50251615088882,1.0,0.0,2.0,3
64.128147284163,56.048996502002396,72.20729806632362,0.0,0.0,0.0,0
72.23804242970982,60.56590994024751,83.91017491917214,3.0,2.0,0.0,0
38.87483634709525,30.239556277799778,47.510116416390716,0.0,1.0,1.0,3
66.97813501921665,62.53936902206253,71.41690101637077,3.0,1.0,0.0,0
54.70164545676798,44.280726068952916,65.12256484458304,4.0,3.0,0.0,0
56.15590215112832,42.70161004971918,69.61019425253747,3.0,1.0,0.0,0
61.34679147026123,54.17789256229842,68.51569037822404,3.0,3.0,0.0,0
62.76030868550476,57.093834262237415,68.4267831087721,4.0,0.0,0.0,0
73.23485441666578,68.88700238220214,77.58270645112943,4.0,2.0,0.0,0
53.93208960688892,46.67565367559147,61.188525538186376,3.0,0.0,0.0,0
74.19767065884768,69.31031953632662,79.08502178136875,2.0,0.0,0.0,0
56.44516771851853,41.18319325713661,71.70714217990046,1.0,2.0,0.0,2
69.71123129963779,56.93694651236222,82.48551608691335,3.0,2.0,0.0,0
39.73324336861294,33.99459874171759,45.47188799550829,0.0,2.0,1.0,3
60.62760536169003,40.79097982459413,80.46423089878593,4.0,1.0,0.0,2
55.09968141805416,42.18623872574719,68.01312411036113,4.0,1.0,0.0,0
42.66472196369441,39.81526332423624,45.51418060315258,1.0,3.0,1.0,0
24.67340001377551,8.086654120410277,41.26014590714074,3.0,0.0,4.0,3
58.26435479590146,43.190312899299215,73.33839669250371,3.0,1.0,0.0,2
20.731629590607458,10.73105667929393,30.732202501920987,4.0,3.0,3.0,3
49.237269010840414,44.5679985235422,53.90653949813863,4.0,2.0,0.0,0
47.799117699411916,31.58159262854013,64.01664277028371,3.0,3.0,1.0,2
67.53149391000521,65.04112956261868,70.02185825739174,4.0,0.0,0.0,0
94.05717021056003,85.69646497473305,100.0,1.0,0.0,0.0,0
84.3500899148831,68.00363802392326,100.0,2.0,3.0,0.0,2
93.13128584081448,77.1024698984476,100.0,0.0,2.0,0.0,2
91.32028132515089,78.72243658724508,100.0,4.0,3.0,0.0,0
25.55845563185447,25.403610581846767,25.713300681862176,1.0,3.0,2.0,3
41.14605380895438,34.48360761280781,47.808500005100946,2.0,1.0,1.0,0
42.274068551747,25.210110165102837,59.33802693839117,0.0,0.0,2.0,2
25.32654091058273,10.899224073677537,39.75385774748792,1.0,3.0,3.0,3
83.49879323624826,67.28688704086568,99.71069943163084,3.0,1.0,0.0,2
87.14970021322934,85.8900751908611,88.40932523559758,1.0,0.0,0.0,0
65.37304990028652,46.55766098693747,84.18843881363557,2.0,2.0,0.0,2
86.82431952080334,82.24332173509949,91.4053173065072,2.0,0.0,0.0,0
73.5776872893401,66.93182710164871,80.2235474770315,3.0,0.0,0.0,0
53.04154573592637,36.229885262278884,69.85320620957386,1.0,3.0,1.0,2
31.239829696436992,23.115446432399338,39.364212960474646,2.0,0.0,2.0,3
91.88724991653469,79.0257159150172,100.0,0.0,2.0,0.0,0
71.92090253979876,60.873631071932955,82.96817400766457,2.0,1.0,0.0,0
46.56379317209413,29.2422671035722,63.885319240616056,0.0,0.0,2.0,2
29.64501993737486,26.522549224023056,32.76749065072667,3.0,3.0,2.0,3
79.92273230041924,77.96690882302131,81.87855577781717,4.0,0.0,0.0,0
80.15112332699749,67.50404835803546,92.79819829595952,2.0,2.0,0.0,0
60.725688663366824,43.83285453550029,77.61852279123336,4.0,0.0,0.0,2
94.9967818460068,76.5347493922367,100.0,1.0,2.0,0.0,2
48.981522846826586,40.98301001000283,56.98003568365034,4.0,0.0,0.0,0
90.65487122413876,75.95773920041302,100.0,2.0,3.0,0.0,0
67.2696551340895,59.45392512872391,75.0853851394551,2.0,1.0,0.0,0
75.23167905016685,68.8541723079697,81.60918579236399,2.0,0.0,0.0,0
88.78077883079352,88.29653379593904,89.265023865648,4.0,0.0,0.0,0
82.3363532410132,77.33414252860615,87.33856395342025,3.0,2.0,0.0,0
41.650092655678634,38.246647338979685,45.05353797237758,2.0,2.0,1.0,0
85.04260465399635,79.67035228499262,90.41485702300008,3.0,1.0,0.0,0
60.47815582883662,54.703613287734406,66.25269836993884,2.0,2.0,0.0,0
23.36216385201634,6.183974433249933,40.540353270782745,4.0,3.0,4.0,3
70.53634584544724,66.4688236568455,74.60386803404899,2.0,2.0,0.0,0
57.47732355657311,41.091348664857186,73.86329844828904,4.0,2.0,0.0,2
60.246784270880184,43.05993659878186,77.43363194297851,1.0,3.0,0.0,2
50.864400415374824,41.58887541169826,60.13992541905139,2.0,0.0,0.0,0
24.80639176485734,10.316080435928178,39.296703093786505,3.0,0.0,3.0,3
33.516001360330115,27.143848834734623,39.888153885925604,2.0,0.0,2.0,3
76.73409509618794,76.37867646110995,77.08951373126594,2.0,0.0,0.0,0
37.567157474903354,23.374127017631523,51.760187932175185,0.0,1.0,2.0,3
67.07950198153203,54.95124577960429,79.20775818345977,4.0,0.0,0.0,0
60.63951975392504,51.41224704222867,69.86679246562142,1.0,3.0,0.0,0
36.60488697299967,18.631086395039983,54.57868755095936,0.0,1.0,3.0,3
41.042847757518246,26.49769097073717,55.588004544299324,4.0,0.0,2.0,0
48.76757131202673,40.25594701866413,57.27919560538933,0.0,2.0,0.0,0
86.013979536758,84.94640271345226,87.08155636006374,3.0,1.0,0.0,0
90.59796377145265,73.07624907068431,100.0,1.0,0.0,0.0,2
49.006661103033416,29.313804966869306,68.69951723919752,3.0,3.0,2.0,2
23.461322458908842,10.770901677071713,36.15174324074597,1.0,2.0,3.0,3
65.06737761348462,49.70336549562551,80.43138973134373,3.0,3.0,0.0,2
51.31818529652617,41.19768850525547,61.43868208779686,4.0,3.0,0.0,0
56.92364735971505,52.190790665550594,61.6565040538795,2.0,3.0,0.0,0
53.14628185241634,34.904932032884545,71.38763167194813,2.0,0.0,1.0,2
69.09301674122511,55.326004180468004,82.86002930198222,3.0,3.0,0.0,0
42.83300884002255,31.861747635787076,53.804270044258026,1.0,0.0,1.0,0
86.94735400605965,73.30566695014237,100.0,2.0,1.0,0.0,0
51.59370096179036,41.35647304574438,61.83092887783634,3.0,3.0,0.0,0
45.62460650112829,44.45691661830486,46.79229638395172,0.0,2.0,0.0,0
89.22087392523939,76.01205104506109,100.0,2.0,3.0,0.0,0
46.86071809752332,46.75638039462427,46.96505580042236,2.0,3.0,0.0,0
26.23047492465506,21.823559099957,30.63739074935312,1.0,0.0,2.0,3
31.65020476048505,28.530619414619565,34.769790106350534,2.0,2.0,2.0,3
73.57212470074845,66.76967959248901,80.37456980900788,1.0,2.0,0.0,0
62.174413467906746,44.00810067586839,80.3407262599451,2.0,0.0,0.0,2
60.09628554473202,58.50225308177436,61.690318007689676,1.0,0.0,0.0,0
26.14933278899734,19.001207700740217,33.297457877254466,4.0,1.0,3.0,3
32.30571540109762,17.11447638120098,47.496954420994264,3.0,2.0,3.0,3
49.716084511133225,32.454252133174094,66.97791688909236,3.0,3.0,1.0,2
53.600426494948444,38.87784375432187,68.32300923557501,4.0,2.0,1.0,0
48.243662463316646,28.939429838168685,67.5478950884646,0.0,3.0,2.0,2
57.70581870533311,43.78747019313414,71.62416721753208,1.0,0.0,0.0,0
75.01612772538014,60.12011023904026,89.91214521172003,0.0,1.0,0.0,0
67.67782516392275,59.23647045588771,76.11917987195778,3.0,1.0,0.0,0
65.84640813328794,59.80534256184494,71.88747370473094,1.0,3.0,0.0,0
61.83341129458711,52.59590475094768,71.07091783822653,3.0,2.0,0.0,0
35.06961991801198,19.71128024849233,50.42795958753163,4.0,2.0,3.0,3
65.34773683465914,52.34247568514219,78.3529979841761,1.0,2.0,0.0,0
31.884206142383547,16.446226543373307,47.32218574139379,1.0,1.0,3.0,3
73.46861450473418,60.91688279219697,86.02034621727138,2.0,3.0,0.0,0
53.92156371599725,39.25953676126346,68.58359067073104,2.0,2.0,1.0,0
63.609546146313754,60.496164681874305,66.7229276107532,1.0,2.0,0.0,0
84.70959428863081,78.23642362316211,91.18276495409951,1.0,2.0,0.0,0
47.98229689636929,36.758461555672994,59.20613223706559,1.0,3.0,1.0,0
27.48218522170095,27.151236951333743,27.813133492068154,2.0,1.0,2.0,3
86.85477545989694,68.60883092018366,100.0,2.0,2.0,0.0,2
47.373784078071395,42.583987519439326,52.163580636703465,2.0,3.0,0.0,0
50.48926417132774,48.71922021442407,52.25930812823141,1.0,2.0,0.0,0
42.20176032345479,28.916756065095992,55.48676458181359,3.0,0.0,2.0,0
51.51271181529709,47.63793087339265,55.38749275720153,2.0,0.0,0.0,0
59.07280714365281,47.83411287960621,70.31150140769941,1.0,0.0,0.0,0
83.24834666748669,78.268813199351,88.22788013562237,3.0,1.0,0.0,0
74.01202142177235,70.6931910657964,77.3308517777483,4.0,0.0,0.0,0
58.49606836955524,43.79614669090437,73.1959900482061,1.0,2.0,0.0,0
77.2885108106812,69.52105489026803,85.05596673109437,2.0,3.0,0.0,0
83.58436395717919,72.09559968633556,95.07312822802282,4.0,0.0,0.0,0
24.36114397664326,20.038654623732953,28.683633329553565,1.0,1.0,2.0,3
64.417162996548,53.36887192840908,75.46545406468692,1.0,0.0,0.0,0
23.24511151606331,14.820502818440975,31.669720213685647,1.0,0.0,3.0,3
43.10866259389316,42.08417369280031,44.133151494986,2.0,0.0,0.0,0
77.18122018797077,62.647383862009896,91.71505651393164,2.0,2.0,0.0,0
79.34639982375029,68.29911309587975,90.39368655162083,3.0,3.0,0.0,0
86.28704083042064,67.74024375038607,100.0,1.0,2.0,0.0,2
57.367844259859254,41.20884493926536,73.52684358045315,2.0,2.0,0.0,2
26.310313816227534,14.887929575873702,37.73269805658137,0.0,0.0,3.0,3
29.508892095600654,28.647700066592673,30.370084124608635,4.0,3.0,2.0,3
38.32321055538565,23.28483844740185,53.36158266336945,1.0,2.0,2.0,3
47.91370333184348,36.93281932219678,58.89458734149018,1.0,3.0,1.0,0
59.492061920428625,42.791431485851696,76.19269235500556,0.0,1.0,0.0,2
68.44530213084094,56.89040174842032,80.00020251326157,1.0,2.0,0.0,0
32.18776298354049,32.147213393928034,32.22831257315294,4.0,1.0,1.0,3
34.172641230644864,17.874399003862422,50.470883457427306,2.0,2.0,3.0,3
32.974235686388475,16.98875864583907,48.95971272693788,3.0,0.0,3.0,3
76.62027890183778,74.63222573712517,78.60833206655039,2.0,1.0,0.0,0
42.65658858515719,28.98011927266154,56.333057897652836,1.0,0.0,2.0,0
32.5033561749671,21.981343138224247,43.02536921170996,3.0,2.0,2.0,3
52.353179125192256,40.5548372458743,64.15152100451022,1.0,2.0,0.0,0
38.56373010801276,20.776664884527776,56.35079533149775,3.0,3.0,2.0,3
47.697429992658584,42.70605938049484,52.688800604822326,4.0,1.0,0.0,0
81.80105166421416,81.53785379435357,82.06424953407475,0.0,3.0,0.0,0
45.04224884557372,40.87100651369933,49.213491177448105,0.0,3.0,0.0,0
33.11445477392459,14.811934069127577,51.41697547872161,3.0,1.0,3.0,3
37.43395059139988,33.20548749316953,41.66241368963023,0.0,3.0,1.0,3
22.57679629764498,9.086584336776983,36.06700825851297,3.0,3.0,4.0,3
87.58469972244606,71.7909860260178,100.0,1.0,1.0,0.0,2
72.2725760736241,56.00837060457888,88.5367815426693,2.0,1.0,0.0,2
54.75207457925102,54.543333313163494,54.96081584533855,3.0,0.0,0.0,0
62.06486166117697,61.87681343711611,62.25290988523783,1.0,1.0,0.0,0
39.056823578425345,19.276621448354913,58.83702570849577,4.0,1.0,3.0,3
50.276604591801224,39.728068586584314,60.825140597018134,4.0,1.0,1.0,0
43.9876713157622,42.71360424385929,45.26173838766511,1.0,1.0,0.0,0
81.84075415943883,81.30457655089263,82.37693176798503,3.0,0.0,0.0,0
75.75690247577538,59.54147790540843,91.97232704614233,3.0,1.0,0.0,2
41.291036791791534,23.191934361363167,59.3901392222199,1.0,0.0,2.0,2
77.16858709334825,66.67873712549299,87.65843706120351,4.0,0.0,0.0,0
27.045021192470184,19.610739819030798,34.47930256590957,1.0,2.0,3.0,3
35.19271875024832,21.145586945382725,49.23985055511391,1.0,3.0,2.0,3
27.97844682098427,27.530679883640204,28.426213758328338,3.0,0.0,2.0,3
37.86847451838711,19.890159135547417,55.8467899012268,0.0,2.0,3.0,3
36.96454062234832,31.84273060290112,42.086350641795526,4.0,3.0,1.0,3
87.54159061677002,83.72341548890259,91.35976574463746,1.0,2.0,0.0,0
44.55421537129437,38.338368209411385,50.77006253317735,2.0,0.0,1.0,0
46.64134802143567,45.366795306901544,47.91590073596979,3.0,3.0,0.0,0
27.48129689315441,19.690088739147086,35.27250504716174,4.0,0.0,3.0,3
24.94868347113681,10.653726549979773,39.24364039229385,3.0,2.0,3.0,3
36.454066496086305,26.489939270517233,46.41819372165538,1.0,1.0,2.0,3
30.090960389242603,16.73137972946314,43.450541049022064,3.0,2.0,3.0,3
45.84574824857147,41.570309119948014,50.12118737719492,1.0,0.0,0.0,0
33.95332722204454,25.99551830095219,41.91113614313689,2.0,3.0,2.0,3
33.362849447588175,22.97322179770952,43.75247709746683,3.0,0.0,2.0,3
68.5652512098278,57.11408177553699,80.01642064411863,2.0,3.0,0.0,0
90.65794492788687,86.93001524864286,94.38587460713089,0.0,0.0,0.0,0
20.936125866473805,4.782743163535425,37.08950856941219,0.0,1.0,4.0,3
72.91670599318265,71.112381575227,74.72103041113829,0.0,2.0,0.0,0
69.4398254151373,67.47408039855263,71.40557043172198,0.0,2.0,0.0,0
63.87908407407105,58.88506959549626,68.87309855264584,3.0,1.0,0.0,0
71.92235973581259,58.836880461646516,85.00783900997867,0.0,1.0,0.0,0
58.15246206434854,56.61071880803283,59.69420532066425,1.0,2.0,0.0,0
89.5188300066122,89.36431806429692,89.67334194892749,1.0,0.0,0.0,0
31.866866960011997,22.423235448250352,41.31049847177364,0.0,0.0,2.0,3
55.51635950381513,48.58321823132661,62.44950077630365,4.0,1.0,0.0,0
68.9778787189694,65.84295243472316,72.11280500321563,0.0,0.0,0.0,0
88.15240621422967,75.03392879971895,100.0,0.0,0.0,0.0,0
56.55766676483866,43.7290384721933,69.38629505748402,1.0,0.0,0.0,0
93.27471900407934,90.83686175446638,95.7125762536923,0.0,3.0,0.0,0
69.23621499877267,64.6401882366687,73.83224176087663,1.0,0.0,0.0,0
72.4409403711897,65.14135399958244,79.74052674279696,0.0,0.0,0.0,0
81.36554165527244,61.564743580029,100.0,1.0,3.0,0.0,2
75.04387280495864,59.67206152519053,90.41568408472675,0.0,1.0,0.0,2
59.197019135213246,52.45371239905382,65.94032587137266,4.0,1.0,0.0,0
77.94628039096787,58.63752394925625,97.2550368326795,3.0,2.0,0.0,2
22.67997143016906,13.581329243636787,31.778613616701335,3.0,2.0,3.0,3
89.9575467810912,82.35090795871882,97.56418560346357,2.0,1.0,0.0,0
81.73623983864277,62.85052412053422,100.0,3.0,3.0,0.0,2
67.82458813643015,53.1010785022902,82.54809777057011,4.0,0.0,0.0,0
25.156585402357894,14.199700149293434,36.113470655422354,0.0,0.0,3.0,3
42.11928862293244,30.105357465352128,54.133219780512746,2.0,2.0,1.0,0
39.022114077959785,19.565903734704293,58.47832442121528,0.0,3.0,3.0,3
39.276873674393954,36.218842675103694,42.334904673684214,2.0,3.0,1.0,1
70.40767534630652,63.465165872591115,77.35018482002192,4.0,2.0,0.0,0
85.7103780419331,77.29005062103685,94.13070546282934,3.0,0.0,0.0,0
71.12226864281298,51.42828098378028,90.81625630184568,3.0,2.0,0.0,2
49.15698015176245,47.47309834649339,50.84086195703151,0.0,0.0,0.0,0
92.69273157718823,90.45970903553653,94.92575411883992,4.0,3.0,0.0,0
84.69367674096374,75.98626991468225,93.40108356724522,3.0,0.0,0.0,0
71.40638070275271,68.02150760905775,74.79125379644768,1.0,0.0,0.0,0
49.80992366689201,36.113320454066034,63.50652687971799,1.0,2.0,1.0,0
71.28705808646401,64.07350744014997,78.50060873277806,2.0,2.0,0.0,0
50.59963347890186,33.67548418767616,67.52378277012755,3.0,1.0,1.0,2
31.639025349863186,16.6668143642001,46.61123633552627,2.0,1.0,3.0,3
66.41260284433483,56.99646695236186,75.8287387363078,4.0,2.0,0.0,0
72.35767139230695,55.45808356110018,89.25725922351373,1.0,2.0,0.0,2
46.197779440397845,44.181402540766726,48.214156340028964,3.0,2.0,0.0,0
89.69808630051271,78.07610620860815,100.0,4.0,0.0,0.0,0
84.06946710213774,71.96680776594147,96.172126438334,3.0,2.0,0.0,0
63.71394067827576,58.79351840167982,68.6343629548717,1.0,0.0,0.0,0
24.517682049460934,23.52525551965536,25.510108579266507,2.0,0.0,2.0,3
21.29118779931926,10.58720855005032,31.9951670485882,2.0,3.0,3.0,3
67.99147117468561,57.7179301834886,78.26501216588264,1.0,0.0,0.0,0
81.03544100981667,67.96320582280681,94.10767619682652,0.0,1.0,0.0,0
57.52646250883416,53.26788769029346,61.78503732737485,0.0,1.0,0.0,0
21.761594612706684,18.168727377578648,25.35446184783472,3.0,0.0,3.0,3
30.8621661285597,11.303848341445992,50.42048391567341,1.0,0.0,3.0,3
35.84336944004461,33.56959953435311,38.11713934573611,3.0,0.0,1.0,3
67.08168002884031,47.09350830841406,87.06985174926656,3.0,2.0,0.0,2
56.45446444500143,42.05492896195302,70.85399992804983,2.0,2.0,0.0,0
27.665509444914324,15.07906467870905,40.251954211119596,1.0,2.0,3.0,3
57.625580341321886,50.82991043160234,64.42125025104143,4.0,0.0,0.0,0
85.21196175183452,67.85589969413077,100.0,0.0,2.0,0.0,2
52.93362549122764,34.73239324542347,71.13485773703181,1.0,0.0,1.0,2
31.232179943344818,16.79449994346876,45.66985994322087,3.0,1.0,3.0,3
63.350592084262416,49.152820500709,77.54836366781583,4.0,3.0,0.0,0
89.70394586737136,79.8408532105423,99.56703852420041,2.0,1.0,0.0,0
28.693283319191462,27.13658601198025,30.249980626402674,3.0,0.0,2.0,3
31.73058111568358,11.750000234791628,51.711161996575534,1.0,2.0,3.0,3
62.51320334258325,62.20209571802307,62.82431096714344,4.0,0.0,0.0,0
45.49975385349417,35.59180586578071,55.40770184120763,2.0,0.0,1.0,0
87.16704584462445,79.82435959086726,94.50973209838165,3.0,2.0,0.0,0
73.45729226681469,57.93464509301023,88.97993944061915,0.0,2.0,0.0,2
31.031585463564753,16.315978187392492,45.74719273973702,2.0,0.0,3.0,3
85.30387900345386,72.74288485404608,97.86487315286163,3.0,2.0,0.0,0
68.17190313270763,66.67713228026017,69.66667398515509,2.0,0.0,0.0,0
57.02257538429658,52.285586429477036,61.759564339116125,4.0,2.0,0.0,0
39.240983182601795,37.35781458597371,41.12415177922988,4.0,2.0,1.0,1
68.72829559349215,49.148768359173104,88.3078228278112,0.0,0.0,0.0,2
87.38643755084163,84.83077963506878,89.94209546661449,4.0,2.0,0.0,0
22.885719297210045,3.5418648108615756,42.229573783558514,1.0,2.0,4.0,3
48.136250315904896,45.88200686704333,50.39049376476646,2.0,1.0,0.0,0
90.1744634140473,72.9298565315851,100.0,2.0,2.0,0.0,2
48.718208438275326,37.22560494271914,60.210811933831515,3.0,3.0,1.0,0
22.69027262706998,6.055759455008641,39.32478579913132,2.0,1.0,4.0,3
27.608309294498618,14.927630129851657,40.28898845914558,2.0,3.0,3.0,3
71.80700259345676,56.430259251354585,87.18374593555893,2.0,0.0,0.0,2
72.50903826094644,57.89280625166157,87.12527027023131,1.0,2.0,0.0,0
28.628377894301263,23.424638356516766,33.83211743208576,2.0,1.0,2.0,3
36.44120079016369,17.7402349400895,55.14216664023788,0.0,2.0,3.0,3
62.29047040061147,49.417548316118314,75.16339248510462,0.0,2.0,0.0,0
71.48997385880816,67.44829148730213,75.53165623031418,3.0,3.0,0.0,0
31.75926842357154,25.638427817824763,37.88010902931832,1.0,2.0,2.0,3
54.22867563807612,43.56765549436581,64.88969578178643,3.0,0.0,0.0,0
62.15263988585941,44.51610519597632,79.78917457574249,3.0,3.0,0.0,2
23.72776505132168,7.792702651400791,39.66282745124256,3.0,2.0,4.0,3
36.78173682479008,30.740776690590064,42.8226969589901,2.0,0.0,1.0,3
88.91718031647794,75.14745407099633,100.0,2.0,0.0,0.0,0
85.9986164848636,85.96547988335212,86.03175308637509,3.0,0.0,0.0,0
44.18623373042028,37.5334127806013,50.83905468023925,1.0,0.0,1.0,0
85.09828103711348,68.30637655377701,100.0,2.0,1.0,0.0,2
67.44139991855799,64.41737596044169,70.4654238766743,1.0,3.0,0.0,0
93.62166301134201,86.55375773491076,100.0,1.0,3.0,0.0,0
92.46642101628856,92.44555467487137,92.48728735770575,0.0,0.0,0.0,0
66.27033497604918,65.80768045192325,66.73298950017512,0.0,1.0,0.0,0
55.08795734857003,52.16757752851672,58.008337168623335,0.0,1.0,0.0,0
30.67106018290301,28.633799076931915,32.7083212888741,3.0,1.0,2.0,3
59.77630249181802,49.98171561717813,69.57088936645792,3.0,0.0,0.0,0
49.87240069470905,31.872313372891426,67.87248801652667,0.0,1.0,1.0,2
68.42051679315563,66.72768266509884,70.11335092121242,3.0,2.0,0.0,0
26.711815727983378,9.315078337656537,44.10855311831022,3.0,2.0,4.0,3
82.61883202555893,69.255675259089,95.98198879202886,4.0,3.0,0.0,0
92.53358687142563,89.15568936285848,95.91148437999277,4.0,3.0,0.0,0
35.702204030943484,29.90747414687344,41.49693391501353,0.0,1.0,2.0,3
67.45877351774243,63.57510386662468,71.34244316886017,2.0,3.0,0.0,0
80.14538241218294,64.35941327707106,95.93135154729482,4.0,3.0,0.0,2
61.58069643421311,47.07868930877686,76.08270355964936,1.0,1.0,0.0,0
90.15776761526551,84.06958068871216,96.24595454181886,2.0,1.0,0.0,0
58.38999356028021,57.30330696838907,59.47668015217135,0.0,2.0,0.0,0
40.29105438502829,36.91623918557893,43.66586958447765,1.0,3.0,1.0,0
55.3700144810707,42.77248725454701,67.96754170759438,4.0,3.0,0.0,0
56.58996913484095,54.78251300660488,58.39742526307702,3.0,3.0,0.0,0
39.02835994329754,28.29904992644932,49.757669960145755,1.0,3.0,2.0,3
79.02145934548915,66.7628791019783,91.280039589,4.0,0.0,0.0,0
66.33099616361018,52.57592399425258,80.08606833296778,1.0,0.0,0.0,0
47.77763432789254,45.27051942758089,50.28474922820419,1.0,3.0,0.0,0
51.6242171011357,42.43009948394,60.8183347183314,2.0,1.0,0.0,0
47.87758389412953,38.609651455670054,57.145516332589004,3.0,0.0,1.0,0
53.59239032663266,36.88673838727179,70.29804226599353,1.0,1.0,1.0,2
59.60709203457564,50.23275184052881,68.98143222862247,1.0,1.0,0.0,0
44.819522912267004,36.683607704067754,52.955438120466255,3.0,2.0,1.0,0
81.36175808015702,78.89254909914493,83.8309670611691,1.0,0.0,0.0,0
89.62753461300605,75.73824759058999,100.0,0.0,1.0,0.0,0
59.210022459655875,46.81423283272416,71.60581208658759,0.0,1.0,0.0,0
73.35220954279922,59.013212535182326,87.6912065504161,1.0,0.0,0.0,0
89.79043855075123,76.6647734514076,100.0,0.0,3.0,0.0,0
34.395463856924636,16.88978730258741,51.90114041126186,0.0,0.0,3.0,3
34.22919038935224,16.68226826389168,51.7761125148128,3.0,3.0,3.0,3
25.44582724597438,19.292162092217072,31.59949239973169,2.0,1.0,3.0,3
53.15772443523055,49.509483253491524,56.80596561696957,0.0,2.0,0.0,0
44.83605976910718,26.30650974315605,63.36560979505831,1.0,1.0,2.0,2
62.04005393439325,47.77925582273449,76.300852046052,3.0,3.0,0.0,0
53.83015204798919,34.410604043692715,73.24970005228566,4.0,3.0,1.0,2
34.26454308566222,24.32542901364736,44.20365715767708,4.0,1.0,2.0,3
49.33852361505578,30.093656483197584,68.58339074691398,1.0,0.0,1.0,2
22.167262657024697,19.712886778957024,24.62163853509237,4.0,0.0,3.0,3
60.30385671715377,48.49656547689042,72.11114795741712,2.0,2.0,0.0,0
40.32951110644032,30.394804997115756,50.26421721576489,1.0,3.0,1.0,0
28.426912596284378,28.374014166577723,28.479811025991033,2.0,0.0,2.0,3
24.939264796265245,21.081290502686272,28.79723908984422,0.0,0.0,2.0,3
73.583668050751,70.51422502628431,76.6531110752177,2.0,1.0,0.0,0
38.55053880490504,37.33435303567396,39.76672457413611,2.0,3.0,1.0,1
69.40977321299037,50.44679170142952,88.37275472455123,2.0,3.0,0.0,2
81.1631386163059,61.85579492088274,100.0,0.0,0.0,0.0,2
57.49893119106243,39.66393125892806,75.3339311231968,0.0,3.0,1.0,2
29.97894910821708,10.201331678738718,49.75656653769544,1.0,1.0,3.0,3
66.09109006614223,49.4778057187887,82.70437441349576,4.0,0.0,0.0,2
25.370563561332673,6.7269421592987975,44.014184963366546,2.0,1.0,4.0,3
81.28576488235689,77.33314229168543,85.23838747302834,2.0,3.0,0.0,0
77.11551604446606,71.97783885765246,82.25319323127967,3.0,1.0,0.0,0
50.15625411935529,32.914932135412556,67.39757610329802,2.0,2.0,1.0,2
40.182144274872336,30.592869695620195,49.77141885412448,1.0,0.0,1.0,0
73.21658403211,58.87713548644112,87.5560325777789,4.0,0.0,0.0,0
62.54073567018251,51.30255383088404,73.77891750948098,1.0,0.0,0.0,0
30.8819121821986,24.769137380150944,36.99468698424626,3.0,1.0,2.0,3
76.93903050022824,71.2423335443871,82.63572745606939,4.0,0.0,0.0,0
45.04813789207348,30.084545860191504,60.01172992395545,3.0,2.0,1.0,0
87.03856194342933,76.39665968284353,97.68046420401512,4.0,3.0,0.0,0
82.21012737810696,75.02241376565098,89.39784099056294,0.0,2.0,0.0,0
40.68598850750276,28.345194537023435,53.026782477982096,3.0,1.0,2.0,0
39.144030415188126,30.745278723380277,47.54278210699597,0.0,0.0,1.0,3
49.84171305613249,40.34021619118409,59.34320992108089,2.0,0.0,0.0,0
80.33623755782226,66.77804353086074,93.89443158478377,0.0,0.0,0.0,0
29.799054736884422,20.63975069747143,38.958358776297416,3.0,0.0,2.0,3
43.70382808954873,24.70501583239374,62.70264034670372,1.0,2.0,2.0,2
69.4330957937393,59.72924312749551,79.13694845998309,0.0,1.0,0.0,0
22.51179172336833,3.2753353129194203,41.74824813381724,4.0,2.0,4.0,3
24.192511594511714,7.238748500962775,41.14627468806066,4.0,1.0,4.0,3
77.16283232320305,59.34428508685631,94.9813795595498,0.0,1.0,0.0,2
59.17571610965035,43.91020951424232,74.4412227050584,1.0,1.0,0.0,2
61.82017444602034,49.729661626739244,73.91068726530143,0.0,1.0,0.0,0
38.664797704786814,28.01144448729748,49.318150922276146,3.0,0.0,2.0,3
59.883766188550524,48.85066376985206,70.91686860724899,4.0,0.0,0.0,0
60.875426297855334,56.84633147232673,64.90452112338393,1.0,3.0,0.0,0
51.03285518652187,46.744957728728956,55.32075264431479,2.0,0.0,0.0,0
92.33174437648971,91.64850781159471,93.0149809413847,3.0,1.0,0.0,0
23.694801133760215,8.78359508418852,38.60600718333191,2.0,1.0,4.0,3
51.119603319255894,48.62233319998928,53.61687343852251,3.0,1.0,0.0,0
84.311499004512,72.66851637797411,95.95448163104989,3.0,2.0,0.0,0
35.470233149349696,32.711771180218626,38.228695118480765,3.0,2.0,1.0,3
90.12481085810695,88.79387622903526,91.45574548717865,3.0,2.0,0.0,0
51.911811475162985,41.239924104208455,62.583698846117514,2.0,1.0,0.0,0
31.74492309828671,14.283005242502668,49.20684095407075,1.0,3.0,3.0,3
26.982469071325976,19.862180369257857,34.102757773394096,3.0,0.0,3.0,3
44.53021866706544,26.145668490812337,62.91476884331854,0.0,1.0,2.0,2
88.97929526063459,88.77315249722362,89.18543802404555,2.0,1.0,0.0,0
90.43217092116619,81.11739075370483,99.74695108862755,0.0,1.0,0.0,0
62.244836077365825,59.30954725566071,65.18012489907095,3.0,2.0,0.0,0
28.86427369162264,22.548663918259177,35.179883464986105,3.0,0.0,2.0,3
54.2444351679841,53.7698006039895,54.7190697319787,2.0,3.0,0.0,0
51.33197691809874,50.625027174058786,52.03892666213869,1.0,0.0,0.0,0
37.33009756011545,23.073823819896447,51.58637130033445,2.0,1.0,2.0,3
25.70242502387518,12.611623473237938,38.79322657451242,3.0,2.0,3.0,3
48.6180355685011,44.45132654227774,52.78474459472446,3.0,3.0,0.0,0
47.8891334765419,29.86615392738156,65.91211302570224,4.0,2.0,2.0,2
72.79847741869567,59.03893869805593,86.55801613933541,0.0,2.0,0.0,0
49.56698402737505,42.843522022740636,56.29044603200946,0.0,0.0,0.0,0
20.985031733177944,12.831968158935641,29.138095307420247,3.0,2.0,3.0,3
21.50140162468009,15.650285686049704,27.35251756331047,0.0,2.0,3.0,3
71.56366014222762,54.95169590814963,88.1756243763056,0.0,0.0,0.0,2
69.55893263917359,59.67973395321495,79.43813132513223,1.0,1.0,0.0,0
32.02642883279498,29.32027707168991,34.73258059390004,3.0,3.0,2.0,3
84.96687929168053,80.93260437932474,89.00115420403631,0.0,3.0,0.0,0
69.69670535507184,63.765123887318055,75.62828682282563,1.0,0.0,0.0,0
31.554126427031896,23.4910629344783,39.61718991958549,0.0,2.0,2.0,3
41.57096859267312,29.718170557489067,53.42376662785717,4.0,1.0,2.0,0
93.02471256789765,73.74141296475693,100.0,3.0,3.0,0.0,2
50.58098148420645,45.342408608758355,55.81955435965454,0.0,2.0,0.0,0
37.75790979543061,31.189838481279075,44.32598110958215,1.0,1.0,1.0,3
59.30977699352801,58.830736983601554,59.78881700345447,2.0,3.0,0.0,0
35.41637996436494,27.965340863391347,42.86741906533854,2.0,0.0,2.0,3
79.37876734451838,65.87721801982453,92.88031666921223,0.0,1.0,0.0,0
79.57267132798881,60.31144710297882,98.83389555299881,2.0,3.0,0.0,2
80.06323885612139,65.25944827905253,94.86702943319024,4.0,0.0,0.0,0
66.29520304480809,63.93527279155248,68.6551332980637,1.0,0.0,0.0,0
72.05336697446688,54.252594929114224,89.85413901981954,0.0,3.0,0.0,2
44.10524981581497,27.331667238203718,60.87883239342622,1.0,1.0,2.0,2
85.9165956106902,82.13614673154537,89.69704448983502,2.0,3.0,0.0,0
30.812128368950983,12.125270839256668,49.4989858986453,1.0,0.0,3.0,3
39.086535147226,24.804554257721207,53.368516036730796,0.0,2.0,2.0,3
94.45152205433897,78.79517527268032,100.0,0.0,0.0,0.0,2
92.02975355040998,82.84696026705775,100.0,3.0,1.0,0.0,0
58.071547898140885,54.057874076207504,62.085221720074266,0.0,0.0,0.0,0
57.43308010149971,41.450975810724344,73.41518439227508,1.0,1.0,0.0,2
28.761528402817326,19.212673507324414,38.31038329831024,3.0,1.0,3.0,3
69.47375001306924,50.12514309133516,88.82235693480331,2.0,3.0,0.0,2
22.32743431558432,19.260743934017118,25.394124697151522,0.0,2.0,3.0,3
43.575984443359665,36.467914164835726,50.684054721883605,0.0,0.0,1.0,0
51.37929131383645,36.668350337809976,66.09023228986291,2.0,1.0,1.0,0
87.04889417113837,75.60326184103266,98.49452650124408,1.0,3.0,0.0,0
92.63394973459029,83.96844825976703,100.0,4.0,1.0,0.0,0
93.04985352516135,79.01764278169681,100.0,0.0,2.0,0.0,0
79.91277547303817,65.24575423528793,94.5797967107884,0.0,2.0,0.0,0
41.74978511511413,30.20380485191397,53.295765378314286,2.0,3.0,1.0,0
23.40130521192325,17.01923724354287,29.78337318030363,4.0,2.0,3.0,3
51.9213248932788,39.5461358140374,64.2965139725202,0.0,2.0,1.0,0
42.304720082698545,31.3998700722627,53.20957009313439,4.0,3.0,1.0,0
69.1392539766691,53.18613395263907,85.09237400069912,4.0,1.0,0.0,2
47.82937678163172,34.760219875748845,60.8985336875146,2.0,3.0,1.0,0
86.80669676779179,76.87126181814948,96.7421317174341,2.0,3.0,0.0,0
48.05247560638498,47.67838150195972,48.42656971081024,4.0,1.0,0.0,0
48.349713115632206,45.010906738264254,51.68851949300016,3.0,3.0,0.0,0
76.93390363508385,70.20201779002934,83.66578948013836,2.0,1.0,0.0,0
64.2520181086101,52.22444559660945,76.27959062061076,1.0,3.0,0.0,0
39.14663230020416,23.299457261270607,54.99380733913772,4.0,0.0,2.0,3
70.75171718026463,51.55263482172145,89.95079953880781,1.0,1.0,0.0,2
62.22452848198059,50.22842059890007,74.22063636506111,1.0,1.0,0.0,0
27.804457445390252,13.227577537764011,42.38133735301649,4.0,1.0,3.0,3
55.0447878916356,42.61596379236887,67.47361199090233,2.0,1.0,0.0,0
88.90280532351612,80.29725086911414,97.5083597779181,3.0,3.0,0.0,0
35.88451429186393,23.69098055830624,48.07804802542162,4.0,1.0,2.0,3
51.09629206915622,43.0828325816589,59.10975155665354,3.0,2.0,0.0,0
40.69623329795847,31.623445541355338,49.769021054561605,0.0,0.0,1.0,0
60.26902275727016,42.04894499212174,78.48910052241857,3.0,0.0,0.0,2
93.13347118712791,81.85627794656298,100.0,2.0,1.0,0.0,0
43.23906913203312,41.230850253780844,45.2472880102854,0.0,0.0,0.0,0
82.46264091197567,71.98732742143996,92.93795440251138,0.0,0.0,0.0,0
82.87219040416828,63.80698610620125,100.0,4.0,0.0,0.0,2
39.4561725174687,37.455315152284754,41.45702988265265,0.0,1.0,1.0,1
77.94549908143527,58.52175291899926,97.36924524387129,2.0,0.0,0.0,2
94.10914625072604,74.35633924276321,100.0,4.0,0.0,0.0,2
91.55157992589037,80.33731660060758,100.0,4.0,1.0,0.0,0
65.43053187545524,58.78175728623085,72.07930646467965,4.0,1.0,0.0,0
31.38043773010733,31.207744253349475,31.55313120686519,3.0,3.0,1.0,3
28.950641267240865,28.64054107749828,29.26074145698345,2.0,2.0,2.0,3
40.01157742671558,32.24966939749008,47.773485455941085,1.0,2.0,1.0,0
65.09847268732712,49.43703680861904,80.7599085660352,4.0,2.0,0.0,2
48.96691835137435,30.119447900733128,67.81438880201557,2.0,0.0,1.0,2
72.42657007014988,69.33100396773749,75.52213617256227,1.0,1.0,0.0,0
79.08337926856868,69.32832716085315,88.8384313762842,4.0,2.0,0.0,0
33.531622886714,23.497110193049792,43.5661355803782,1.0,3.0,2.0,3
87.89705824528419,80.29099073737021,95.50312575319816,0.0,1.0,0.0,0
24.54297758081929,13.743856255149737,35.34209890648884,3.0,1.0,3.0,3
39.86961361101595,21.369168974857978,58.37005824717392,2.0,3.0,2.0,3
81.11000509432073,72.33942208397437,89.88058810466708,3.0,0.0,0.0,0
33.77991634915353,31.02432178732606,36.535510910981,3.0,3.0,1.0,3
36.510321849910376,23.20133050077691,49.81931319904385,3.0,1.0,2.0,3
93.17422716316231,92.54673667249428,93.80171765383035,1.0,0.0,0.0,0
88.42732533054095,69.62502004070785,100.0,1.0,1.0,0.0,2
80.95695035551509,62.15919723370861,99.75470347732157,1.0,3.0,0.0,2
33.03508137248154,31.19222930082293,34.877933444140155,4.0,1.0,1.0,3
39.13536939535372,28.11763247854609,50.153106312161356,3.0,0.0,2.0,3
37.63757815499573,21.689770786744774,53.585385523246686,1.0,1.0,2.0,3
34.18432541207756,24.892755817157187,43.47589500699794,4.0,2.0,2.0,3
92.7834882157627,83.20805552474425,100.0,3.0,0.0,0.0,0
32.45211289101848,13.048112820905864,51.856112961131096,2.0,3.0,3.0,3
76.00348805909717,71.39332619950167,80.61364991869266,4.0,3.0,0.0,0
23.82610748578017,13.299903707827838,34.3523112637325,4.0,3.0,3.0,3
60.785478913711685,58.48611568436069,63.08484214306268,2.0,3.0,0.0,0
25.313744866926932,19.264941861350138,31.362547872503725,0.0,0.0,3.0,3
24.6315149438282,7.613426394043387,41.649603493613014,2.0,3.0,4.0,3
37.26743703758265,22.938463888031862,51.59641018713344,1.0,0.0,2.0,3
89.42025448236619,77.18017874445285,100.0,3.0,0.0,0.0,0
67.91226254687277,65.63449124791155,70.19003384583398,0.0,0.0,0.0,0
68.85511280153709,51.84114181079672,85.86908379227745,2.0,0.0,0.0,2
42.32417655855337,36.36199061420087,48.28636250290587,2.0,0.0,1.0,0
74.27123555490536,63.571578675889,84.97089243392172,1.0,3.0,0.0,0
71.11643720191317,66.44694323331036,75.78593117051598,3.0,0.0,0.0,0
54.62640800604028,44.211676634655774,65.04113937742478,2.0,2.0,0.0,0
71.19540536330234,59.952614666521015,82.43819606008367,1.0,0.0,0.0,0
85.03515797411475,78.22578913898866,91.84452680924085,4.0,3.0,0.0,0
92.02855197445487,81.91011903526305,100.0,2.0,2.0,0.0,0
94.74454280092702,86.62349528396696,100.0,0.0,2.0,0.0,0
56.62341179683332,42.673503593108265,70.57332000055837,3.0,0.0,0.0,0
22.456486221804056,11.578659558574799,33.33431288503331,1.0,3.0,3.0,3
37.188361321754506,19.626839315569946,54.74988332793907,3.0,1.0,3.0,3
34.76367041538622,33.77083126497834,35.756509565794104,3.0,0.0,1.0,3
42.54040625655208,42.00763308321173,43.073179429892434,3.0,2.0,0.0,0
47.037662183579855,43.26667512966881,50.8086492374909,4.0,3.0,0.0,0
70.15079515437611,67.77926363582247,72.52232667292975,3.0,0.0,0.0,0
59.42667194623883,48.90875649031305,69.9445874021646,1.0,0.0,0.0,0
68.73084377065754,64.72816273893785,72.73352480237723,4.0,2.0,0.0,0
92.88796591508061,92.56699342187227,93.20893840828896,2.0,0.0,0.0,0
23.680396569160397,18.027955460598577,29.332837677722218,3.0,3.0,3.0,3
21.079901043078564,10.895840288265832,31.263961797891298,1.0,2.0,3.0,3
69.91290807957624,55.627805118523796,84.19801104062869,4.0,2.0,0.0,0
60.969032377986714,52.201136240288136,69.73692851568529,4.0,1.0,0.0,0
56.20618722907387,36.95190066153563,75.4604737966121,4.0,1.0,1.0,2
83.9995635711476,80.01051032574013,87.98861681655508,1.0,0.0,0.0,0
31.915681416538032,21.63444172969013,42.19692110338593,4.0,2.0,2.0,3
63.021452600555676,57.95777801545502,68.08512718565633,3.0,2.0,0.0,0
89.89453671583433,73.76117854214428,100.0,0.0,2.0,0.0,2
53.439014334635544,49.683845113193016,57.19418355607807,4.0,3.0,0.0,0
63.49367800693381,44.261656256410966,82.72569975745665,2.0,2.0,0.0,2
25.24995160189623,10.917821689450792,39.58208151434167,2.0,1.0,3.0,3
46.18872921716778,35.05142759429668,57.32603084003888,1.0,3.0,1.0,0
23.10487303241921,12.457911619065024,33.7518344457734,4.0,3.0,3.0,3
62.92822423645048,55.67881951848907,70.17762895441189,0.0,3.0,0.0,0
64.2855608508231,63.86503964750301,64.7060820541432,1.0,2.0,0.0,0
91.31302463389142,73.010549315492,100.0,2.0,1.0,0.0,2
67.88045174678693,51.981705023276106,83.77919847029776,0.0,0.0,0.0,2
20.223722423430246,17.526560775461967,22.920884071398525,1.0,1.0,3.0,3
82.49257971041993,80.05098758656482,84.93417183427505,3.0,3.0,0.0,0
44.72422109735648,38.56220766038417,50.886234534328786,2.0,3.0,1.0,0
73.57037699717539,58.307588915193115,88.83316507915765,4.0,0.0,0.0,2
39.80213945808,29.73883885434451,49.86544006181549,4.0,2.0,2.0,3
77.01686190477712,63.93266423750922,90.101059572045,0.0,2.0,0.0,0
89.56180047544518,89.4379148755052,89.68568607538516,1.0,2.0,0.0,0
25.948928955283453,7.474837991756932,44.42301991880997,4.0,3.0,4.0,3
60.82714641253302,57.51343015344413,64.1408626716219,4.0,0.0,0.0,0
60.53015137544018,54.15212586886994,66.90817688201042,0.0,1.0,0.0,0
41.48282917293115,22.539817869078092,60.4258404767842,3.0,0.0,2.0,2
45.62557691699345,30.967706212189338,60.28344762179756,1.0,2.0,1.0,0
70.71205760165775,60.49072349252818,80.9333917107873,4.0,2.0,0.0,0
41.945830912598225,24.68751062653013,59.204151198666324,2.0,1.0,2.0,2
22.297040512695116,21.071794378379714,23.522286647010517,0.0,3.0,2.0,3
77.68896509186665,76.16310843298932,79.21482175074398,1.0,3.0,0.0,0
66.88946827057063,63.786249893889845,69.99268664725142,4.0,1.0,0.0,0
38.78411266062556,33.49269199723045,44.07553332402067,3.0,3.0,1.0,3
92.11557443048804,77.93498107148542,100.0,0.0,3.0,0.0,0
87.38210223602604,76.73374965370411,98.03045481834798,4.0,0.0,0.0,0
92.32818927978079,83.80729761348398,100.0,4.0,3.0,0.0,0
58.4177246705973,42.76595485191721,74.06949448927739,2.0,0.0,0.0,2
37.63748667450777,31.294274707272855,43.980698641742684,0.0,3.0,1.0,3
33.03718831026918,31.328039132343086,34.74633748819527,2.0,2.0,1.0,3
91.13926387607405,83.20393620973141,99.0745915424167,0.0,3.0,0.0,0
86.8121452030109,71.48391973188878,100.0,1.0,2.0,0.0,2
75.57030630529006,66.08859200185907,85.05202060872105,1.0,1.0,0.0,0
58.288612457536885,38.745653807596184,77.83157110747759,3.0,2.0,1.0,2
48.83056670354053,31.708020631867996,65.95311277521307,3.0,1.0,1.0,2
72.75838410288208,56.93930693389716,88.577461271867,0.0,0.0,0.0,2
20.714668019717273,5.251056024950367,36.17828001448418,4.0,0.0,4.0,3
59.32082076720819,47.698339377141906,70.94330215727447,3.0,3.0,0.0,0
70.89948244781665,52.87648840560608,88.92247649002722,3.0,1.0,0.0,2
76.53199880362028,64.73455655261581,88.32944105462475,3.0,0.0,0.0,0
53.831085589131824,46.38035545341603,61.28181572484762,3.0,0.0,0.0,0
75.88543876118145,71.96741129332709,79.8034662290358,3.0,0.0,0.0,0
27.18812750403359,10.926229244000961,43.450025764066226,1.0,3.0,3.0,3
37.49559855897059,30.072852561110423,44.91834455683076,3.0,0.0,1.0,3
30.845953951772554,15.027889263972943,46.66401863957216,4.0,3.0,3.0,3
45.48784505232667,25.827788648180942,65.1479014564724,3.0,2.0,2.0,2
45.81447693933653,37.84034496917501,53.78860890949805,2.0,0.0,1.0,0
48.045474751036444,41.230649329433945,54.860300172638944,3.0,3.0,0.0,0
54.93686686490204,51.53501114879865,58.338722581005435,4.0,1.0,0.0,0
52.72503016076914,43.21799813801341,62.23206218352487,3.0,1.0,0.0,0
56.78539482489703,43.70502558257168,69.86576406722239,3.0,2.0,0.0,0
76.44474983782396,70.18901509520764,82.70048458044029,4.0,2.0,0.0,0
30.65125542735644,20.937943247969166,40.36456760674371,1.0,2.0,2.0,3
46.30299314003779,35.56153717000689,57.04444911006869,1.0,2.0,1.0,0
20.010128154126342,14.50538132547494,25.514874982777744,1.0,3.0,3.0,3
22.117189239594566,21.646960426783373,22.58741805240576,1.0,1.0,2.0,3
65.48157112119371,61.16909277050887,69.79404947187855,3.0,0.0,0.0,0
85.70011637004833,69.6371236438006,100.0,2.0,0.0,0.0,2
42.94322840693746,37.381981544298,48.504475269576915,4.0,0.0,1.0,0
50.142165848013946,49.86572719334943,50.41860450267846,3.0,3.0,0.0,0
35.740731363308925,27.24175822960492,44.23970449701293,3.0,3.0,2.0,3
30.709975197472694,17.06055037169982,44.35940002324557,4.0,1.0,3.0,3
86.3073648641422,71.25917607136994,100.0,4.0,0.0,0.0,2
62.90900097755038,54.631034177177845,71.18696777792292,0.0,2.0,0.0,0
72.86560872877158,61.42844089903703,84.30277655850612,4.0,3.0,0.0,0
86.14186028723904,71.23169525668091,100.0,4.0,0.0,0.0,0
64.1294960219374,46.344665974924425,81.91432606895037,1.0,0.0,0.0,2
33.5213113026542,20.723326584802496,46.3192960205059,1.0,1.0,2.0,3
73.49876184802673,59.68150649168732,87.31601720436615,2.0,1.0,0.0,0
76.08545375414265,74.1119511975668,78.0589563107185,4.0,0.0,0.0,0
51.04614295802266,42.63713720433405,59.455148711711274,3.0,2.0,0.0,0
66.26105199765632,48.481875000537975,84.04022899477468,2.0,1.0,0.0,2
56.34123754112311,53.126836422224876,59.55563866002134,1.0,3.0,0.0,0
44.974956322333966,38.77576789963978,51.17414474502815,4.0,3.0,1.0,0
70.43120877206233,56.871937483879634,83.99048006024503,3.0,0.0,0.0,0
38.558929915474806,20.51745063582572,56.60040919512389,0.0,1.0,2.0,3
44.56031003519719,43.37950270243599,45.74111736795839,1.0,3.0,0.0,0
50.42665627606903,33.01681674775941,67.83649580437866,4.0,0.0,1.0,2
66.0965190231043,61.69006474544668,70.50297330076194,3.0,3.0,0.0,0
83.91530652414396,66.6981903061414,100.0,2.0,1.0,0.0,2
66.11874701595065,48.334035716817986,83.9034583150833,2.0,3.0,0.0,2
74.45610181022776,58.94645330341643,89.9657503170391,0.0,2.0,0.0,2
41.94929720891413,23.472966216869956,60.42562820095831,4.0,3.0,2.0,2
64.05612928870357,44.83296751018868,83.27929106721847,3.0,0.0,0.0,2
27.78888270753137,9.285160652571296,46.29260476249145,2.0,3.0,4.0,3
54.745400059650684,44.48281865383037,65.007981465471,3.0,2.0,0.0,0
71.74091271131586,62.46737744816603,81.01444797446568,2.0,3.0,0.0,0
33.47918912143569,31.375063921825113,35.58331432104627,2.0,3.0,1.0,3
87.65728094550512,83.33546156624911,91.97910032476113,0.0,2.0,0.0,0
51.2894514516347,38.24214373570986,64.33675916755953,2.0,1.0,1.0,0
70.33563992426281,67.78880347134174,72.88247637718388,4.0,3.0,0.0,0
55.242087356447406,36.39447676580882,74.089697947086,0.0,2.0,1.0,2
74.91936264146528,70.37844273456089,79.46028254836968,2.0,3.0,0.0,0
63.8227431059901,62.0641233119046,65.58136290007559,4.0,2.0,0.0,0
29.19293394718911,24.488027716309972,33.89784017806825,2.0,2.0,2.0,3
89.35358538022932,88.37535358988778,90.33181717057086,0.0,2.0,0.0,0
69.50454836656156,66.18275586255348,72.82634087056965,4.0,0.0,0.0,0
55.40542616386491,43.651744892398206,67.1591074353316,0.0,2.0,0.0,0
70.74536469177274,64.96209591988926,76.5286334636562,2.0,0.0,0.0,0
39.5671968098038,23.54398830004087,55.59040531956673,0.0,2.0,2.0,3
77.67206663278762,69.5773919302728,85.76674133530244,1.0,3.0,0.0,0
50.84190563971925,36.56261343555506,65.12119784388344,1.0,1.0,1.0,0
80.37755110299233,66.21167334841752,94.54342885756714,1.0,3.0,0.0,0
40.55398892353335,37.83842410336368,43.26955374370303,4.0,0.0,1.0,0
79.27099767090726,78.13936999360905,80.40262534820548,2.0,0.0,0.0,0
88.00188252067085,71.16200272108401,100.0,1.0,1.0,0.0,2
93.56155817333789,79.54453812744788,100.0,1.0,3.0,0.0,0
78.25324903697562,74.75363085305716,81.75286722089407,2.0,2.0,0.0,0
72.80099161068425,59.201153675046875,86.40082954632162,1.0,1.0,0.0,0
58.995647600692735,52.40628800715781,65.58500719422766,4.0,3.0,0.0,0
27.930071596190093,26.7949899244639,29.065153267916287,1.0,1.0,2.0,3
61.989042555627684,57.41378800367872,66.56429710757665,3.0,1.0,0.0,0
62.24397657231091,47.12787952116386,77.36007362345796,2.0,3.0,0.0,2
24.85503956612499,17.040494600338775,32.669584531911205,1.0,0.0,3.0,3
71.79696645243924,60.89972606169031,82.69420684318817,2.0,3.0,0.0,0
31.170682857221152,28.4398392718185,33.901526442623805,0.0,0.0,2.0,3
64.74589419896046,62.892685128235975,66.59910326968495,2.0,2.0,0.0,0
55.447492358263624,50.662447581434776,60.23253713509247,3.0,2.0,0.0,0
85.62906967399034,76.17831669830605,95.07982264967464,2.0,3.0,0.0,0
37.418333035569475,20.478509601694842,54.35815646944411,0.0,3.0,2.0,3
32.84052718676349,17.572694859177666,48.10835951434931,2.0,3.0,3.0,3
61.33783353516992,58.1365453086991,64.53912176164074,0.0,3.0,0.0,0
54.51821989249915,53.08878773346743,55.947652051530866,1.0,3.0,0.0,0
32.09731690748398,27.58716199876926,36.6074718161987,3.0,2.0,2.0,3
66.0284136426075,48.98184394851329,83.07498333670172,4.0,3.0,0.0,2
87.93630189007233,77.61935202062892,98.25325175951573,4.0,3.0,0.0,0
75.51903790320128,59.38098627701703,91.65708952938553,2.0,1.0,0.0,2
35.716777201209815,28.325133182485985,43.108421219933646,1.0,3.0,2.0,3
37.88046152533925,26.071599632846436,49.689323417832064,4.0,0.0,2.0,3
61.817092438025746,49.92243557978847,73.71174929626302,1.0,0.0,0.0,0
70.81378548564204,58.27922358335093,83.34834738793316,2.0,0.0,0.0,0
93.42465739140768,84.02163189868095,100.0,0.0,2.0,0.0,0
27.86148434846307,23.07669232360957,32.64627637331657,1.0,0.0,2.0,3
60.97586937010822,52.406172388228725,69.54556635198772,2.0,0.0,0.0,0
94.05307620438951,74.55790707549792,100.0,3.0,0.0,0.0,2
28.317259012557724,22.875013985347955,33.75950403976749,4.0,0.0,2.0,3
92.94264874825421,78.44608209122093,100.0,0.0,0.0,0.0,0
54.66334522068799,35.768762153927945,73.55792828744802,2.0,0.0,1.0,2
73.80422453344279,62.47911105718707,85.12933800969851,4.0,1.0,0.0,0
51.89536156964462,42.10864187962889,61.68208125966035,0.0,3.0,0.0,0
83.07830847189864,80.66155257665332,85.49506436714395,2.0,2.0,0.0,0
88.13884171400325,73.07349792303954,100.0,3.0,1.0,0.0,2
32.499888806328286,14.270068525266751,50.72970908738982,0.0,0.0,3.0,3
76.04317682071388,56.4294805130627,95.65687312836506,3.0,2.0,0.0,2
21.555464667532455,17.522314645777385,25.588614689287525,2.0,1.0,3.0,3
40.76451067326423,22.363402412971812,59.16561893355666,3.0,2.0,2.0,2
61.42568826818976,54.0203291806832,68.83104735569631,3.0,0.0,0.0,0
65.24037825371215,52.85732798698336,77.62342852044094,0.0,3.0,0.0,0
47.39498378117155,42.92197105670487,51.867996505638224,0.0,0.0,0.0,0
40.28286386921792,35.315068444057275,45.250659294378565,1.0,3.0,1.0,0
32.87376196035649,20.49459879515689,45.25292512555609,1.0,2.0,2.0,3
37.97845000770716,28.281792400543928,47.67510761487039,1.0,2.0,2.0,3
29.767030249053025,10.479063615273269,49.05499688283278,4.0,3.0,3.0,3
39.58745401139348,34.29817559529292,44.87673242749405,3.0,1.0,1.0,3
81.59594939928672,64.0352161631643,99.15668263540914,1.0,2.0,0.0,2
41.56417072180136,32.35467729797087,50.77366414563185,3.0,2.0,1.0,0
88.07667080380365,85.38558949119624,90.76775211641106,0.0,2.0,0.0,0
38.39218375301117,33.60964943812644,43.174718067895896,0.0,2.0,1.0,3
56.89729186035665,41.78329950816362,72.01128421254968,0.0,3.0,0.0,2
32.56774254155415,16.035067566266775,49.10041751684153,2.0,1.0,3.0,3
21.282101146637753,20.49083435927764,22.07336793399787,3.0,2.0,2.0,3
66.91551774054051,58.71492500933465,75.11611047174637,2.0,0.0,0.0,0
45.33243543329245,35.448982424007895,55.21588844257701,2.0,0.0,1.0,0
45.88063122198469,33.57996410883909,58.18129833513029,0.0,2.0,1.0,0
50.58140944360789,37.569066613605614,63.593752273610164,3.0,0.0,1.0,0
78.33197127981921,61.72079656258737,94.94314599705106,2.0,0.0,0.0,2
49.98061880389362,44.51282752721641,55.44841008057083,4.0,2.0,0.0,0
26.48050650107699,24.24194385578926,28.719069146364724,1.0,2.0,2.0,3
40.90651994394653,37.17678447113021,44.63625541676284,0.0,2.0,1.0,0
63.20969094666074,44.47276632334205,81.94661556997943,2.0,1.0,0.0,2
94.51151786539236,83.57787529582728,100.0,0.0,3.0,0.0,0
30.736024151197306,26.35412630321622,35.11792199917839,0.0,0.0,2.0,3
44.25886975211165,28.541574300138464,59.976165204084836,1.0,0.0,2.0,2
56.419496959686555,44.67934894943495,68.15964496993816,3.0,1.0,0.0,0
90.8482719833307,83.5017160036693,98.19482796299211,2.0,3.0,0.0,0
28.131645789661217,27.765595185751963,28.49769639357047,4.0,2.0,2.0,3
79.53664642332862,63.880917215791044,95.1923756308662,0.0,2.0,0.0,2
74.22160075794586,59.87276944067797,88.57043207521376,4.0,3.0,0.0,0
42.98284097340013,37.74070793986293,48.22497400693733,2.0,3.0,1.0,0
78.03152442567793,72.71912494361142,83.34392390774444,2.0,0.0,0.0,0
63.11553933482791,57.68577874471265,68.54529992494317,4.0,2.0,0.0,0
32.8520167794182,19.443621184333086,46.26041237450332,2.0,3.0,3.0,3
41.43047849400951,35.5469328157435,47.31402417227552,0.0,0.0,1.0,0
44.62552265185302,38.41826755121341,50.832777752492625,1.0,0.0,1.0,0
44.22720520161724,36.69482532379726,51.759585079437215,4.0,1.0,1.0,0
75.97740358830546,56.373377062851944,95.58143011375898,0.0,3.0,0.0,2
69.52211278749802,60.32014464867051,78.72408092632553,4.0,0.0,0.0,0
81.48913670475726,73.94162959832411,89.0366438111904,3.0,2.0,0.0,0
58.30968800602332,48.909228453135384,67.71014755891126,2.0,1.0,0.0,0
46.28987426433171,31.905804167394788,60.673944361268624,1.0,2.0,1.0,0
25.08134503860476,7.407530332614293,42.755159744595225,4.0,3.0,4.0,3
79.57943129429133,59.76339496932355,99.39546761925911,0.0,0.0,0.0,2
25.60767455715706,15.886389983754775,35.32895913055935,3.0,1.0,3.0,3
42.60984341567661,33.406982736142105,51.81270409521111,1.0,2.0,1.0,0
70.16627376168243,63.56004208981531,76.77250543354955,1.0,0.0,0.0,0
77.3127735668921,61.730921274329816,92.8946258594544,0.0,2.0,0.0,2
25.138458113271863,12.02673475330633,38.2501814732374,2.0,1.0,3.0,3
65.5713262958098,58.30403602435385,72.83861656726575,0.0,0.0,0.0,0
30.285418307201727,19.914584675275698,40.656251939127756,0.0,2.0,3.0,3
76.79299732976965,72.67658186406636,80.90941279547293,1.0,0.0,0.0,0
74.73896279350987,60.859089820890325,88.61883576612941,2.0,0.0,0.0,0
76.10431767914584,71.0618467368753,81.14678862141638,4.0,0.0,0.0,0
24.781817964342437,17.790896583891247,31.772739344793628,4.0,0.0,3.0,3
61.956896024596894,60.59452441076232,63.31926763843147,2.0,1.0,0.0,0
38.06372112716633,33.666312368168704,42.46112988616396,2.0,3.0,1.0,3
57.18559536889158,53.28794435239394,61.083246385389224,3.0,1.0,0.0,0
94.20584981636146,79.4997161462036,100.0,1.0,0.0,0.0,0
26.785468702615006,12.896112933818719,40.67482447141129,3.0,3.0,3.0,3
64.55390171358039,53.791025536481996,75.31677789067878,3.0,3.0,0.0,0
32.37496490759585,24.63383467820062,40.116095136991085,3.0,1.0,2.0,3
58.25381909782349,40.46555670607185,76.04208148957512,4.0,0.0,0.0,2
59.06751092452471,41.385843970061735,76.7491778789877,1.0,3.0,0.0,2
54.2169259045136,42.160222440533936,66.27362936849326,0.0,2.0,0.0,0
67.97116362071942,54.812202720250426,81.13012452118842,2.0,3.0,0.0,0
93.0644709924749,77.13545687866969,100.0,1.0,2.0,0.0,2
80.39140265688225,65.9359034844575,94.846901829307,0.0,3.0,0.0,0
91.88927426423524,87.39124462048362,96.38730390798686,0.0,0.0,0.0,0
34.208972612940215,24.14175857901707,44.276186646863366,2.0,0.0,2.0,3
94.49220216684492,91.45448409281043,97.5299202408794,4.0,2.0,0.0,0
42.88728278011361,26.69966571030365,59.07489984992357,1.0,2.0,2.0,2
22.56242542727111,9.490888150289226,35.633962704252994,2.0,1.0,4.0,3
52.717707100435355,33.135882750890346,72.29953144998036,0.0,1.0,1.0,2
38.46477714805984,35.7345834193306,41.19497087678908,0.0,1.0,1.0,1
77.15904053793533,66.95608684446724,87.36199423140341,3.0,0.0,0.0,0
26.52059781521381,12.040391049986297,41.000804580441326,3.0,3.0,3.0,3
61.10024052168931,43.753393870972275,78.44708717240634,0.0,3.0,0.0,2
41.70475043956765,24.63679581479172,58.77270506434357,2.0,3.0,2.0,2
35.504986866498804,31.464997657941066,39.544976075056546,2.0,2.0,1.0,3
85.67290107469363,66.02648230149626,100.0,0.0,0.0,0.0,2
58.66289288071639,39.0360371278764,78.28974863355639,1.0,1.0,1.0,2
44.408342980110234,25.027170023478764,63.78951593674171,4.0,2.0,2.0,2
75.95884220480292,63.686586010890956,88.23109839871489,1.0,0.0,0.0,0
83.98928667486024,67.35058150538347,100.0,3.0,0.0,0.0,2
53.156587953630286,51.635915799614196,54.677260107646376,3.0,3.0,0.0,0
33.659303387916395,28.550095053754116,38.76851172207867,0.0,0.0,2.0,3
94.57533196520002,92.7354139558622,96.41524997453784,4.0,2.0,0.0,0
46.92321792617772,36.81200358533167,57.034432267023774,4.0,0.0,1.0,0
35.4128276282537,16.118224438030552,54.70743081847685,3.0,0.0,3.0,3
27.748181379891413,14.76476637524731,40.731596384535514,0.0,2.0,3.0,3
29.28904521060307,20.064002870144407,38.514087551061735,4.0,0.0,2.0,3
90.72820181062883,74.87148709197479,100.0,0.0,2.0,0.0,2
90.99953034346426,79.99280627281375,100.0,2.0,3.0,0.0,0
58.09497481415204,48.94202147514413,67.24792815315995,2.0,2.0,0.0,0
71.91014540679235,59.323581786425116,84.4967090271596,3.0,0.0,0.0,0
82.44811579569868,72.21210205838466,92.68412953301271,0.0,3.0,0.0,0
61.80909362554592,48.97818937768656,74.63999787340528,4.0,1.0,0.0,0
70.0235929833466,53.970852568256774,86.07633339843643,2.0,3.0,0.0,2
92.52304513786706,83.2746749069548,100.0,1.0,0.0,0.0,0
32.94021875637539,24.63979378217609,41.24064373057469,1.0,0.0,2.0,3
30.408764826882173,19.235454081655462,41.582075572108884,3.0,2.0,3.0,3
76.47738251516975,58.38230983295256,94.57245519738694,0.0,0.0,0.0,2
72.74963168404773,64.28998600886953,81.20927735922592,1.0,2.0,0.0,0
33.94641620151302,16.991421801759305,50.90141060126673,4.0,2.0,3.0,3
42.681111138749074,30.337853727120144,55.024368550378,4.0,0.0,1.0,0
71.39412981176325,71.14618687991218,71.64207274361432,1.0,1.0,0.0,0
57.0773972315995,47.55334580065086,66.60144866254814,2.0,0.0,0.0,0
87.01063543443131,82.79992687532034,91.22134399354228,2.0,0.0,0.0,0
82.78660241724279,79.77927521573191,85.79392961875367,1.0,3.0,0.0,0
56.53398244730856,51.84522472086877,61.22274017374835,1.0,0.0,0.0,0
70.01483484991441,55.76644790685761,84.26322179297121,0.0,3.0,0.0,0
68.25957958860874,55.71192509062174,80.80723408659576,4.0,1.0,0.0,0
26.90589901943441,16.168836452793386,37.64296158607544,1.0,1.0,3.0,3
51.9193897826612,42.01401897426225,61.82476059106015,0.0,2.0,0.0,0
52.99109511870873,45.20753500217064,60.77465523524682,3.0,3.0,0.0,0
87.30254376120445,69.5711858535851,100.0,0.0,2.0,0.0,2
86.39605425183939,67.74696949051346,100.0,4.0,0.0,0.0,2
24.32266025131977,9.033904300563165,39.61141620207638,4.0,3.0,4.0,3
83.38767354703072,77.62318261706086,89.15216447700057,2.0,3.0,0.0,0
65.8761854814786,47.5989038328438,84.1534671301134,0.0,3.0,0.0,2
21.216947538988443,4.83424000324127,37.599655074735615,0.0,0.0,4.0,3
48.62392609062928,46.14339723574496,51.1044549455136,4.0,3.0,0.0,0
86.60678417143582,79.77323315599305,93.44033518687858,2.0,1.0,0.0,0
46.86751992624322,40.315401199661316,53.41963865282512,2.0,1.0,0.0,0
70.73349002153888,56.13255439813433,85.33442564494344,0.0,2.0,0.0,0
62.42475552128514,51.946784309485864,72.90272673308442,4.0,2.0,0.0,0
64.23950752083302,58.90181583388468,69.57719920778135,2.0,0.0,0.0,0
56.06002450277622,51.44413216434127,60.675916841211176,0.0,0.0,0.0,0
56.17563993122647,47.02553906921747,65.32574079323547,0.0,2.0,0.0,0
87.6984084068608,74.37926781163519,100.0,4.0,3.0,0.0,0
51.03621345823623,40.86169477608194,61.210732140390526,0.0,0.0,0.0,0
34.35592036319033,29.1352501768036,39.57659054957706,1.0,2.0,2.0,3
51.479797064695056,39.08009564536755,63.87949848402256,0.0,1.0,1.0,0
74.96845332120593,54.99020716688187,94.94669947552998,0.0,0.0,0.0,2
55.643161638033845,52.109786612933625,59.176536663134065,4.0,3.0,0.0,0
74.90725134537824,64.33925983169138,85.4752428590651,3.0,2.0,0.0,0
37.983788563947314,30.47066596451708,45.49691116337755,1.0,1.0,1.0,3
63.70708850781749,59.33877085791099,68.07540615772399,0.0,1.0,0.0,0
84.82441900088037,67.31457441804511,100.0,1.0,1.0,0.0,2
59.697464999768755,40.54205494976133,78.85287504977617,1.0,3.0,0.0,2
67.76144324630143,60.75752759541106,74.76535889719179,3.0,3.0,0.0,0
70.91051803872202,63.964706412784096,77.85632966465994,2.0,0.0,0.0,0
75.47596735171268,73.64072564858958,77.31120905483579,2.0,3.0,0.0,0
46.27172151874568,33.916657202306446,58.62678583518491,0.0,1.0,1.0,0
67.01350310182848,66.48259596380919,67.54441023984776,0.0,2.0,0.0,0
51.21263566190035,41.28842728923388,61.13684403456682,1.0,3.0,0.0,0
49.32190913977781,46.265618486188565,52.37819979336705,1.0,1.0,0.0,0
55.64011783710619,42.193752144047764,69.08648353016461,2.0,1.0,0.0,0
50.586084755181666,32.00788287258052,69.16428663778282,4.0,2.0,1.0,2
21.940145598067737,20.164491829607883,23.71579936652759,2.0,1.0,2.0,3
75.64963072532906,60.09482110913622,91.2044403415219,1.0,1.0,0.0,2
63.82539724113651,47.21403518563888,80.43675929663414,2.0,2.0,0.0,2
30.318482326729832,26.79435618294852,33.842608470511145,0.0,0.0,2.0,3
39.59809826119495,21.145252228554106,58.05094429383579,3.0,2.0,2.0,3
65.827598476701,53.40924168892435,78.24595526447764,0.0,0.0,0.0,0
58.851263987219035,48.152525157160845,69.55000281727723,1.0,0.0,0.0,0
74.2565998292428,60.82834973359507,87.68484992489053,4.0,0.0,0.0,0
56.69239560195877,50.93021290792708,62.454578295990466,2.0,1.0,0.0,0
83.34769826550111,82.8394809308767,83.85591560012551,3.0,0.0,0.0,0
25.809126599556976,16.968102126715266,34.650151072398685,1.0,1.0,3.0,3
65.98912350353945,51.122195429439074,80.85605157763982,4.0,1.0,0.0,0
47.866288176305346,29.49328032385909,66.2392960287516,1.0,0.0,2.0,2
43.01321079122278,34.41113444526205,51.615287137183515,1.0,2.0,1.0,0
90.7731403576985,85.50018652566361,96.04609418973338,0.0,1.0,0.0,0
84.78556243639765,82.15965238079902,87.41147249199629,1.0,0.0,0.0,0
33.77870218525959,15.068815489788697,52.48858888073048,2.0,1.0,3.0,3
24.307776131785314,19.688874614212914,28.926677649357714,0.0,0.0,3.0,3
85.04411793658268,66.82269328952245,100.0,0.0,2.0,0.0,2
