consistency_score,resume_score,internship_score,placement_boost,burnout_risk_encoded,avg_subject_score,placed
0.5989345047722784,0.42844565244935195,6.154811702863716,0.6154811702863716,0.0,31.74146427051327,1
0.42919430815205406,0.32450950136836854,4.925789214123797,0.4925789214123797,2.0,68.33628021818285,1
0.2000040222912015,0.9871577710234988,7.789541603336331,0.7789541603336331,2.0,76.90529713058417,1
0.42063943505846757,0.8039789838860062,0.9749389900264938,0.09749389900264938,0.0,51.70023415053918,1
0.18048402670221408,0.8902368862819408,5.9544661975784035,0.5954466197578403,2.0,45.68917150429036,0
0.9521458587753618,0.1359976568651774,1.9889837855129966,0.19889837855129966,1.0,47.17488149428111,0
0.17377363063204698,0.7139609567603044,5.145988701709804,0.5145988701709804,2.0,52.69124845312039,0
0.8586773673044568,0.6042843059037903,1.583213365120545,0.1583213365120545,0.0,60.391364060549066,1
0.6155807594732238,0.09923925086559804,9.123425501477897,0.9123425501477896,0.0,79.06972912895617,1
0.8108178381495901,0.7936635941824046,1.832771336100697,0.1832771336100697,1.0,42.93557635082546,0
0.888561368087372,0.85378180101701,5.750766755598441,0.5750766755598441,0.0,75.91258912948693,0
0.8039849479858042,0.9140929961043727,0.056096608486881916,0.005609660848688192,0.0,92.69559572239578,1
0.5892948961307447,0.9398205363562263,1.5643851487552707,0.15643851487552707,0.0,41.71780727202183,1
0.2669938623288597,0.10781056914004028,4.99334195346937,0.499334195346937,1.0,62.993948783211955,1
0.6600058638019735,0.8821722879561253,0.4096165385900419,0.04096165385900419,2.0,53.482960183921826,0
0.004843550906892924,0.945360019172417,5.427826566463866,0.5427826566463866,1.0,69.02957966905518,0
0.37746629735917125,0.6907941950191558,1.843340279115122,0.1843340279115122,2.0,87.25502319777145,0
0.8579636879310745,0.18385133592792435,7.2653923143187065,0.7265392314318706,2.0,87.61227428212578,0
0.5805361918497028,0.40083767118487545,8.68291489084656,0.8682914890846559,0.0,58.79826073493061,0
0.2606236964282953,0.09011024478861285,7.585459924674286,0.7585459924674286,2.0,79.22775485912781,0
0.8921808306904837,0.004246445479610728,0.6339034825324108,0.06339034825324108,0.0,63.23480466904875,1
0.015269059960770992,0.920062084482463,4.963461984331831,0.49634619843318306,0.0,80.1804589771856,1
0.8829250779417418,0.9723384095715685,1.1117687479151606,0.11117687479151606,1.0,87.4834774143561,1
0.7594542386202581,0.9192928904461264,4.090575664572905,0.40905756645729047,1.0,76.26745591948814,1
0.1463762465212295,0.2539625830034066,8.395470265053573,0.8395470265053573,0.0,33.9491850586235,1
0.06290432137141422,0.6211109304998842,0.4116032075669984,0.04116032075669984,1.0,45.944130272365214,1
0.9512353818825771,0.4996976250393098,2.516520044014212,0.2516520044014212,1.0,81.07563580345189,1
0.06703318302376504,0.4960475715810756,8.265700267177316,0.8265700267177316,1.0,31.276889868815577,0
0.9737616190427607,0.4283338219310062,4.059275588178791,0.4059275588178791,2.0,63.666034812294036,0
0.4206290386581657,0.9411804556188852,2.353555951284856,0.23535559512848558,1.0,69.67727358968192,1
0.3535043234222145,0.7908893958323794,9.494104400671667,0.9494104400671667,1.0,83.29974621191862,1
0.650044014492085,0.8468685674027843,1.5573031525962855,0.15573031525962855,0.0,82.43008415780349,0
0.49604674425972395,0.03461067543291796,7.8860791780944295,0.788607917809443,2.0,34.75671696895079,0
0.3900477977116027,0.41195016711788457,1.7807760484284263,0.17807760484284263,1.0,74.18019418276567,0
0.6401617375201863,0.5979782650528206,9.630520934193598,0.9630520934193598,0.0,81.36953115692417,0
0.3500665349515101,0.6587215105352687,7.860711971294449,0.7860711971294448,0.0,36.85358795705728,0
0.03435369915140063,0.8948797720858866,2.764284987418555,0.2764284987418555,2.0,61.551875892225205,0
0.824639386346025,0.16700292094969182,9.836142138367268,0.9836142138367269,0.0,72.20828671536196,1
0.5146393501502596,0.09003671366676957,1.144596411899561,0.11445964118995611,0.0,52.2559198421526,0
0.6866845012774525,0.8931988642486959,8.59596882730051,0.859596882730051,2.0,54.08459903859481,1
0.5751738851726529,0.5066192418149894,6.994293870240761,0.6994293870240761,1.0,36.6870224792557,0
0.614192345813591,0.5392155631276356,1.7388436042744038,0.17388436042744038,2.0,80.33376124581437,0
0.21893973295530123,0.8900006586805523,5.463713959590973,0.5463713959590973,1.0,45.41273422793783,0
0.9346606277646188,0.7498099723067936,0.11924811593198359,0.011924811593198359,1.0,58.269908052559394,1
0.4477227201532361,0.7307544892322132,5.731276815533257,0.5731276815533257,2.0,63.56480314928789,1
0.9200967814704778,0.18602846119580319,5.822035574340965,0.5822035574340965,0.0,35.671240548768886,1
0.8069180221918136,0.6214102925764209,4.085262152659754,0.40852621526597543,1.0,58.02354824459692,0
0.7200818438061748,0.4500712270667696,8.244157854903138,0.8244157854903138,1.0,39.90366180404632,1
0.46011786176365654,0.611041498724646,9.307470250295973,0.9307470250295973,2.0,45.11400111233531,1
0.022643644519567796,0.5756771776387793,5.337618670909116,0.5337618670909116,1.0,53.15863620711611,0
0.31521214959827404,0.026279974910153103,6.739535603611567,0.6739535603611567,2.0,61.83248077139094,1
0.6648575925606248,0.3438754054706076,1.4585587479614759,0.1458558747961476,2.0,58.22332186195432,1
0.33065333900222704,0.45780320706325817,9.980980264357157,0.9980980264357158,2.0,34.65266659525917,1
0.09912736927552779,0.5002219216296195,8.579161329577103,0.8579161329577103,2.0,52.77401352358893,1
0.5177588050443718,0.09946926964376668,9.490277536470447,0.9490277536470447,2.0,32.549345690042614,1
0.15447954639773498,0.8985389013627374,7.780642313393688,0.7780642313393689,1.0,46.30115173093383,1
0.3062205118715611,0.3343156927050648,3.2291441056637957,0.3229144105663796,2.0,35.53214591914034,0
0.5019130277122226,0.48942197541377064,2.2168144992097414,0.22168144992097413,1.0,40.88019124171134,0
0.11627982900100287,0.6637274143366922,5.110476046173995,0.5110476046173995,1.0,62.66188271073051,0
0.11252853830976062,0.719081636083751,0.8259932628564393,0.08259932628564393,0.0,90.27517557752978,0
0.21008882127639883,0.37802751557290837,5.51818486757287,0.5518184867572871,2.0,42.659706888234425,0
0.5918056771446413,0.12911282629705967,3.6992000393400937,0.36992000393400937,2.0,77.50242232607945,0
0.93319788783443,0.20731766923322714,7.2793398771697895,0.7279339877169789,0.0,32.84061804018705,1
0.23903665441733912,0.1650518574396247,6.2569221500856145,0.6256922150085614,1.0,51.83019782371216,1
0.7198237118107547,0.24413780451961764,2.4652011615698854,0.24652011615698854,1.0,56.09002339580358,0
0.1893785044142583,0.6036463313327989,7.33441874115238,0.733441874115238,2.0,37.04286500278965,1
0.6355149836533133,0.5357588204609784,3.111129217407144,0.31111292174071437,0.0,71.39026268016174,1
0.13771937984291927,0.16863044782484216,2.485922490635668,0.2485922490635668,2.0,39.46876560886957,1
0.8453810833965169,0.6815165043825611,4.185535671815902,0.4185535671815902,0.0,82.04405594985407,0
0.7425089858114216,0.06370469926476219,1.578534155355541,0.1578534155355541,0.0,68.44914693403942,0
0.680726444658139,0.9096070218175075,3.2516006536819364,0.32516006536819364,0.0,78.18404643263479,1
0.014661776203388821,0.5661908317796172,2.598486103946791,0.2598486103946791,2.0,40.67515332538797,0
0.8364098516185701,0.5904173248773297,0.21729916135627914,0.021729916135627914,1.0,50.61149983745679,1
0.15085051504055336,0.2858938414164107,3.008762881950103,0.30087628819501033,2.0,75.85587541212354,0
0.5334890152910078,0.5116370030198576,4.668334085904361,0.4668334085904361,1.0,59.467435815730056,1
0.7766616381224039,0.42625729070805796,8.297383781452425,0.8297383781452424,1.0,71.1021983271441,1
0.6316705168895291,0.950746446085436,1.804765218195633,0.1804765218195633,0.0,56.87479745108292,0
0.8190247337193742,0.07622145740839725,3.2738904399588273,0.32738904399588276,0.0,73.69376157241805,0
0.7088521363213985,0.45873563564133535,0.2937382601738592,0.029373826017385918,2.0,71.69930200883663,1
0.7560761254479127,0.7915173504786017,0.7510821214062624,0.07510821214062624,0.0,49.46786920075726,1
0.2987688158688546,0.5445770908442562,3.5611490231714726,0.35611490231714726,2.0,87.30921555487294,0
0.3791058127707927,0.5652179617637452,4.999283725786844,0.4999283725786844,0.0,77.60525076327949,1
0.5014529306552323,0.911215614656741,7.4826198530982655,0.7482619853098266,2.0,34.43436292618265,1
0.586160745386969,0.3756927847929775,7.631800808051099,0.7631800808051099,1.0,32.45075891146325,1
0.6916710131815671,0.002064355530918105,9.139787231205771,0.9139787231205772,0.0,76.5479893941652,0
0.5555747323573258,0.9256714136513439,9.077961112619152,0.9077961112619152,0.0,71.0820602187375,1
0.7104572336206232,0.03305974830599212,1.0149968182650115,0.10149968182650115,2.0,90.0896421965911,1
0.15075029760706726,0.7974041239070854,1.1205249987099297,0.11205249987099297,2.0,73.90548152990175,0
0.3946466142214202,0.13959421843226738,4.967913017534818,0.49679130175348185,1.0,43.53250446223215,1
0.9133054443383485,0.020684187742165294,5.8947368428053615,0.5894736842805361,1.0,32.73267927705127,0
0.21695708618087972,0.3546702372922743,5.978902524448327,0.5978902524448327,2.0,64.60644265549494,0
0.14366086835675607,0.8640564267559583,4.862762105298415,0.48627621052984155,1.0,62.25928644987662,1
0.7448078382521905,0.03693786906855068,9.811992984392727,0.9811992984392728,0.0,90.92965130955123,1
0.19442914512288023,0.2626801074654841,5.089556944633017,0.5089556944633017,2.0,76.0441195395942,0
0.45760952418316625,0.2790492281189,9.353109665228752,0.9353109665228752,2.0,88.50334279669751,1
0.7118316997951107,0.0948069325102896,9.881913675637755,0.9881913675637755,1.0,79.17683307583604,1
0.4848500854034449,0.09255804354271446,4.440219025964183,0.44402190259641827,0.0,72.9403525483447,1
0.9015109749123099,0.9081806151559505,1.3376422832122314,0.13376422832122314,1.0,66.60358502331061,0
0.8781484518000889,0.6952956549707265,3.259180499744976,0.3259180499744976,2.0,67.70230632218734,0
0.5029505653099964,0.31113753522372334,3.5853984170567346,0.35853984170567343,2.0,62.98469947689258,0
0.9608493645640394,0.23832078145990365,8.883279652629707,0.8883279652629706,2.0,84.53302212559149,1
0.2917738691141587,0.0428812128867333,9.61697246818668,0.961697246818668,1.0,45.25107685983818,1
0.23389194087117604,0.3587872312297772,1.6965411942142605,0.16965411942142605,2.0,89.48740174438612,1
0.6702449154334353,0.30113456617549517,0.20073632624623805,0.020073632624623805,1.0,66.36704093601524,1
0.5727820791649362,0.9170798085778178,8.30663062962654,0.8306630629626539,0.0,58.43309504384658,0
0.251106907779703,0.22050856511729455,5.586461197073142,0.5586461197073141,1.0,43.716728973824495,0
0.3711314588500396,0.40514724422175186,7.511722463595911,0.7511722463595911,0.0,47.94410114969151,1
0.23302700631496553,0.6820140861231125,3.3167111072500743,0.33167111072500743,2.0,67.97004723954302,0
0.23697714578537554,0.3211803748213544,1.5851977333473444,0.15851977333473444,0.0,39.86208064695526,1
0.36757091818084797,0.7817859598902779,2.6466037815824683,0.26466037815824683,2.0,30.21517158955444,0
0.9242196850080998,0.7262564249050744,0.48479336698042497,0.0484793366980425,0.0,46.84967652113028,1
0.8348978676382459,0.03546895004201622,3.8584642491577146,0.3858464249157715,1.0,49.76677921805629,0
0.5124181851356127,0.8558306278106035,0.9922687843741851,0.09922687843741851,0.0,91.18546812866029,1
0.4777695138776078,0.36390007169360716,4.637715305365492,0.4637715305365492,0.0,67.81857305024988,1
0.031478521622398836,0.09585574308717981,7.9922446220217305,0.799224462202173,2.0,56.37473222615068,0
0.4622961651782408,0.6983455985824785,0.4763031121817063,0.04763031121817063,2.0,93.89500104849184,0
0.623776849231512,0.7471466483644981,8.96712468688463,0.8967124686884629,2.0,53.88128871195255,1
0.7785902070641265,0.07100969784965672,1.2315237308907923,0.12315237308907923,1.0,92.27903145156822,0
0.3559796920134912,0.35392065522777494,6.559808213235564,0.6559808213235564,2.0,91.19527137497039,1
0.9193887639484477,0.8954804885767367,2.40535745211918,0.24053574521191798,2.0,74.84327453611226,1
0.8401927835153289,0.6694379693550747,8.449182385958599,0.8449182385958599,2.0,64.14025158255532,1
0.08223344225894569,0.5339216995478577,0.10352021586795601,0.010352021586795601,0.0,83.41342100391182,1
0.9029480546018064,0.5041129883476959,4.213871927922481,0.4213871927922481,2.0,51.05416797758502,1
0.22282927768166794,0.6084163325758952,9.619020968852993,0.9619020968852994,1.0,53.91080448821228,0
0.923318028251675,0.653020935213741,1.1289468507127454,0.11289468507127454,2.0,43.447493883789804,0
0.6306798176588683,0.06883657877266491,7.606443477954004,0.7606443477954004,2.0,46.60108143876717,1
0.4119202455925465,0.3341482900114333,7.266179102301988,0.7266179102301988,1.0,38.869738655292714,1
0.4364511234943712,0.5266519522169419,3.1917478246099042,0.3191747824609904,2.0,85.29426384515101,0
0.5627886450437494,0.730341473016099,0.604545959892705,0.0604545959892705,2.0,30.081128848062438,0
0.8438728661336246,0.7427747266908376,8.330953750219312,0.8330953750219312,0.0,57.590928533438934,1
0.8369225170336823,0.6055093322140428,9.04878673140336,0.9048786731403361,2.0,53.67413925589626,1
0.414903056904124,0.5865248306567811,1.278306908866591,0.1278306908866591,2.0,55.1988371566636,0
0.8490272393880993,0.36775085182893663,8.478278006214758,0.8478278006214758,0.0,84.8445157574217,1
0.4719541053644446,0.834700066520687,8.332233584283644,0.8332233584283644,0.0,83.36902766957195,0
0.4175509276826447,0.9164002297616528,5.770228783159485,0.5770228783159486,1.0,73.120805577973,1
0.2432534300651661,0.8463174107732996,7.835317476971181,0.7835317476971181,1.0,74.79210991931615,0
0.8279300170143881,0.8719209938655703,0.3947888098790897,0.03947888098790897,0.0,82.22965165963208,0
0.6200635377891291,0.9088100784006296,4.961769867694278,0.4961769867694278,0.0,55.02792328608275,1
0.43111780664891597,0.20206363550762274,9.669918328754175,0.9669918328754175,1.0,59.28478489677774,1
0.6623766534785472,0.5138765716830801,7.75215465179876,0.7752154651798759,0.0,45.90757318316612,1
0.8610119888920778,0.5345402977329957,2.6813439760919646,0.26813439760919644,0.0,45.47345076492512,1
0.1978238356196943,0.48542490410647243,6.235311995663656,0.6235311995663656,0.0,90.75015919946497,1
0.39244206900031686,0.8484885195691889,2.125498164277965,0.2125498164277965,0.0,79.44218338424551,1
0.3803003925486613,0.3250389332370539,2.2212556847804734,0.22212556847804735,1.0,59.444251405366806,0
0.07602185984940879,0.16131370628582187,1.8934585924523617,0.18934585924523617,1.0,32.53460045913972,0
0.3340682545769783,0.27430061349969304,1.899815953745807,0.1899815953745807,2.0,78.28205870534596,1
0.7617930042126623,0.14312765068013045,4.992910598890916,0.49929105988909156,1.0,91.65352777329132,1
0.25334014009459294,0.4047900450822213,3.0979842103601216,0.3097984210360122,0.0,90.23802035414985,0
0.8109150382401175,0.11681109994679495,7.77959415881618,0.777959415881618,2.0,76.42056178488725,0
0.955253564405487,0.08757576331875006,8.941117426167393,0.8941117426167393,1.0,72.10298140148235,1
0.22397045798853776,0.4510052495122113,4.875909491321821,0.48759094913218204,1.0,37.854600868247886,1
0.40966629452804937,0.6011407482453511,1.9131491999102035,0.19131491999102035,1.0,35.56809842063714,1
0.1313340382513425,0.6076418791793079,9.979990839683238,0.9979990839683237,1.0,47.238193287228356,0
0.6921440821124715,0.0922866532512342,0.4703223822835445,0.04703223822835445,2.0,66.64329551220818,0
0.4821999802956415,0.9715749504346589,5.4964404299424805,0.5496440429942481,1.0,89.35890397665793,1
0.588711275601967,0.1217462886972942,2.1964917640860437,0.21964917640860437,2.0,86.62128601373374,0
0.7786933398539819,0.6604634642633531,9.376575909229864,0.9376575909229864,0.0,49.89407570805939,1
0.7761791090034145,0.8886404967965899,3.249632373629031,0.3249632373629031,2.0,53.805735026711574,0
0.5159756380117302,0.8847660420942403,9.580431175616813,0.9580431175616813,2.0,50.17236025317607,0
0.8823208157660565,0.5121289662261421,9.728012533266398,0.9728012533266398,2.0,64.46113344915314,1
0.9319312779276233,0.2774528012746681,9.42974839165653,0.942974839165653,0.0,82.58013269810345,0
0.6307133075353534,0.8278694791646746,7.927247973414281,0.7927247973414281,1.0,80.90265242432409,1
0.03840640187431621,0.6125897962082961,7.412156025204127,0.7412156025204127,2.0,87.60992347142538,0
0.7759657080896254,0.7910465946476063,9.527712200007928,0.9527712200007927,0.0,63.911796696842906,1
0.8919172102415908,0.39999203383260185,2.2366994599526446,0.22366994599526446,1.0,72.78008197839391,1
0.5566386358427747,0.913428660099046,8.09902330542963,0.8099023305429631,2.0,92.00384320073866,1
0.7003578648859919,0.9295926691217502,1.1348786505132413,0.11348786505132413,2.0,73.9109299122025,1
0.35604424004232205,0.7373470957115458,3.618779659753071,0.3618779659753071,2.0,40.858924782211616,1
0.5021044068728678,0.9425668310653887,4.018318664975309,0.40183186649753094,2.0,51.245489846345286,1
0.7981063836536784,0.4534982075620727,9.953264229643995,0.9953264229643995,0.0,34.92014084775641,1
0.8759611629161659,0.1944636200894252,3.209766652512821,0.3209766652512821,2.0,37.182266972062564,1
0.11521626636043725,0.65590404661313,5.54733574003576,0.554733574003576,0.0,61.96926855171713,1
0.017185925392267154,0.6533650894424057,6.334907282889799,0.6334907282889799,2.0,78.00703745464993,0
0.37359188225548623,0.4913220256803341,6.7783893035937135,0.6778389303593714,1.0,42.28126940349901,0
0.3909176161195622,0.2606185618623361,1.2015028336563682,0.12015028336563682,2.0,50.80100061031771,0
0.7733303754037117,0.6243429527282085,5.59126327253664,0.559126327253664,0.0,51.8758290718578,0
0.008597228154158087,0.18077973873018305,6.347216722008157,0.6347216722008157,0.0,84.6079736400726,1
0.7640032503607427,0.7532989534346831,9.033485216756517,0.9033485216756517,2.0,41.962316445795416,1
0.5363264438004385,0.9068120325759873,9.572933783400046,0.9572933783400046,2.0,32.21247003618602,0
0.6978253888646258,0.1666212058603187,2.3502720356332296,0.23502720356332296,0.0,70.54969241544461,0
0.5092585924258954,0.8202713053582606,2.105188593948306,0.21051885939483062,1.0,64.24535111574113,0
0.7907249027428302,0.19847201702519168,6.837463107031403,0.6837463107031403,0.0,30.176121441606092,1
0.43706938889390445,0.5004242856884645,4.894835918557703,0.48948359185577034,1.0,79.70499034749031,1
0.34584085955738064,0.9292461169841566,7.435668711104536,0.7435668711104536,0.0,57.551103564297634,1
0.6365190517692084,0.08271071756373538,8.484719447467516,0.8484719447467516,0.0,65.60841033415423,0
0.44444495926131655,0.08976672005448583,0.10684652132672334,0.010684652132672334,1.0,73.60286251867518,0
0.30342643702403094,0.9587234835417241,8.787305012148737,0.8787305012148737,2.0,33.33744828507056,1
0.9135464022315022,0.15884935537951206,2.654348139756574,0.2654348139756574,2.0,41.21535767336911,0
0.7232736057115836,0.34204762872912875,9.693969273316549,0.969396927331655,2.0,60.10422365997581,0
0.1968774405726742,0.45899400020773784,4.3026200757827695,0.43026200757827693,1.0,41.173534252546325,0
0.7401059700504368,0.006695979139281771,8.524474784916167,0.8524474784916167,0.0,37.57786996349895,0
0.2523968148557104,0.1880803920017715,1.9993548189141797,0.19993548189141797,0.0,51.12267417927474,1
0.4312733133949127,0.828405420456323,5.251569854780102,0.5251569854780102,1.0,57.7329922256959,1
0.21742203920806968,0.5188538394343034,0.6328804925042186,0.06328804925042186,2.0,85.24161364049186,0
0.11329784535821874,0.39389799014898674,7.348428918260427,0.7348428918260427,0.0,68.67096057012067,0
0.39906365580706016,0.6819696777288288,9.420998374409793,0.9420998374409792,1.0,90.4108027376946,1
0.5550813952444252,0.3247691642465538,8.431230390982108,0.8431230390982108,0.0,59.71777625316488,0
0.30212169735956196,0.4385384472029831,6.80353074461101,0.6803530744611009,0.0,60.707156180953795,1
0.07500299903086649,0.9937263525174195,1.189380974168316,0.11893809741683159,1.0,50.24420401184573,0
0.24963731093625008,0.7742861495045885,9.839597891071996,0.9839597891071996,0.0,35.3014796368995,1
0.24565738391260095,0.5539733051373236,3.439624506018496,0.3439624506018496,0.0,41.18052073136516,0
0.5907522093551902,0.5267454602163455,6.327728576951723,0.6327728576951723,1.0,34.40101918123592,0
0.282148678847722,0.8442719589977304,2.7298008752595826,0.27298008752595826,2.0,75.72419387900135,1
0.5337758719094581,0.6008669493730574,8.273221419591675,0.8273221419591674,1.0,52.685046453522006,0
0.4703396311376683,0.3392786547413722,3.784203165145267,0.3784203165145267,1.0,32.04861556032279,0
0.2663577920500798,0.41779170646593145,3.906775029264722,0.3906775029264722,1.0,78.89294666604879,0
0.7412171754625083,0.18338969518599924,0.044800274989008626,0.004480027498900863,0.0,46.56470779448481,1
0.6675912207163829,0.9595205801575413,5.753352690155177,0.5753352690155177,0.0,88.07889090050556,1
0.6802729631291498,0.6522063110905242,2.5073156625604973,0.25073156625604975,0.0,83.50042705023047,0
0.43358118651855215,0.39857042075805715,9.21849576355234,0.921849576355234,2.0,49.74435944116826,0
0.31659634571276185,0.35988792111357804,7.831498989683462,0.7831498989683462,2.0,45.32157972050134,0
0.5907409907029492,0.9069923141150363,9.520720207788123,0.9520720207788124,1.0,94.5502062035956,1
0.9590903366514864,0.36031555367379386,3.8974529149346138,0.3897452914934614,2.0,83.27700007969122,1
0.4339601825235455,0.7563647944526696,6.617300595060174,0.6617300595060174,0.0,90.23060645615729,0
0.6652833708586291,0.8354263242119623,4.518019723260461,0.45180197232604613,0.0,31.107411847468075,0
0.4423496688422721,0.909800339154851,9.09337455866005,0.909337455866005,2.0,68.89146214120635,0
0.9326016603399874,0.373051854348993,3.24261175144093,0.32426117514409303,2.0,47.33174078515164,0
0.26471668688007244,0.765326903305932,3.285256981482462,0.32852569814824617,1.0,54.35746757053159,0
0.4583999450912841,0.3268817668359971,3.6594352159161216,0.36594352159161214,2.0,35.91990176018357,0
0.4936522719986882,0.9440191253307537,4.977892179612949,0.49778921796129494,2.0,78.6437643998777,0
0.7286479814540282,0.011160161684554692,8.877192683617288,0.8877192683617288,0.0,64.1668631150268,1
0.7213088799787698,0.570190449532882,2.0746749209440596,0.20746749209440596,1.0,81.4814955610178,0
0.7394418998846742,0.5099519368939293,6.513079035061575,0.6513079035061575,1.0,37.57160495206206,1
0.7329402452605882,0.8776224774919423,3.0595730082086616,0.30595730082086614,0.0,94.8227535639584,1
0.4697582656399978,0.21631225194536974,0.8266123945085957,0.08266123945085957,0.0,52.656152277965376,1
0.15556449743278278,0.08728790128757491,9.536569801331673,0.9536569801331674,2.0,91.84382526568525,1
0.8704381108808287,0.8464395625348557,7.857791084751142,0.7857791084751142,0.0,73.96965362496304,0
0.324833204208515,0.35010189542398984,9.52018825414786,0.9520188254147859,1.0,37.07420790877228,1
0.11031806876438133,0.3249192475325976,4.002696698083596,0.40026966980835954,1.0,80.8292918202746,0
0.1287819705475397,0.10531046746459372,7.569802454528052,0.7569802454528052,1.0,66.44312283971364,0
0.49475877605475227,0.9200589123353682,6.511448219625322,0.6511448219625322,1.0,42.2657011319216,0
0.4259339663241827,0.632957829607823,6.190172048170028,0.6190172048170028,0.0,42.17038795861691,1
0.6635266442516616,0.6921837765192858,0.40270357890327513,0.04027035789032751,1.0,91.9550579900511,0
0.6118655255750748,0.8979379980303789,0.7172912009148735,0.07172912009148735,1.0,94.90659366491809,1
0.10741196061569935,0.8438545270527719,1.9526279331214658,0.19526279331214658,0.0,67.44752183551944,0
0.2967487564949969,0.4518138707919822,7.496539587189831,0.7496539587189831,2.0,42.164969225180826,1
0.8962547981931245,0.15977204154063507,7.983422352194502,0.7983422352194502,1.0,52.11682024306441,0
0.7666826426836945,0.672313902652216,6.47220863623007,0.647220863623007,2.0,43.77728354918599,1
0.8705412025943691,0.650715230868677,1.9206870060150116,0.19206870060150116,2.0,69.48692004209465,1
0.02198762264360221,0.047079585032858584,7.776172634809909,0.7776172634809909,2.0,56.01806411478742,0
0.9120886956177368,0.8994013458171588,1.1346848896570083,0.11346848896570083,0.0,54.574425749437154,0
0.8610780184858082,0.3352392414826968,8.940233984996057,0.8940233984996058,2.0,82.09217384928732,1
0.45227712383692953,0.4287797474920294,3.8477411384738436,0.38477411384738436,0.0,92.63193926121222,0
0.673588037521129,0.5137813955414087,7.270876951809697,0.7270876951809697,1.0,42.806677726259714,1
0.2719936131713513,0.91201923640852,1.69495056461901,0.169495056461901,2.0,56.93754606420529,1
0.6585882140500087,0.17048987056315623,3.1428252721718684,0.31428252721718686,1.0,64.87444430698119,1
0.7987712592456803,0.36868979429489723,4.9527316405518365,0.4952731640551836,0.0,45.9817185675824,1
0.48355586960283303,0.5013405061694296,4.963549877112747,0.49635498771127473,0.0,56.123503835929945,1
0.028273503058036997,0.9918987264530285,0.9719975231374312,0.09719975231374312,1.0,33.626788750825945,0
0.4163453826897562,0.4397510471240602,5.483189168798788,0.5483189168798788,2.0,32.67939306539005,0
0.7249802479339604,0.3985378121829727,0.7511791591169104,0.07511791591169104,2.0,81.11343634276008,0
0.7037561268313833,0.9350268106136651,9.23679981832325,0.923679981832325,2.0,52.04108413079465,1
0.48630348238028087,0.6614948612931775,4.217674632530518,0.4217674632530518,1.0,75.9826015018461,1
0.9857090754071995,0.1635742615854262,4.390790149528457,0.43907901495284574,2.0,35.38940858347765,0
0.11704586951647455,0.17580186154420363,5.769935270855936,0.5769935270855936,2.0,73.59334688501657,1
0.1582881854233742,0.644452685783485,7.816747199430609,0.7816747199430609,1.0,72.46905295275619,1
0.2583273492341608,0.4670553461500734,0.695348386361293,0.0695348386361293,0.0,83.3945686401265,0
0.8035449249750857,0.00896805672347989,7.029780454121878,0.7029780454121878,0.0,43.299486296447135,1
0.7628182928971521,0.44859208101024906,9.105308449170165,0.9105308449170165,2.0,65.8226222232424,1
0.7727618398394509,0.9396953103328828,4.391967321395663,0.43919673213956634,2.0,88.57689126241623,0
0.8796228491473754,0.747378885380207,0.1326535876642243,0.01326535876642243,0.0,44.292403367551024,1
0.4429108066885379,0.5586025091364271,2.4736852313327526,0.24736852313327526,2.0,38.1162051395995,0
0.3185729699426407,0.19519611543825233,9.410459869682557,0.9410459869682557,0.0,52.409731725760906,1
0.6003821037274231,0.3356400611075072,1.180195485725496,0.11801954857254959,1.0,92.74749439970377,0
0.4098717338468879,0.9966392831370743,0.13613580552586102,0.013613580552586102,1.0,40.23039441266678,0
0.5238406140648755,0.659053663055349,9.358600351673228,0.9358600351673229,0.0,37.756745840791744,1
0.14021732123075836,0.27628757706442786,8.630257282385429,0.863025728238543,2.0,94.85356776053263,1
0.3963825091093772,0.7379908372744368,4.603920479638055,0.4603920479638055,2.0,55.55516346809259,0
0.47263404255094643,0.09136487132046722,0.05395002014457306,0.005395002014457306,0.0,39.70117208579489,0
0.08744043447698746,0.370582372053357,5.837705317333322,0.5837705317333322,2.0,66.3102688263109,0
0.9944952565853343,0.2291308216582908,8.167618813689954,0.8167618813689954,2.0,30.90073543333614,1
0.0377859258701172,0.896008084833574,2.8607078453462687,0.28607078453462687,2.0,57.662372593671414,0
0.9195156147363284,0.735145513862915,1.7273545900139309,0.1727354590013931,1.0,32.354217839936936,0
0.08019816519507472,0.49749986230226817,9.046587216225335,0.9046587216225335,2.0,66.7470071645449,1
0.8592976442140563,0.40780011990407394,7.679263105127677,0.7679263105127677,1.0,70.61005394933062,0
0.5482417769495761,0.8585871985454987,4.48081231052452,0.448081231052452,2.0,30.229299920408792,0
0.19633486804619205,0.19543169061558308,9.050147748769927,0.9050147748769927,2.0,63.32583809928493,1
0.23132838887627927,0.074762805817981,6.0815597895967635,0.6081559789596763,1.0,91.42200772317638,0
0.3516083624174461,0.8517707823887117,9.440885940227355,0.9440885940227355,0.0,55.875796353452145,1
0.7940227239423482,0.8564961194720502,1.0316100597730016,0.10316100597730016,2.0,92.04268452494944,1
0.14714621509253045,0.24307643134820411,4.364149305299019,0.43641493052990193,0.0,92.62562228869132,0
0.2422314242663396,0.19528382616704842,6.792167535403905,0.6792167535403906,1.0,45.61624084306449,0
0.6926779306234606,0.7213071725608893,4.07897390758662,0.40789739075866194,1.0,67.52962571405817,1
0.6139913224948899,0.14338517197147937,3.4976593127714892,0.34976593127714894,0.0,83.97030776130956,0
0.42082457162067943,0.6219509970008522,6.9542387839672575,0.6954238783967257,2.0,76.09522460567013,0
0.060536228785776136,0.7012346149217484,6.0568745158818516,0.6056874515881852,0.0,79.40839313780452,0
0.558498789259774,0.6219799513333417,2.8253915360497817,0.28253915360497817,0.0,46.960373430960416,1
0.2292212637277553,0.4269283736753322,4.4400191700311185,0.44400191700311187,2.0,89.6838797395918,0
0.6121003269598905,0.8161777173929663,7.0690122532284345,0.7069012253228435,2.0,45.31686932054468,0
0.2745159099938269,0.9299834694812044,6.2690584342662365,0.6269058434266237,0.0,71.9124952337562,0
0.9803309620780761,0.7057086816602385,4.530263106995637,0.4530263106995637,1.0,87.50626026917026,1
0.5905939703120465,0.4189512529226149,2.6000478519216976,0.26000478519216974,2.0,53.36712142309271,0
0.5713055467045615,0.9957013177184731,1.1458865046075029,0.11458865046075029,1.0,65.88866641337314,1
0.8367683844159722,0.4494158406261677,8.401751453052164,0.8401751453052164,1.0,74.88331815874606,1
0.9931647836212527,0.11626342567409031,8.203135730051095,0.8203135730051094,2.0,90.35169992252418,0
0.779171992778172,0.18258222623896003,6.133026959508162,0.6133026959508162,1.0,59.12238104561328,0
0.5938954959857716,0.3479444371035586,5.713421494507273,0.5713421494507273,0.0,69.20824672029379,1
0.8635247917627549,0.17111666560502514,1.36329781394522,0.136329781394522,0.0,39.21661672179969,0
0.18120906404430148,0.778292438602144,4.467315384210964,0.44673153842109636,1.0,34.239481323067366,0
0.7642293713073771,0.014105698826435753,4.838652881435161,0.4838652881435161,1.0,31.393245007566488,0
0.6798988739318119,0.4058833002920509,4.6141495784590685,0.46141495784590686,1.0,60.977954558024905,0
0.563251080540544,0.8782070966414514,2.4209159204653097,0.24209159204653097,1.0,65.47174200737153,1
0.8667561607244438,0.11773673478214808,1.2381169148858873,0.12381169148858873,0.0,35.61322241081917,1
0.7096571382991508,0.5760838187553216,9.313781240110744,0.9313781240110744,2.0,41.771283320296874,1
0.7167334605499457,0.9338489843744603,5.563446488644427,0.5563446488644427,1.0,47.30956216805481,1
0.9097414613091063,0.07159632342573619,8.625693969861452,0.8625693969861452,0.0,87.93285609595198,1
0.6994120621350592,0.34972575943615614,6.719850896219971,0.6719850896219971,1.0,36.45192005420937,0
0.25542391479630333,0.037661766667371754,8.203087512169354,0.8203087512169354,1.0,61.829886916843186,1
0.18362521562686362,0.6821943249348869,2.1599759411950616,0.21599759411950617,1.0,81.28937621069954,0
0.5131968259579262,0.4174993138872688,1.0603419414839288,0.10603419414839288,2.0,86.5612651627478,0
0.2349121569345224,0.9473213849455798,6.138702875071434,0.6138702875071435,0.0,75.05380343147526,0
0.6996358328053092,0.6912899347922083,5.49346510640151,0.549346510640151,2.0,47.2608755928467,0
0.8427095847978184,0.6019405725718521,0.9646313045136634,0.09646313045136634,0.0,37.89219910155041,1
0.2918160087345718,0.9103223230657057,6.112953616398312,0.6112953616398312,2.0,40.263383224507514,0
0.9134744109043786,0.12966227708502231,1.8189912629485039,0.1818991262948504,1.0,80.067886815072,1
0.7469036273115917,0.7834449794834217,1.08167040843542,0.108167040843542,2.0,49.274658861103745,1
0.9881409117284955,0.7298047281167795,9.852285589701722,0.9852285589701723,0.0,51.961680730154974,1
0.1987043140317578,0.6732509663172851,5.557163566702449,0.5557163566702449,1.0,41.40904959110487,0
0.4615470669036096,0.6380767792628962,3.2976727657782687,0.3297672765778269,0.0,58.25193797520205,1
0.6403079163734795,0.12437299995883022,0.98055819410094,0.098055819410094,1.0,51.7452304729327,0
0.7629175518759505,0.8140433746930501,9.167224517342914,0.9167224517342915,0.0,53.206096003753906,0
0.9119326868876935,0.6351540649271672,9.42579172724486,0.942579172724486,1.0,32.196365356408336,1
0.8912700319290705,0.7714729790200889,2.5695534364187367,0.25695534364187367,2.0,60.067008943957866,1
0.23612191648762404,0.8760900871277575,4.350250819737031,0.4350250819737031,0.0,37.27292867359936,1
0.42247111776710833,0.5424259842294892,6.455475765083198,0.6455475765083198,1.0,64.819000020934,0
0.7183048890549307,0.9568852369177623,1.1115678907424287,0.11115678907424287,0.0,73.49693834251183,1
0.13231424315163076,0.10920138040203409,5.369572668607633,0.5369572668607633,1.0,65.49692491041517,0
0.9593652384366985,0.004037865401085194,2.1864199203234067,0.21864199203234067,1.0,39.52056253374556,1
0.7469527663309546,0.32994361413805817,2.252638546548791,0.22526385465487908,0.0,70.07218944709022,0
0.8288418838367411,0.21655009478001175,6.030616688150743,0.6030616688150743,2.0,56.83189280672784,0
0.9074443854508608,0.553609889274472,3.1007487770810416,0.31007487770810416,2.0,53.36054783795581,1
0.1779518666378278,0.28029539642866097,5.503529466426503,0.5503529466426503,1.0,39.67046573399706,0
0.4221309867925649,0.6881376363781524,2.623091978527606,0.26230919785276063,2.0,94.6315054663808,1
0.6516697814236887,0.9453285044697713,4.876894218380378,0.48768942183803776,1.0,55.52369962485892,1
0.8224611236529222,0.7692564643273457,9.322316024264106,0.9322316024264106,0.0,59.66408889469211,1
0.7380044085796028,0.42025185163258905,4.847253541469484,0.4847253541469484,2.0,36.134853890707795,0
0.12153109997286082,0.9855029377705966,5.0135131496560685,0.5013513149656068,1.0,73.90575236262234,1
0.6456719566101466,0.7711823857667645,4.928401045048586,0.4928401045048586,1.0,48.37280558341463,0
0.29405368955852296,0.810881582233876,8.565624122842967,0.8565624122842967,0.0,78.11073194913004,1
0.4064978094507574,0.20474904648709003,6.817390853753277,0.6817390853753277,0.0,34.3632624688015,0
0.9942298681414092,0.6868994658414427,0.3062529561813754,0.030625295618137538,1.0,49.29442708161409,0
0.1570558114107209,0.07063537251589724,1.1795411795516741,0.11795411795516741,0.0,78.46755689258248,0
0.10438053423171256,0.23530941344510892,5.778877663156051,0.577887766315605,1.0,55.74047887068092,0
0.40914412701427116,0.016437795616545903,7.60180881926915,0.760180881926915,2.0,32.22856430968177,0
0.8641280514831386,0.7052361427229704,1.1700706596743493,0.11700706596743493,1.0,81.32025368613849,1
0.16220827211428612,0.020946221869733828,5.027846025624855,0.5027846025624856,1.0,92.7638367310506,1
0.07995282495521594,0.44917677628681074,6.424952428860897,0.6424952428860897,0.0,54.47340527144454,1
0.4188489342674864,0.6488673535107302,4.008022941892651,0.40080229418926516,1.0,70.40367402212335,1
0.6322980741966671,0.30499555552796165,6.935071672115932,0.6935071672115931,0.0,54.2223166490554,1
0.15469250977940674,0.3672804432759673,3.4262635805199237,0.3426263580519924,2.0,66.07386346463949,0
0.8045888490247038,0.8681590088385968,6.230187199540982,0.6230187199540982,1.0,78.00663257322712,1
0.8459158898665003,0.9014130417435596,7.65710327649026,0.765710327649026,1.0,71.13931450443094,1
0.5225959258624907,0.8587000580271618,9.558168885397558,0.9558168885397558,0.0,50.456190724182115,1
0.030463857454404608,0.7499344311656666,6.388951609227535,0.6388951609227534,1.0,42.687255711505316,0
0.5161022805203865,0.2775293525656535,3.5157943173926065,0.35157943173926065,1.0,65.38172419582,0
0.21418224705505484,0.07467713618690297,7.212406371137101,0.7212406371137101,1.0,72.86736392425954,0
0.44609700837238564,0.48869537814784125,8.044795450081953,0.8044795450081953,2.0,67.34225803829808,0
0.7597372283665177,0.9243929552437573,4.146362850718845,0.41463628507188444,0.0,38.32915222217548,0
0.05441886050368194,0.22337364310528218,3.625670202116049,0.3625670202116049,0.0,53.07800676031464,1
0.00015202940505454343,0.20954938977017878,1.5246799483322493,0.15246799483322493,0.0,78.4021632225703,0
0.1334490835133928,0.7796488024322739,6.768996465628226,0.6768996465628226,1.0,39.538658964244775,0
0.04536932372943825,0.5919881864692716,4.448692064852616,0.4448692064852616,1.0,87.4197980098861,1
0.2604200777612833,0.4042998762787634,1.329086761760191,0.1329086761760191,1.0,60.32462645891721,0
0.40426805629311946,0.8626702752697869,5.614572531421199,0.5614572531421199,0.0,81.4255583812431,1
0.7797084806413465,0.5825282636757277,9.898787791413453,0.9898787791413453,0.0,52.15236553525701,1
0.030327228686117258,0.9202675506722844,0.5132966797736593,0.051329667977365934,2.0,53.349014039920405,0
0.3509901540727116,0.3681502460642916,5.155183737788994,0.5155183737788994,1.0,92.85684511618108,1
0.9294440214377124,0.44407550219063296,9.358256028664853,0.9358256028664853,0.0,66.8777545564989,1
0.5763801670754372,0.07430351131920176,9.59127366591113,0.959127366591113,2.0,36.623939239527544,1
0.826763435346015,0.3676894221467363,3.4172206403322267,0.3417220640332227,1.0,92.24827957247084,1
0.4835140964003667,0.179714271193406,1.716061081298943,0.1716061081298943,1.0,54.365289882540424,0
0.09724021781001191,0.03283210684968474,4.207268266008203,0.4207268266008203,1.0,76.16454476033029,0
0.1869391131394479,0.25576190601838533,3.185289873640004,0.31852898736400037,0.0,38.3565092207439,1
0.7580823344389266,0.49062663913914784,4.825858523658491,0.4825858523658491,2.0,85.59597756056817,0
0.8641075251416925,0.2473577594757833,5.959601272620221,0.5959601272620221,1.0,92.3397297454379,0
0.46754181246050164,0.10908860575039525,7.682402840502068,0.7682402840502067,0.0,54.88514253091977,1
0.49245662467103435,0.45153403763594135,6.341573902819228,0.6341573902819228,0.0,39.4065926796975,0
0.4501222909953698,0.14784732087700236,8.920543566586929,0.8920543566586929,2.0,66.24703466442497,0
0.01836311261270085,0.0859932126314975,7.357102506085223,0.7357102506085222,1.0,40.51616795951872,0
0.09550984267396512,0.960182655307655,5.186474338754474,0.5186474338754474,1.0,58.73907553782141,0
0.9918880759037373,0.47595627143838326,1.1929924147291115,0.11929924147291115,2.0,70.47273146806793,0
0.042013634449819204,0.8023273444083352,8.037527559601708,0.8037527559601708,0.0,39.05442121397245,0
0.34896905729571814,0.17078405786732165,7.1416596786807105,0.7141659678680711,0.0,91.62121368381263,1
0.6906862395400871,0.4615498830884923,3.3616920473635794,0.3361692047363579,0.0,75.86328559429107,0
0.4248309440620265,0.08992462518950461,2.319572686373199,0.2319572686373199,0.0,53.48321734158528,1
0.9826638098526416,0.411800739936948,6.580795465537328,0.6580795465537328,2.0,57.01970430798961,0
0.03273868963399551,0.8263997736632587,0.8422570027949561,0.08422570027949561,2.0,85.12768117544562,1
0.8745589597672513,0.8927476281043933,7.872509495433521,0.7872509495433521,1.0,60.940274608076,0
0.13474427066316275,0.5190060969933854,2.2688469600184025,0.22688469600184025,1.0,94.16024090310577,0
0.2048220908601074,0.28640228019799263,5.9347521767696145,0.5934752176769614,1.0,34.04132783517479,0
0.5283037817907916,0.7334691972134514,3.0356197944479133,0.30356197944479135,1.0,47.63689960485319,0
0.8714546742396002,0.6389283836685041,4.772401094611772,0.47724010946117723,0.0,63.699057943706826,1
0.414081068387826,0.47047654438119424,8.006294625307651,0.8006294625307652,1.0,38.829914808829734,1
0.29357387907478427,0.4753635363598713,2.870279976706253,0.28702799767062526,1.0,53.15481444006838,0
0.40167200591772445,0.49321419772434805,0.3309069029065692,0.03309069029065692,2.0,63.79854387187355,0
0.09434332609389806,0.33924227075771507,0.7739255916577548,0.07739255916577548,0.0,46.964418396240724,0
0.8382343237165585,0.5189707885136845,0.7447503520478527,0.07447503520478527,2.0,40.69947509076642,0
0.9152150989391706,0.05737390741882298,4.590198317865567,0.4590198317865567,0.0,47.44245902988855,0
0.6757746719487076,0.5701838247964224,0.832809274902746,0.0832809274902746,0.0,35.367166576557395,0
0.44466962739889715,0.49620460701569646,4.126692218402708,0.4126692218402708,2.0,42.735763219118766,1
0.6141507977388139,0.42056266012320886,6.978553031775249,0.6978553031775249,2.0,33.96598879496377,1
0.5518668073779501,0.3239936757491816,8.798686551447348,0.8798686551447348,2.0,91.91452927690443,0
0.05155515248287745,0.6217803408041763,2.214317719525284,0.22143177195252842,0.0,40.46591664713048,0
0.39442133285224246,0.48497529821554686,8.766679038001941,0.8766679038001941,1.0,30.082427828710696,1
0.6568286828091608,0.10083962388090728,9.780840626475554,0.9780840626475553,1.0,92.22989997261823,1
0.8477990787291211,0.3744526881907727,6.257077767317899,0.6257077767317899,0.0,79.30782933496381,0
0.358972995611353,0.07650539174293114,7.372205722989572,0.7372205722989572,0.0,47.356367663817544,0
0.8192721114835667,0.37916941300484885,4.83037469882394,0.483037469882394,1.0,87.12967220128877,0
0.7569159561453049,0.5328318989319184,0.7484797643622076,0.07484797643622076,0.0,86.65562619668346,1
0.9293101372302113,0.39102896318088576,9.59940565030013,0.9599405650300129,2.0,78.16461772528007,0
0.9894308746987579,0.34163002079221194,9.45266606935556,0.945266606935556,0.0,68.49449741172145,1
0.0417322561719633,0.28114929209242,3.22775020362028,0.322775020362028,1.0,68.00653538297445,1
0.4374706983247614,0.38177250344268243,1.957410488123782,0.1957410488123782,2.0,92.97866403144894,0
0.7735601922340698,0.06931069925381195,0.6548467647902012,0.06548467647902012,0.0,60.23460998103787,0
0.82316656372244,0.99390075264368,4.9781881324020025,0.4978188132402003,0.0,82.55661198204116,0
0.08285422296363798,0.5553391368612007,9.247689345757603,0.9247689345757604,1.0,37.31192623238076,0
0.6065905981880756,0.6361757501627441,0.40941370658057585,0.040941370658057585,2.0,75.55380264581699,0
0.8984525662067743,0.18314065225509268,6.115478359330499,0.61154783593305,1.0,94.32173423139453,1
0.22705907123032865,0.9234047616689484,8.355620026951469,0.8355620026951469,2.0,30.648574378128824,0
0.3473590722304434,0.5711640308959676,3.79702502185474,0.37970250218547397,0.0,46.763618540945714,1
0.39484795220468705,0.4143739427843326,6.1197677595752245,0.6119767759575224,2.0,81.02148607642053,0
0.3945377531290005,0.7132140271899058,4.438132337568479,0.44381323375684795,2.0,77.69774572542205,1
0.5617062692972211,0.3043503883397405,0.6539958205401075,0.06539958205401075,2.0,77.7227240933232,1
0.06080642534728009,0.9346406879550316,5.0446096762423975,0.5044609676242398,0.0,93.86014411190862,0
0.7791897743523201,0.1693141244179316,0.8905786762129142,0.08905786762129142,0.0,36.230589398338864,1
0.12287707946892867,0.8331105097340967,6.849694692215903,0.6849694692215903,1.0,73.88110342730113,0
0.8133159660231615,0.9666083158664607,3.1009754270791623,0.31009754270791623,1.0,71.67714003633078,0
0.017094361318076956,0.49174259061036873,8.025029783644511,0.8025029783644511,1.0,43.37450562701901,0
0.7870259810672217,0.876659899493739,5.870360733613599,0.5870360733613599,2.0,43.84014305997534,1
0.35526712008668093,0.07156284378602928,9.350307391104693,0.9350307391104693,1.0,72.26379367447338,1
0.6558582880659186,0.6205889158814184,7.377423632570542,0.7377423632570542,0.0,72.54376547849989,0
0.17917202340015914,0.3562326318630544,7.248535220808451,0.7248535220808451,0.0,69.00463402620008,1
0.5370096215866286,0.3643113745680795,3.0461280108474598,0.304612801084746,2.0,60.02302838437935,1
0.2991113627962917,0.4503633272950788,4.419167871716729,0.4419167871716729,1.0,74.66806921315786,0
0.003924667653007474,0.5967763771913823,7.455686740265874,0.7455686740265874,2.0,50.92281962127984,0
0.725141014826536,0.6160135060099534,7.220083611263752,0.7220083611263752,2.0,45.327169609287985,0
0.13117588802257218,0.2782726200235375,6.9228993751328884,0.6922899375132888,2.0,68.70245673291545,1
0.9397042163346365,0.3839459617493597,0.07951073897152106,0.007951073897152106,2.0,70.12324999028338,0
0.5437245039664013,0.24952625578015697,0.17321486230547967,0.017321486230547967,2.0,82.79684329280913,1
0.0016743163778879522,0.6325402975696508,0.6746685144237574,0.06746685144237574,0.0,57.0448516420565,0
0.9449229903817213,0.10203483338927155,0.3158347911188941,0.03158347911188941,0.0,79.66796955104235,0
0.1327836992090169,0.4235744822586238,7.728490586587068,0.7728490586587068,0.0,89.65125433113054,0
0.8339411804987431,0.9784873772009204,5.4689463058778545,0.5468946305877854,0.0,57.66804042982489,1
0.32927783847059644,0.9887783192211242,5.048955528975548,0.5048955528975548,2.0,65.26764590808322,0
0.5680620304803031,0.5179632534160343,0.8559941424921358,0.08559941424921358,1.0,89.16704179665021,0
0.8357252536523352,0.24746000976933347,7.746232796670197,0.7746232796670197,2.0,49.516257607768885,0
0.05015815997760431,0.5834959317524904,0.9284434513390627,0.09284434513390627,1.0,76.97268775926365,0
0.680058006373419,0.4884607856374945,2.2181371697437124,0.22181371697437124,1.0,67.51933104465199,0
0.14858235671165276,0.042486710556746576,8.189092107146255,0.8189092107146255,0.0,56.90993936361108,1
0.7163959270953937,0.9890946934323674,6.925771559557762,0.6925771559557762,2.0,86.17282888737,1
0.16070400824885567,0.32716725068930175,0.9261325150638378,0.09261325150638378,2.0,40.18733299060037,0
0.021943665774399768,0.39927963725822635,0.7389401637353599,0.07389401637353599,0.0,32.30103997934959,0
0.15543813356723546,0.513561027269504,4.064970075162323,0.4064970075162323,0.0,43.46425388883834,0
0.6257377882096221,0.8803699476721791,6.033937518430324,0.6033937518430325,2.0,86.95749714081397,0
0.985726792115105,0.7991195964579685,2.467607753592854,0.2467607753592854,2.0,52.33401290375483,1
0.9701219913802828,0.20555014616259726,5.85173830820534,0.585173830820534,1.0,74.4579538690988,0
0.7456912554588746,0.7164463082037104,3.594030380848632,0.3594030380848632,2.0,45.00456332441015,1
0.8245804557073466,0.8745647113776261,5.8863118635841385,0.5886311863584138,2.0,61.908067344701266,0
0.8739645295658137,0.7142639160704183,7.25511845220143,0.725511845220143,1.0,63.98567736912724,1
0.5283537634047373,0.13918432361060395,8.431621231810208,0.8431621231810208,1.0,45.949363011449115,0
0.22860249072327343,0.5388985026149105,1.958467393737171,0.1958467393737171,1.0,55.181208555100234,0
0.6610957364354674,0.8385579349920798,0.851204656132748,0.0851204656132748,2.0,47.01514861963186,1
0.14159284954427664,0.195617082024379,1.1838016897587333,0.11838016897587333,2.0,36.543878609755815,0
0.8323606602911214,0.5385372941853952,1.6537989318799828,0.16537989318799828,0.0,58.05743972534842,0
0.4120910315199633,0.6695504884602029,3.2435457535237253,0.32435457535237255,0.0,66.63576636301535,0
0.2664917758570977,0.6353699812074439,0.28635550443498414,0.028635550443498414,0.0,35.8538185734835,0
0.8434580048468198,0.106604038583617,8.325386616406554,0.8325386616406554,0.0,53.26305325210059,1
0.111192515706248,0.2774558206350156,8.490551238055904,0.8490551238055903,1.0,60.0754194831832,1
0.9748264081345088,0.5521328600067168,7.131552028404201,0.7131552028404201,0.0,90.6142036268285,0
0.9504118174804869,0.20876320275635785,3.5648227978545046,0.35648227978545044,2.0,69.67093718999949,0
0.6087880762014963,0.33371205006083626,7.067488286462787,0.7067488286462786,1.0,91.24726345514384,0
0.7121272911638017,0.41507634490106204,5.7460661663828905,0.574606616638289,2.0,64.08489047047497,0
0.03714943387766845,0.013624001302289468,6.623455226163488,0.6623455226163488,0.0,82.21176604742358,0
0.4370830328778966,0.510422947647645,0.8788372205356998,0.08788372205356998,1.0,36.25636562346269,0
0.8846166206042426,0.9947565631785659,8.747167818154098,0.8747167818154098,2.0,66.68716512699537,1
0.011522154654476813,0.4082678414954002,3.4868004257164467,0.34868004257164464,0.0,52.940788828131055,0
0.29061992749259713,0.27429839163034253,2.692252899578796,0.26922528995787964,1.0,77.34796213216971,0
0.3538406610715922,0.2529953866924298,3.9081429357934194,0.39081429357934194,1.0,87.04368372035829,0
0.6750796376622932,0.5151744312631681,2.4729807549593765,0.24729807549593766,0.0,76.29684167590312,0
0.7048389807322624,0.4560104381839808,9.941693083465516,0.9941693083465516,1.0,35.73842960420762,1
0.06518961723349714,0.861985151055561,6.462146820624516,0.6462146820624516,1.0,70.36858175917885,0
0.2175152931931581,0.6392447418472675,8.964113606147542,0.8964113606147542,1.0,78.36663189310964,1
0.8254972997674195,0.3986521502578392,9.510262690062234,0.9510262690062234,0.0,31.939696562703038,0
0.19181775031347137,0.38574686659049473,5.812405984520793,0.5812405984520793,2.0,41.0323223247453,0
0.2865338348781905,0.5471905906718322,8.005184798822487,0.8005184798822487,2.0,74.21865071462193,1
0.16224431937068418,0.2533680635626009,9.052893934655149,0.9052893934655148,0.0,50.469490403147894,0
0.754316385174645,0.42284560672978844,1.5000884329975739,0.1500088432997574,0.0,34.041948515757575,0
0.027106458297427416,0.2850401090952581,2.691585217200365,0.2691585217200365,1.0,87.81229078261431,1
0.3019130269473044,0.5154662027485144,4.0161448802643775,0.40161448802643773,0.0,91.89139617446331,1
0.5323151447777883,0.5466023738989064,6.228423209046696,0.6228423209046696,0.0,54.275716035235014,0
0.006020425298665644,0.846809260405801,7.682971103595001,0.7682971103595001,1.0,94.53697882466352,0
0.9539861134620733,0.2511771582433885,3.4500425434913407,0.34500425434913407,0.0,85.67765148247315,1
0.8692891535267542,0.9047249305912055,8.426888499194924,0.8426888499194923,1.0,66.13074341910666,1
0.6473162318855455,0.535268347312451,6.543610992918101,0.6543610992918101,0.0,78.57036358373388,1
0.43913083695150357,0.7268334812219761,3.720220888011534,0.3720220888011534,2.0,90.85576254356012,0
0.15530690846755135,0.6116715784881673,6.8071381239303275,0.6807138123930327,2.0,77.27583292708657,0
0.5536393468138309,0.8290388639245956,8.520345274184969,0.8520345274184968,2.0,51.93644676424401,1
0.23920797239059288,0.6631396755433536,3.359514010244732,0.3359514010244732,0.0,42.54655075339727,0
0.6380173624595816,0.01107353185786164,3.8698197475798954,0.38698197475798957,2.0,58.06390148764423,0
0.145586092272332,0.3902752901698554,6.918339186340922,0.6918339186340922,0.0,42.13333787481217,0
0.7171192521316858,0.9383642265379184,4.2982217643512435,0.4298221764351243,2.0,31.39902895422076,1
0.32290515818684107,0.4514525961430934,1.776679491360793,0.1776679491360793,1.0,59.63643409361445,0
0.5019817229066817,0.828384639718301,8.541659722116407,0.8541659722116407,2.0,51.40160551127888,0
0.16182560780568067,0.8689598012714413,2.0154444273637195,0.20154444273637195,1.0,36.19322557762835,1
0.2562768280786166,0.3325779605642123,2.46342789057198,0.246342789057198,0.0,86.64496698366987,1
0.4502117603665531,0.8577247090353899,8.678154437754147,0.8678154437754146,2.0,37.99151632788265,0
0.4581812891417414,0.3774349956428016,6.4195594155482505,0.641955941554825,1.0,70.97588557470887,0
0.9997777897962373,0.025360429009973817,4.316081084280322,0.4316081084280322,2.0,67.00552444612354,0
0.33542145259557465,0.6944074812433981,3.8180935673427063,0.38180935673427063,0.0,93.63439302836765,1
0.08437783259682663,0.8202892817239914,1.8323637648404822,0.18323637648404822,2.0,46.49953272683942,0
0.5242186179358299,0.45160751553396306,0.679162008808416,0.0679162008808416,2.0,45.30764462888739,0
0.3218257382271008,0.17340936239339855,9.094219517217436,0.9094219517217436,0.0,70.76795818250916,0
0.8777766587891788,0.6152847821956042,0.447304610181658,0.0447304610181658,2.0,66.28658629110323,1
0.21029817489409708,0.7382568038897587,0.6167902738774644,0.06167902738774644,0.0,82.76757574352892,1
0.8556630813246628,0.6548169522915708,7.521016028251861,0.7521016028251861,0.0,41.24927652706424,1
0.6635772983295811,0.35579264012817213,8.937439057765483,0.8937439057765483,0.0,49.54015408226644,0
0.18798945948104306,0.36832939911083007,7.097126233890795,0.7097126233890795,0.0,30.32520802204968,0
0.4052471608665983,0.5490974238793476,2.4207648716484753,0.24207648716484753,1.0,76.90287159846828,0
0.49243252008004434,0.19339367542904595,2.706501631601914,0.2706501631601914,2.0,51.15532683772694,0
0.5217990570288087,0.8461764529413538,9.613778953487063,0.9613778953487063,0.0,45.345796449143165,1
0.39709491109176676,0.10231904574196349,7.000825068683321,0.7000825068683321,2.0,69.32057805429709,0
0.5846278114950768,0.4865496794901697,8.278045443844391,0.8278045443844391,2.0,46.36075876479725,1
0.716741315872853,0.8594390244594677,4.463676806917905,0.44636768069179056,1.0,33.68874851647426,1
0.5061838033415136,0.5294179970330978,7.765232255028906,0.7765232255028905,2.0,45.356570259036246,0
0.6024331068946918,0.760949453996544,9.807715033874704,0.9807715033874704,0.0,85.23184939517785,1
0.8595953309018478,0.23957753960735118,3.567201163922272,0.3567201163922272,2.0,68.69875275724765,0
0.4977518091982679,0.44551247027358487,3.205229152700407,0.32052291527004073,1.0,60.625622208389714,0
0.4162992254519644,0.7130601169162104,0.4294768415829331,0.04294768415829331,1.0,61.94174543915887,1
0.247750890491384,0.8883302288322229,7.37022530962302,0.737022530962302,1.0,94.8026264596583,1
0.13136489755537695,0.643045623306515,2.406699182207699,0.24066991822076989,2.0,32.046909896740466,0
0.2922570730351941,0.24276650505324016,2.5391122873596417,0.25391122873596417,1.0,40.47901631036159,0
0.4061636445140633,0.146292814827509,6.320071997378937,0.6320071997378938,0.0,86.2579538863798,0
0.7642576925211392,0.8415398218392233,7.388284270864871,0.7388284270864871,0.0,64.76408680255017,1
0.2174287884889754,0.5540358886255926,4.0747619141939975,0.4074761914193997,2.0,94.67902685449025,0
0.7021460709565385,0.1838720622675819,9.445417270186862,0.9445417270186862,1.0,74.4549994469651,1
0.07903390067543448,0.4856767356573216,1.617117325145383,0.1617117325145383,1.0,77.02263679461643,0
0.1583912326320629,0.1263226490888809,5.273499908839009,0.5273499908839009,1.0,67.68483595151163,0
0.3263285513543682,0.10517164871757756,6.173296289809134,0.6173296289809134,2.0,31.12782088195996,0
0.4698219635825849,0.9199769245085224,6.173813151589749,0.6173813151589749,0.0,89.02065030384634,1
0.1809284070040751,0.5446271720901473,6.568514307911504,0.6568514307911504,0.0,63.99521407313274,0
0.11203093868171887,0.24891262867763098,6.338832777197569,0.6338832777197569,1.0,30.588452976162962,0
0.5658254632674838,0.8812667892596683,7.917025811158368,0.7917025811158368,1.0,43.64308675714157,0
0.4119879322274719,0.9988842379989907,8.140820903657366,0.8140820903657365,1.0,52.774695750140836,0
0.4158923294694048,0.8842020207789829,9.774508115960636,0.9774508115960636,0.0,48.6021770908522,1
0.307946689442649,0.7475913050663624,9.396983849630585,0.9396983849630585,2.0,31.804568689665732,0
0.3712475339219875,0.962066908434374,5.199275140865733,0.5199275140865733,0.0,48.21538550874259,0
0.18407459638331203,0.19738723071460085,7.059475688063442,0.7059475688063441,1.0,88.25990174213796,0
0.27058383566954836,0.8776936229120175,4.024286624632781,0.40242866246327813,1.0,68.27442606293538,0
0.5422729174299503,0.3587394740443042,6.506477173488191,0.6506477173488191,1.0,51.25286616451383,0
0.5222918499207767,0.032237903974605575,0.07444426979657304,0.007444426979657304,0.0,35.72719476361444,0
0.9059274147293807,0.032377942493985734,3.675926910463324,0.3675926910463324,2.0,78.83415113630747,1
0.8325399186736215,0.18783435070188104,9.145351691545585,0.9145351691545585,0.0,76.69315936802467,0
0.0071014291144749775,0.7794888613326945,6.750034720132829,0.6750034720132829,1.0,30.153919080604854,1
0.229763914573474,0.8966717768644931,0.17279773462666514,0.017279773462666514,2.0,94.57168932041496,0
0.8876951918392282,0.1279622965578081,5.226867620042272,0.5226867620042273,2.0,47.26763370186868,0
0.3147532286992285,0.8453826082787468,3.658883605088603,0.3658883605088603,0.0,47.05606920954743,1
0.47770564976503604,0.755472435852299,8.087754392412768,0.8087754392412767,2.0,49.567166280102164,0
0.674984926071048,0.05222410036391112,1.1484443895958296,0.11484443895958296,1.0,92.51161051389579,0
0.5433571460472769,0.7313895513723639,6.040630275153276,0.6040630275153276,2.0,84.67196710767115,0
0.004867970757393425,0.03837923102201002,7.120701864806323,0.7120701864806323,0.0,71.42376119201946,1
0.2065634654577695,0.2625830312919186,5.954548805837754,0.5954548805837754,2.0,62.12715373304009,1
0.10043967341061433,0.5309093999604473,2.7443506941383533,0.27443506941383533,2.0,51.25652694400474,0
0.1676452573516256,0.9092589369925613,7.931903696949964,0.7931903696949963,2.0,51.77927043860413,0
0.14736869285085208,0.10535178766953801,7.935943728672553,0.7935943728672553,2.0,51.16808002857036,0
0.6227788165949936,0.34830536039014703,3.6092963849164983,0.36092963849164983,2.0,86.06897992581023,0
0.40656463281848776,0.5769168486008487,2.6667140925497046,0.26667140925497046,1.0,74.28538667189864,0
0.06655128227044216,0.740205253790424,6.638950741683733,0.6638950741683732,2.0,56.44233654578696,0
0.0822904257601288,0.9153886417078319,3.6781943658582583,0.36781943658582583,2.0,94.58074669453639,1
0.9503564005012547,0.46885011766562046,3.45349310225169,0.345349310225169,2.0,41.53640938425601,1
0.15476196998877811,0.840899458844324,4.505584924077749,0.4505584924077749,1.0,34.98403963368312,0
0.25384010509308663,0.6170216963673738,4.580905647987018,0.4580905647987018,2.0,53.92923008312622,1
0.5742949262141733,0.2040539713505084,8.296223618678818,0.8296223618678817,1.0,93.81987631344134,1
0.1871058436700237,0.5795876156300852,9.528190490490244,0.9528190490490245,1.0,31.561226420414144,1
0.19752939244031298,0.3138176084744341,7.134629010917024,0.7134629010917024,0.0,35.26506578065961,1
0.07258765858552696,0.7036424155065376,0.8823441622797734,0.08823441622797734,1.0,52.19423682923171,0
0.9808211468183533,0.28454087732734246,3.3778499575459064,0.33778499575459064,2.0,94.18265511215273,1
0.6060505308552039,0.2628441569805845,1.8961366739027463,0.18961366739027463,0.0,52.324190304110076,1
0.5297439679133291,0.9453632864937566,6.6326504785299365,0.6632650478529937,2.0,74.07509711606808,1
0.8886705775540708,0.9086994464328946,5.981407655690206,0.5981407655690206,1.0,86.16195894025277,1
0.5944251646584606,0.45174522105102444,9.824541258053584,0.9824541258053584,0.0,73.58628150464801,0
0.26308326412689,0.765467472902437,4.476964005753085,0.44769640057530846,0.0,35.83818650747325,0
0.47225830201360264,0.9820625157660182,1.0545860173224653,0.10545860173224653,0.0,39.65472981054896,1
0.47757867794362596,0.08862511949156837,5.983934257130073,0.5983934257130074,2.0,46.825158233895834,0
0.3980795878848813,0.6061652495710502,3.669440028096076,0.3669440028096076,1.0,81.73816574984087,1
0.7536304905727093,0.2534975366464651,1.7798393497475817,0.17798393497475817,0.0,82.12280946177474,1
0.10968279697940209,0.8000150391614312,3.709886448327805,0.3709886448327805,0.0,41.06628816651467,1
0.15921477397363903,0.1014108631269024,2.381836689047583,0.23818366890475828,1.0,54.64195701458018,0
0.372196266773028,0.7888104614698365,1.9721252370500486,0.19721252370500486,1.0,39.08743345526454,1
0.07117300467915455,0.20060932768329054,4.836402804061674,0.48364028040616736,2.0,60.75089200803007,0
0.9873955414795771,0.45601935901102997,8.10010752875746,0.8100107528757461,2.0,53.678883736426826,0
0.4957944024148433,0.8138207809229533,8.856646738321057,0.8856646738321057,0.0,94.48656190911922,1
0.050106169345504936,0.06746348717609751,2.6031573527691796,0.260315735276918,2.0,55.266128579174534,0
0.6078961947026648,0.9281697750672812,4.484079477056272,0.4484079477056272,0.0,33.25196007933834,1
0.781104577410681,0.21734836182180828,8.428915018417205,0.8428915018417206,1.0,63.83172638089728,0
0.407716250279923,0.5007280928353267,9.886773514191315,0.9886773514191315,1.0,88.96685073660738,1
0.480532211830223,0.7345691654629237,8.499320801179934,0.8499320801179934,0.0,54.0167440151318,1
0.7006000025545202,0.12349709520791685,4.940359539971127,0.49403595399711275,1.0,83.20229706206472,1
0.23381778821050092,0.6087456339169459,8.701359422137488,0.8701359422137488,1.0,57.08757514586566,1
0.5976638869997256,0.5155674372423583,7.066272775108411,0.7066272775108411,2.0,66.94352420341588,0
0.6309453258756416,0.5858342287688392,1.1351543469339254,0.11351543469339254,2.0,62.652282064169306,1
0.8046436641647865,0.662495313680661,0.8414152849543832,0.08414152849543832,2.0,86.82068055611786,1
0.8910716402791254,0.42062803795677295,9.362641482744785,0.9362641482744785,2.0,66.92313165777277,0
0.9408881423381407,0.29876920991758305,9.244423539650535,0.9244423539650535,1.0,54.639518855044074,1
0.12632639149709157,0.18385347256820206,4.583656327893073,0.4583656327893073,2.0,79.854692567935,1
0.8162675803104066,0.9390659882076371,6.618247992023722,0.6618247992023722,1.0,33.27203537919392,1
0.6754307752723682,0.40137578908054716,3.0479197450664195,0.30479197450664197,2.0,47.714088012331125,0
0.37072812999120397,0.2822243375275135,7.013986776081928,0.7013986776081927,1.0,48.618115428647386,0
0.9228111729848605,0.05254666141597841,4.461843314839445,0.44618433148394454,1.0,66.98057303981348,0
0.8601170154532343,0.7512064230437865,3.48482642706324,0.348482642706324,2.0,84.2211938419825,0
0.774358853783522,0.5277456291919487,4.406043600755224,0.4406043600755224,0.0,65.99805765074889,1
0.05748432415792526,0.1909642075362521,4.555541014471332,0.45555410144713326,2.0,59.79149947061654,0
0.1770068292225333,0.893373841019668,9.427596072064205,0.9427596072064205,2.0,34.24516485947898,0
0.9183291856078198,0.9337806146546954,8.849804218289547,0.8849804218289548,1.0,93.05338961760266,1
0.9822364219526405,0.8806763111716537,1.9443398697899972,0.19443398697899972,1.0,49.21023157048104,1
0.27730399378303394,0.5609710382483363,2.784679313706384,0.2784679313706384,0.0,38.428332445361875,0
0.27738700445143916,0.37327975455212703,2.9937481933570345,0.2993748193357034,2.0,84.13645538855218,1
0.6103048971685336,0.16188573658305228,0.11570475619127385,0.011570475619127385,0.0,87.87243165313836,0
0.07618168642350209,0.37724331255577204,5.304302758018934,0.5304302758018934,2.0,49.40852203420775,0
0.5953154699502338,0.6121706299181604,4.826916219668192,0.4826916219668192,2.0,65.65764451242731,0
0.9686890902199639,0.22655336984372487,1.2460273393082877,0.12460273393082877,0.0,80.92450856435812,0
0.296952870842758,0.46396272189699195,9.902375461301373,0.9902375461301374,2.0,31.41062697075201,1
0.7427450445140544,0.573092869755104,7.612852613459572,0.7612852613459572,0.0,94.14996864044801,1
0.524900742669062,0.7314344888986641,1.8308675851219436,0.18308675851219436,1.0,51.05689276149885,0
0.2873113315550937,0.09135111633596349,7.053313780389239,0.7053313780389239,2.0,61.18489164642687,1
0.4124787475680377,0.8669962603308305,3.40633590869004,0.340633590869004,0.0,33.28692835841812,1
0.551081938487321,0.4560744078742768,6.328475845224732,0.6328475845224732,1.0,33.0509933778226,1
0.7615908430547176,0.5819310495576577,4.704908999420436,0.47049089994204357,1.0,37.257493186500874,0
0.5407949943862344,0.9403167814502047,1.3885787345890988,0.13885787345890988,0.0,50.87285472386554,1
0.925140286071245,0.16797871338294856,4.60086705630125,0.460086705630125,1.0,89.89952820195947,1
0.11694870767134669,0.8844860215440894,9.616871627527814,0.9616871627527814,1.0,63.50325234203164,1
0.9576976763311863,0.8044304245358782,7.481305428961299,0.7481305428961299,2.0,51.17339243055454,0
0.5506514143367965,0.9940273663415464,6.265822359710558,0.6265822359710558,0.0,59.32424358963383,1
0.3918152480942889,0.39304228456530543,8.435268732096207,0.8435268732096206,2.0,47.22812846197647,1
0.07605106423231234,0.12684710646076858,8.287211364397402,0.8287211364397402,1.0,70.56125240915746,1
0.2962482180956587,0.014176153818666104,8.88203918523471,0.888203918523471,1.0,62.96628227102708,0
0.4379345220911519,0.7925958880414701,1.0885980206228196,0.10885980206228196,1.0,54.60559305878588,1
0.9370667113616342,0.13659619245420662,1.2945058224303518,0.12945058224303518,2.0,74.59806575387579,1
0.756425332391033,0.3060121177006282,7.988943437213189,0.798894343721319,1.0,55.45945805179015,0
0.05904494274596528,0.9873150375528951,9.953421875430713,0.9953421875430714,1.0,82.42544889769553,0
0.32789345071531995,0.4420949489772559,5.625433526301869,0.5625433526301868,2.0,68.89701547838612,1
0.49143231704910006,0.23120570320663425,9.642660494012839,0.9642660494012839,2.0,43.13953981523806,0
0.8500851722171872,0.7532335579371465,6.628144949437507,0.6628144949437507,0.0,40.60734647602943,1
0.77642748804424,0.2715536842602013,0.8531897912732012,0.08531897912732012,1.0,46.63715840464696,0
0.2161377171142851,0.5310218753516363,9.262529671738776,0.9262529671738775,2.0,89.68562006502961,0
0.05045956374039218,0.1573319874425605,8.39212470032593,0.8392124700325929,2.0,83.52184604966641,1
0.13237539511535457,0.4608329243823198,5.358480133376089,0.5358480133376089,2.0,93.1940981880951,0
0.5032896798604204,0.10861771004208542,7.439066488694869,0.7439066488694869,1.0,78.38099478397795,1
0.08987760556766677,0.7730947147778755,3.5155388190142514,0.3515538819014251,2.0,89.43868150698943,0
0.24975776312021047,0.36513902047379954,6.157802825014134,0.6157802825014134,0.0,53.097974403235284,0
0.8213476998127742,0.31880369204101944,4.132393773794876,0.41323937737948757,2.0,70.29274094289336,1
0.401953100566823,0.9937858051870139,5.271332187832266,0.5271332187832266,2.0,55.447751075570665,1
0.9961464945264302,0.8297025263741533,6.365530100350759,0.6365530100350759,0.0,86.21637343059041,1
0.7559827539589256,0.553925255430436,0.5386945499295948,0.053869454992959476,2.0,94.80329503304013,1
0.26491826852635514,0.9442122367443742,0.9602343547289593,0.09602343547289593,1.0,78.45880696067931,1
0.007570342690037979,0.2113987314664718,0.8241245969213595,0.08241245969213595,1.0,80.79984240907868,0
0.5272074751296921,0.5734854315680096,5.949294650139106,0.5949294650139106,0.0,87.26137160395061,1
0.7058557757065916,0.9290572538560298,4.129077289302362,0.4129077289302362,0.0,36.196422385460174,0
0.46968304578438214,0.5697065298875211,5.000603479085839,0.5000603479085839,2.0,61.31672590751901,1
0.9065046604808226,0.3079897827665147,5.002814420929999,0.500281442093,1.0,77.6123079590408,0
0.7679509270931563,0.8116560124380227,0.40470632118823624,0.040470632118823624,0.0,69.32752310227809,0
0.5202691227337203,0.13881012685608274,7.960588715021809,0.7960588715021809,0.0,65.12119765388739,1
0.018923913589773633,0.1520002981578641,7.006880007357347,0.7006880007357348,0.0,55.07800124386747,0
0.33824690912188926,0.7311248899529007,6.879010301379939,0.6879010301379939,1.0,44.32925779581765,0
0.4944081366392158,0.06933184951304694,0.34250919684182035,0.034250919684182035,2.0,89.95631846653437,0
0.25023434141198986,0.05063078275342725,6.517181013494654,0.6517181013494654,2.0,77.71830608134137,0
0.8376519214088094,0.3790747214770791,5.0045777600843,0.50045777600843,2.0,69.87974273163769,0
0.42447115751858255,0.39790649753475127,7.605676455142818,0.7605676455142818,0.0,35.54910528525622,1
0.2038004976119393,0.4696503166693635,0.9687149286967178,0.09687149286967178,1.0,37.25867069012252,1
0.7790993953586698,0.7407321544429628,7.467085957769766,0.7467085957769766,0.0,58.10262770819201,1
0.6082837812012715,0.5688529562923557,9.616881823457572,0.9616881823457571,1.0,38.172274062460936,0
0.19707844684327003,0.7135485772625964,8.509864364015566,0.8509864364015567,2.0,39.679640316297785,1
0.5327460481186428,0.049894546695185005,8.941705598572273,0.8941705598572274,2.0,35.28571057291174,1
0.6945212374302653,0.3157032531275451,0.7580090055712119,0.07580090055712119,2.0,49.11356405887994,0
0.4484333253706594,0.9664069125188519,5.2964346062794,0.52964346062794,2.0,30.722260188337007,0
0.30238204525212165,0.4277652523521358,2.4666246061418153,0.24666246061418154,1.0,77.59747526034515,0
0.6896686806811917,0.22249167119906854,5.449239645163322,0.5449239645163322,0.0,68.9572473328022,1
0.6872660855801912,0.9920861935266173,7.065847261186673,0.7065847261186673,2.0,62.99757892286573,1
0.016937428560812928,0.41131814002340317,7.468242306912315,0.7468242306912315,0.0,94.14760027595003,1
0.23412530901467354,0.47878185431094267,9.915959682731124,0.9915959682731124,0.0,61.32279532480326,1
0.6463160558587783,0.22379719192917757,9.576264917567654,0.9576264917567654,2.0,86.5275872057722,0
0.2241447841593709,0.6563530738832474,2.471537000322992,0.2471537000322992,2.0,42.30912099262563,0
0.9626548517219389,0.20723007323883325,9.156152924906126,0.9156152924906126,0.0,47.21242574447138,0
0.16279093664948685,0.609923569664573,8.840143203960638,0.8840143203960638,2.0,51.35438418582673,1
0.7482160612671672,0.7574392449703885,7.234361948264086,0.7234361948264085,2.0,94.3721701485336,1
0.9983226268779684,0.652397832461237,2.576576264906066,0.25765762649060664,0.0,88.99468785140341,0
0.3465784668145948,0.09038226943944361,1.8825007285971784,0.18825007285971784,1.0,59.15880254538995,0
0.6031273789567931,0.07977409638275212,4.3560735512088495,0.43560735512088494,0.0,84.88963070062643,0
0.10571196979431507,0.8423515474236333,0.3905774791440275,0.03905774791440275,1.0,45.15813783967092,1
0.6218234908255517,0.9045591017676167,2.8391650303433904,0.283916503034339,0.0,68.51960794693152,0
0.9875227799336301,0.13566036842237406,0.7338466616526385,0.07338466616526385,0.0,40.520805961784504,1
0.9728591692970591,0.37546018725859454,5.245075356624515,0.5245075356624515,1.0,67.38847298003152,0
0.4117781896969359,0.6540668613288417,6.165472477271551,0.6165472477271551,2.0,44.44675440723838,0
0.8206204552293567,0.8354809515627805,1.1130536833226568,0.11130536833226568,0.0,68.07408477885667,1
0.8265997022268218,0.9089852090284763,8.739326184918848,0.8739326184918849,1.0,57.86381745059294,1
0.3272666222898484,0.6986827553998042,0.9679961186736274,0.09679961186736274,1.0,66.31999987917078,1
0.8227476362205827,0.14747451829902058,3.962102081252966,0.3962102081252966,2.0,40.47759606982678,0
0.162404581235442,0.768350960915789,5.009816338438268,0.5009816338438269,1.0,62.92170201930637,1
0.9788791965199434,0.859024933832035,5.821219399115321,0.5821219399115322,1.0,50.56396737385462,1
0.8641700706021397,0.3513059702953275,3.191054123141004,0.3191054123141004,0.0,39.35618535975909,1
0.5105932451215064,0.4941526784803778,7.130839879490349,0.7130839879490349,2.0,62.52561816349804,0
0.3853220569374617,0.16638260911257796,3.4135980928930234,0.3413598092893023,1.0,38.997896614759114,0
0.9459486324070229,0.3045194996445164,2.5269032796712576,0.25269032796712576,0.0,57.774806635305616,1
0.07112612545914321,0.86979961510945,4.531764552024839,0.4531764552024839,0.0,51.00431969862574,1
0.49838956840353354,0.08884723078171508,1.1343249793549504,0.11343249793549504,0.0,65.2959818618346,0
0.4869469004426301,0.7624231229009552,9.66158174125985,0.966158174125985,1.0,61.447122231173466,0
0.3813246978540936,0.09763707406401201,5.500975970424193,0.5500975970424193,2.0,38.747526406441594,0
0.1126275792898539,0.29262041550705187,1.4405375937656273,0.14405375937656273,1.0,48.13591899780187,0
0.25138131683529397,0.582412405812618,7.960680982241666,0.7960680982241666,0.0,66.18815272917955,1
0.9831182441654887,0.0033133872473835035,7.2037948179683555,0.7203794817968355,0.0,84.20477747331074,1
0.8079513885249995,0.6753724924068534,4.305065756034084,0.43050657560340844,0.0,33.849167046613594,0
0.8382831570507472,0.3161951681550662,9.837017061209986,0.9837017061209986,0.0,35.90627035076256,1
0.5095315951699286,0.748570310028148,5.00615031868622,0.500615031868622,0.0,81.80019440977804,0
0.661825431068817,0.9752367546799631,2.127515279139139,0.2127515279139139,0.0,52.08890559181643,0
0.505005930734575,0.4164890910520097,7.912555001983083,0.7912555001983084,2.0,46.695816334730985,0
0.6773594047780074,0.029995894523604738,9.2874235532234,0.92874235532234,2.0,44.92590001224783,1
0.8634684243298999,0.8488915768304097,2.6237308111575253,0.2623730811157525,2.0,93.0959990581396,1
0.24259470355583457,0.2745783490399677,0.06720904485004509,0.0067209044850045085,0.0,63.19845635596553,1
0.9508932713168251,0.14861648413376383,6.0928007264054305,0.6092800726405431,2.0,40.45813190650325,0
0.9136118167355519,0.8792119820592861,7.327800392183227,0.7327800392183227,1.0,56.39048986934149,0
0.41929129421576483,0.23252970318921073,2.608548080658253,0.2608548080658253,0.0,46.94195762346903,1
0.976814215802197,0.6052852917484213,9.636560553099239,0.9636560553099238,0.0,40.9650741213555,0
0.8825241479790874,0.2539836453077656,1.6763725395739715,0.16763725395739715,0.0,93.60792849276751,0
0.04007739458030801,0.712458194983341,8.011566833754005,0.8011566833754005,0.0,58.93145100475269,0
0.04211416689967007,0.6487465921594437,8.763101398583228,0.8763101398583227,0.0,74.93101266920662,0
0.7072845791801631,0.5091682133374955,1.7088427717161814,0.17088427717161814,1.0,88.40659689696614,0
0.7836719682646048,0.5550249037095213,5.013438367783914,0.5013438367783914,2.0,43.3654794263691,0
0.24868691971103507,0.2272435307070615,0.28046815075862597,0.028046815075862597,0.0,38.32117092590348,0
0.49873664885759394,0.02192680408605263,6.418891260112738,0.6418891260112738,1.0,46.9167368256742,0
0.5392484165253694,0.8007089045041901,5.46479289345847,0.546479289345847,0.0,76.3167199004374,1
0.4455957606325628,0.8893012848381766,7.782718783694797,0.7782718783694798,1.0,54.829079128043034,1
0.06912242918397082,0.7778692912171227,5.012776578260224,0.5012776578260224,1.0,61.79075861907207,0
0.21889610211066768,0.7079249366028773,3.5388426199432943,0.35388426199432943,0.0,31.31664347035076,1
0.8145107391449705,0.47192412819695984,1.3667177615245851,0.1366717761524585,1.0,30.2763421115279,0
0.07308688467534952,0.5839031029822721,0.5107361731026339,0.051073617310263386,0.0,56.46001483873739,0
0.6221406521240891,0.6916272054389744,5.288320268426359,0.5288320268426359,1.0,39.77356798162751,0
0.6341581999648843,0.02622816685257412,9.188840635810728,0.9188840635810728,2.0,81.4215126685783,1
0.956490132683685,0.4236705341890681,7.66004828976305,0.766004828976305,0.0,91.83353164773945,0
0.9874512398145048,0.22468650716004823,3.931206760931063,0.3931206760931063,1.0,90.17047189886247,0
0.9450425259416589,0.3644490921463597,9.837258918812296,0.9837258918812296,2.0,60.26060701743184,1
0.5413214352779907,0.7492317117488488,1.8400007621240322,0.18400007621240322,1.0,48.645614091374554,1
0.041775722213280186,0.3633863498077726,9.976289554121843,0.9976289554121843,2.0,61.447568404893836,1
0.2773006119401238,0.739094746577597,2.3013577871849145,0.23013577871849145,1.0,36.76206307232709,1
0.47549554352080703,0.9718314877055392,1.682186016164946,0.1682186016164946,1.0,91.3555012888719,1
0.039119842253617865,0.9233827903109805,8.583323009465492,0.8583323009465491,0.0,73.6346234916507,1
0.03709733230613255,0.8277248557738056,4.688535179817358,0.4688535179817358,2.0,48.62564277747019,0
0.3240230557241006,0.8529908093798445,8.918576007475636,0.8918576007475636,2.0,79.35140460658545,1
0.3873447240815874,0.3939323195553548,7.480402465661604,0.7480402465661604,1.0,45.92524235768414,1
0.5808443712157535,0.7315823866277725,1.5673003369476035,0.15673003369476035,2.0,78.84465308600136,0
0.932857649516768,0.6670136571657432,1.2192427893805324,0.12192427893805324,1.0,56.118437340696566,0
0.39117693257846375,0.9828921485123465,4.467665655966888,0.4467665655966888,0.0,86.15520057361954,1
0.04809057838564712,0.574898507927968,5.615448384582226,0.5615448384582227,0.0,94.33635479433975,0
0.5400436233611018,0.4297660894329566,4.232141249627881,0.42321412496278815,1.0,50.81334927429991,1
0.3579624477770895,0.837266840159054,2.1198875953123197,0.21198875953123197,0.0,65.82630156270396,0
0.9011035760675142,0.7495733487742225,2.175304076813558,0.2175304076813558,2.0,45.4655660723501,0
0.43149806894320963,0.1248617086010273,5.099090167796419,0.5099090167796418,1.0,82.02364213878103,0
0.3217974205346785,0.5962801891206438,0.14299360041433617,0.014299360041433617,1.0,61.976667125292316,0
0.723880256700617,0.5923066744760821,4.389481755524502,0.43894817555245014,1.0,93.94670169519192,0
0.49325294811405596,0.6316248546453446,0.3322506853764162,0.03322506853764162,2.0,87.64810822056586,1
0.5550990798278119,0.9414980896332896,8.73134918021298,0.8731349180212981,1.0,47.72500469827663,0
0.15206741544666502,0.6020356214899649,6.201115959991021,0.620111595999102,2.0,37.76742194768984,1
0.3751927072871991,0.8700188553448028,1.601883705482119,0.1601883705482119,0.0,70.29051147875451,1
0.04642406015361422,0.3583808148598655,7.685667522942739,0.768566752294274,0.0,50.67325960266515,0
0.7548787995750461,0.057378954645949665,4.926163362700643,0.4926163362700643,0.0,46.490634347172026,1
0.24558166279924443,0.37522273919401106,5.107066543169545,0.5107066543169545,0.0,65.43275943857292,1
0.12051576085729543,0.532669407776085,2.5612728217266545,0.25612728217266545,0.0,64.98315184034163,1
0.5895120307890962,0.8333213778145903,3.937564298799705,0.3937564298799705,1.0,64.94408448441118,0
0.5794296547215414,0.6318488086448999,8.781539264493706,0.8781539264493705,0.0,49.12550666130668,1
0.3157975695009747,0.4422020690235805,1.4720043728006604,0.14720043728006604,0.0,40.09892382108104,0
0.9623511779429232,0.46187260774858296,6.237070985121246,0.6237070985121246,1.0,41.93806079770722,1
0.6355213105780555,0.9966572786334504,2.1689931981115396,0.21689931981115396,2.0,76.80933256531874,0
0.9263938866405134,0.1413438380902714,4.448043701369925,0.4448043701369925,0.0,60.42304606933699,1
0.3005956833084742,0.20551607784275883,5.330212392276081,0.5330212392276081,2.0,60.5089324129445,0
0.5518030592775518,0.6252814936879517,1.2178973084525824,0.12178973084525824,1.0,93.48858981193126,0
0.41352072886053903,0.701405485652306,0.7851034228720566,0.07851034228720566,0.0,89.66657261699818,0
0.41328335179546294,0.3949792025162635,4.840592474319225,0.48405924743192247,0.0,34.222027462079865,0
0.047767321958576026,0.032131807764422815,4.093436372707394,0.4093436372707394,2.0,81.84842099019714,1
0.21963638769397054,0.5220119449077615,9.209953734458056,0.9209953734458056,1.0,46.1147772025203,1
0.8693254492248188,0.14436014759100246,6.979961947086632,0.6979961947086631,2.0,76.94945245484683,1
0.8498553013486807,0.05604831153789336,8.96812555123706,0.8968125551237061,1.0,41.267424952680805,1
0.10509800988543327,0.34475963328940795,9.283045350424576,0.9283045350424576,0.0,39.449182083959144,0
0.018148047693066993,0.1356527179563396,0.1906552901537284,0.01906552901537284,2.0,91.04815077831309,0
0.10204576964107259,0.43899696279697464,8.798611429478061,0.8798611429478062,1.0,66.28981861097331,0
0.6388014005995408,0.7616944636614017,9.584759588330385,0.9584759588330385,1.0,52.72668998789403,1
0.23982290573469567,0.047046036657749424,4.52642966912041,0.452642966912041,0.0,87.92272383192363,1
0.7626242120709735,0.49989150966851414,6.359876268120885,0.6359876268120885,1.0,48.83901109019324,0
0.005829144762904526,0.4969804126758134,3.4597732377912562,0.3459773237791256,2.0,34.15305702839291,0
0.7157725852711321,0.0017753684857230168,0.9865757599235869,0.09865757599235869,0.0,55.662127580195715,1
0.8863907746669859,0.7382510742128339,2.6260478885128147,0.26260478885128147,1.0,75.97336228608822,0
0.04480647447643693,0.08973590888213268,0.8054415209625843,0.08054415209625843,0.0,73.03269185316474,1
0.8673949385993158,0.9320553315477634,4.867908268668835,0.48679082686688346,2.0,60.79111220784508,0
0.9178688113383175,0.6393645196065534,6.535869713021622,0.6535869713021623,2.0,63.16083848737396,1
0.5358401500338991,0.28781613176701626,0.052261345102813106,0.005226134510281311,2.0,64.41544145980858,1
0.284528717522582,0.9252810133142174,2.2886360041547213,0.22886360041547213,2.0,54.34374322756402,0
0.5628141490733582,0.40046052114841435,0.7376852407718315,0.07376852407718315,2.0,35.39268255150637,0
0.3105866776125117,0.26026058239438166,9.657426366740191,0.9657426366740192,1.0,40.257821178101274,0
0.9332099162264269,0.38450075642420434,8.031112576101208,0.8031112576101208,2.0,77.07772953310601,0
0.5436317464754129,0.6115869410493199,0.3098901645063401,0.03098901645063401,0.0,82.65354265793293,1
0.798704434371643,0.723596987009108,8.1398786206233,0.81398786206233,0.0,55.708420739324836,0
0.6099702054055944,0.661822027574418,8.272623274842418,0.8272623274842419,0.0,51.402693936486024,1
0.28840724681661145,0.9212366954993833,8.05239759085295,0.805239759085295,0.0,69.49968176641998,1
0.500129726434847,0.9561712498408729,8.784192765520878,0.8784192765520877,0.0,31.415187840857932,1
0.8798913313911636,0.197062809222334,4.684259667736837,0.46842596677368376,1.0,67.01922294518252,1
0.3828729503655318,0.9125424013732732,2.394134329675005,0.23941343296750048,2.0,60.48740275059102,0
0.34133183616316,0.10668186575439631,8.704479856682028,0.8704479856682028,2.0,58.725384910596,1
0.9564304676618655,0.9568917820250953,8.346468429927286,0.8346468429927286,1.0,30.093795497906605,1
0.33406097255583267,0.25934484708149275,2.747093677742977,0.27470936777429766,0.0,91.2863489037138,1
0.8595010767154644,0.2657891531328386,5.80719276194372,0.580719276194372,0.0,41.27017015490396,1
0.17828072015554564,0.4215455510509972,5.569385425335215,0.5569385425335215,1.0,37.34467370407035,0
0.791724962077415,0.18174228848491158,4.875284647813736,0.48752846478137357,1.0,55.079223193594885,1
0.6153016503442944,0.8277186523259142,6.086124457240322,0.6086124457240322,2.0,80.6201055351445,0
0.12019657873892531,0.12473748014382513,0.8396967077607265,0.08396967077607265,1.0,79.72499429704881,0
0.06394516559661934,0.4392888036621503,4.546438001760004,0.45464380017600037,0.0,63.26761224396314,0
0.2983072945181947,0.9071560107627624,2.7987191913507257,0.2798719191350726,0.0,65.69753120363035,0
0.6574560108175462,0.6353890985942537,0.02372662020499683,0.002372662020499683,1.0,59.58860805547445,0
0.360113727051117,0.6071648445781025,5.191748133615887,0.5191748133615887,2.0,31.644163873594945,0
0.27115235733508347,0.9946442239288724,3.6470376132664786,0.36470376132664784,0.0,48.06087148038682,1
0.5818640300722865,0.022549082397360753,4.312379308701582,0.43123793087015816,0.0,55.28155286291228,0
0.9525547848764815,0.31979368510519435,1.1135063218784946,0.11135063218784946,0.0,66.03937505018914,1
0.12185273208982228,0.12501821789613998,5.056205321870034,0.5056205321870034,1.0,72.8365369839576,0
0.6445813117997437,0.18457727897036447,2.701259007375035,0.27012590073750353,0.0,94.19641370844751,1
0.9124021544580698,0.21600449852749515,0.005820741894840831,0.0005820741894840831,2.0,62.97902824710429,0
0.541100459573246,0.6268901105673028,7.800110002169149,0.7800110002169149,2.0,73.67387084481776,1
0.964186280065267,0.27210702379371754,6.278386522963868,0.6278386522963868,1.0,92.44183521527113,0
0.5978945795272593,0.6641845086368747,5.279160028729812,0.5279160028729812,0.0,48.11473171216123,0
0.6726020404666879,0.7380696505355031,6.220569650570324,0.6220569650570325,1.0,59.49262877368082,1
0.7912800286047221,0.4019128021922588,3.2366657518228994,0.3236665751822899,1.0,76.8635943427923,1
0.19972358187123274,0.5363272743979308,1.230367032657641,0.1230367032657641,2.0,66.73588293546517,0
0.5601921056963589,0.1320921741025286,3.569270193879608,0.3569270193879608,2.0,88.05596030029722,0
0.6142634289034246,0.7526393649698798,7.888785237321402,0.7888785237321402,2.0,66.79518545992428,0
0.12014766501367236,0.41911828374851023,6.082660312234594,0.6082660312234595,1.0,89.95342072552354,1
0.45551179820821097,0.8346352046368917,7.912427487876098,0.7912427487876098,0.0,39.65632377132636,0
0.7706783707657671,0.5262195196960935,9.022815114224262,0.9022815114224262,1.0,82.2292875579037,1
0.04070623290278219,0.6967646433946512,2.496573759454469,0.24965737594544687,2.0,43.86250999512488,0
0.41349200726325475,0.3585826934521421,9.144279527033795,0.9144279527033795,1.0,33.19282525214181,0
0.14571764383126928,0.37176962913221356,6.625990313701581,0.6625990313701581,1.0,37.25729897102003,0
0.17574859754736383,0.43650844156427726,5.607781953914662,0.5607781953914662,2.0,67.74581981118565,1
0.5125745145950548,0.6360342056868604,5.032095200317853,0.5032095200317853,1.0,48.904548165271656,0
0.029481818845178198,0.5065335814605911,4.687202091661346,0.4687202091661346,2.0,39.35730144013973,1
0.42495672118777295,0.8042764492246798,0.7389793102123365,0.07389793102123365,1.0,70.89087626013809,1
0.02570516115571153,0.05479738226069664,0.5464042889897813,0.05464042889897813,0.0,61.71725637395459,0
0.925560104106775,0.9005427252559962,3.3097526748328954,0.33097526748328954,1.0,54.73484496209061,0
0.8829539671994929,0.9260366662777956,2.0355510805847965,0.20355510805847965,2.0,64.82116754006164,1
0.21163822634090057,0.2440756888571759,0.8661154430827567,0.08661154430827567,2.0,85.99200856553013,0
0.06580436820374791,0.10077635024179898,0.2443726797750978,0.02443726797750978,1.0,77.10489546883304,0
0.2506356558820614,0.5718562267871267,9.783879003680267,0.9783879003680267,0.0,62.18703350503319,1
0.028391910406498022,0.06417017058228125,2.120939746771789,0.21209397467717891,1.0,83.46809128243376,0
0.7347887963823461,0.22971564751474494,9.846898874334034,0.9846898874334034,2.0,86.0659664313163,0
0.5738944301084834,0.5075660290149167,5.445016766020348,0.5445016766020349,1.0,54.4585104009309,1
0.5438395625105262,0.6138114317617724,1.918325109558231,0.1918325109558231,1.0,39.73610290068728,1
0.8519722187513374,0.19430482606999433,1.4530111090423004,0.14530111090423004,2.0,37.477884801742626,0
0.8093124587747507,0.9327379620411222,2.008045638909024,0.2008045638909024,1.0,71.52559115823787,1
0.4088815784679609,0.1813230970238695,3.6377789898117197,0.36377789898117197,2.0,90.85917374650691,0
0.6103368920229567,0.1536557971401089,2.049915242391646,0.20499152423916459,0.0,32.50551217612768,0
0.4418079332434445,0.16231998452590857,8.280214722966821,0.8280214722966821,1.0,62.321634119945614,0
0.6240096996902691,0.9295247615802847,3.67032053861744,0.367032053861744,0.0,42.62610087281202,1
0.1515248546750937,0.8787710197729073,5.269452217939717,0.5269452217939717,0.0,64.54836022674887,1
0.3000802362566677,0.03304086425566022,5.012308780359258,0.5012308780359258,1.0,85.68301147188183,0
0.25188359179575637,0.7266153215673352,6.595371834441222,0.6595371834441222,1.0,81.1509764985439,1
0.1674670139022144,0.07348872131174611,9.974014603375934,0.9974014603375935,0.0,93.13383675422776,1
0.4138380882091063,0.07531054386929492,4.435629080256279,0.4435629080256279,1.0,61.494420559927114,0
0.7264993976819009,0.07602020213740912,3.2265010478214218,0.3226501047821422,1.0,73.12089127489922,0
0.3960566728427932,0.8296209783156085,9.740764926124895,0.9740764926124894,1.0,88.40326602321828,1
0.9826356393263647,0.42743563258861583,9.976226527912353,0.9976226527912353,2.0,75.34514088969264,1
0.302090677631323,0.5570294881538608,7.809327392647797,0.7809327392647797,2.0,92.6728125217524,1
0.9481297820427548,0.030813666806051465,7.976698936191456,0.7976698936191455,0.0,45.960696647956084,1
0.19355368537054274,0.9008916991369139,4.073241614369038,0.40732416143690375,2.0,38.773112970161336,0
0.3207745860906057,0.9820226623261704,5.3890227813352665,0.5389022781335266,0.0,39.693156899482055,0
0.16408146898182174,0.23517856813508775,3.518109972622403,0.3518109972622403,2.0,85.40670240266984,0
0.2379101506383774,0.6565151829481533,6.18852203958051,0.6188522039580511,1.0,33.4344890257228,0
0.15711157042184454,0.678802955482366,8.257395851938295,0.8257395851938295,2.0,82.64469695844048,1
0.6248273111850091,0.9662802426534581,3.740660095809094,0.3740660095809094,0.0,60.16685087676796,0
0.2006151504894329,0.4837661488566609,5.351933115282779,0.5351933115282779,1.0,74.93005729621115,0
0.08513215209104508,0.2379145954519586,7.749699491064628,0.7749699491064628,1.0,78.46085337795532,1
0.2664207288276742,0.36028263428318186,2.088627809041194,0.2088627809041194,0.0,57.58585940174843,1
0.6784000682133879,0.6396117102293969,6.103671407498247,0.6103671407498247,1.0,39.49544789823198,1
0.4286313015421902,0.47248711806637456,7.757579640630952,0.7757579640630952,2.0,70.10369133025988,1
0.1561580843912379,0.07940743008795326,0.521478551898702,0.052147855189870196,0.0,92.1740904005378,0
0.06345018895545795,0.8073662316192718,2.5371109803465917,0.2537110980346592,1.0,31.660553458604564,1
0.7293547064325894,0.8642687647162544,0.2525761208311528,0.025257612083115277,1.0,44.75254530895092,0
0.7041096632007207,0.4783321673688957,0.06412899439814712,0.006412899439814712,0.0,86.83642538581991,1
0.46152471311081067,0.523470382682611,4.776171505528244,0.4776171505528244,1.0,34.535121695248726,1
0.5277489917124849,0.4915732796291904,7.006744962495306,0.7006744962495306,0.0,30.65863596108374,1
0.24049286051105156,0.5297461961251176,3.8303939483499594,0.38303939483499594,0.0,87.0572327001476,1
0.4853368280887522,0.10262233850060909,6.210875184206042,0.6210875184206042,2.0,79.92753908777435,0
0.7286066143419342,0.4336328873248927,1.9148666781404955,0.19148666781404955,0.0,46.50218622707018,0
0.7715326173584767,0.44787530189999736,8.36424624669262,0.8364246246692619,0.0,92.81986874347797,1
0.3404948713805157,0.997714335024158,3.6259066646020424,0.3625906664602042,1.0,76.30752727627356,1
0.678850555848997,0.04865317354471288,7.072074849738302,0.7072074849738301,2.0,37.741592163269225,0
0.48648442332772557,0.3121389253878656,1.2994208435307664,0.12994208435307664,2.0,59.933983133493605,0
0.7393358134106348,0.4959952682418123,8.181080599795047,0.8181080599795048,1.0,86.2291519693264,1
0.6907806523074379,0.8472353454022968,5.180600885473355,0.5180600885473355,0.0,73.40301118252903,1
0.7503566988951722,0.4612371150168152,9.702680968726922,0.9702680968726922,0.0,68.07725770726015,1
0.16488337601509362,0.2910064479004637,4.053708549780941,0.4053708549780941,2.0,57.10498878148645,0
0.32212207399047144,0.5352682120065869,8.729995687845056,0.8729995687845056,2.0,46.12287037409152,0
0.2649837441248837,0.2970268042983609,4.12099477217053,0.412099477217053,2.0,69.88390170603486,1
0.4470688541127982,0.5483214724575276,1.0789233094940687,0.10789233094940687,2.0,39.999570413861086,0
0.46491245978860685,0.6898602588492325,6.876344035154794,0.6876344035154794,1.0,82.64438655519254,1
0.6673071985541632,0.5307823545975189,1.8296603541336431,0.18296603541336431,0.0,43.62240209141654,1
0.5696071340143589,0.6096352161598857,7.998522855017843,0.7998522855017842,1.0,37.83665684983646,0
0.5798748730025354,0.03871744169197511,3.3486423288897447,0.3348642328889745,0.0,34.68189998408258,0
0.6329848399730194,0.658800079422133,7.56424593963404,0.756424593963404,1.0,82.96917775810816,0
0.27288970574861937,0.9696753946826037,4.814402955211644,0.4814402955211644,1.0,60.406937728087584,1
0.2261316197897062,0.4916447541069202,5.370050075735074,0.5370050075735074,2.0,55.913022898498774,0
0.21518855411281002,0.8027082322939683,7.346317009507479,0.7346317009507479,0.0,63.87727559522013,1
0.7794482385586976,0.5489053402797384,6.650557707668099,0.6650557707668099,2.0,68.17526500478684,0
0.09726170930198341,0.7039987236141416,6.642152377501431,0.6642152377501431,0.0,87.24693709728945,1
0.3160927058376565,0.309912154570389,6.589451315253944,0.6589451315253945,2.0,52.34683258206069,0
0.28027297337273904,0.9668641477863484,5.8526997978696595,0.5852699797869659,2.0,42.16159464944022,1
0.5919257539778845,0.21514498241379754,8.07177745418416,0.8071777454184159,0.0,86.48853334160499,1
0.9241915845531127,0.1590976228733635,3.0002008901810715,0.30002008901810717,0.0,61.23757986833748,0
0.8785946504436563,0.045524392056562224,1.8156396906182581,0.18156396906182581,2.0,67.66767735505931,0
0.10538732145233576,0.5411905624282837,7.3516005198534184,0.7351600519853418,1.0,40.28027269537539,0
0.5402102278406471,0.6189009104379619,5.398287224390327,0.5398287224390327,0.0,86.0390471423115,1
0.037197390023720245,0.6495219730286571,9.006116265366067,0.9006116265366068,0.0,90.99412837001447,1
0.7924061734480113,0.17223148477344463,9.650854016435666,0.9650854016435666,1.0,59.09256339663807,1
0.37471820730515426,0.6514370915596684,8.671340059631179,0.8671340059631178,1.0,31.30968601970517,0
0.21486478605822834,0.1651065646258748,5.4755894596623955,0.5475589459662396,2.0,31.758632520404564,1
0.4841019213914195,0.7549931560711998,7.541249953912626,0.7541249953912625,1.0,49.64955760171172,1
0.43510332280165165,0.2752445934237374,3.3433309693821265,0.33433309693821267,1.0,61.96867839638883,0
0.9431283521553239,0.4220459174074983,0.14761448592334747,0.014761448592334747,0.0,58.132570771108036,1
0.03318671278961116,0.3672270443804896,7.804698040983969,0.780469804098397,2.0,66.97690197173665,0
0.9499841541966557,0.36772304537987255,7.814979061216928,0.7814979061216928,2.0,46.730092085111345,0
0.234371243837171,0.7209434823791014,0.08038475519713595,0.008038475519713595,1.0,43.63326853263091,1
0.1450321614097312,0.9977729200991068,8.635972047451657,0.8635972047451658,2.0,93.31837332428337,1
0.7418238075664384,0.5273297515463169,8.814385644314036,0.8814385644314037,0.0,48.23838937850817,0
0.5225769292667015,0.4010388936637146,3.2064543245578845,0.32064543245578847,1.0,91.52413077850434,0
0.8956474076625377,0.29369911278184213,0.17246243703879505,0.017246243703879505,2.0,67.14850190029885,0
0.5426371005265009,0.6244782290911982,8.760204418677782,0.8760204418677782,2.0,34.549378006462945,0
0.5054676114321435,0.45118321519771853,0.7051805946083389,0.07051805946083389,0.0,68.67573666072768,1
0.2061618785868481,0.7728358684199158,2.32204402945234,0.232204402945234,0.0,94.0604878778274,1
0.9497737873711638,0.6066891390151041,5.425744359809697,0.5425744359809697,2.0,84.57886985758994,0
0.6644902183375012,0.4119213882570807,8.165345584522404,0.8165345584522404,1.0,49.73042806909377,1
0.6015687213678658,0.9530112532826681,7.818175109811115,0.7818175109811115,0.0,36.20789714765351,0
0.7900557483384061,0.011264575528710408,6.811763664405275,0.6811763664405275,2.0,59.92857201612436,1
0.10127098690364511,0.6894880246148298,8.286751788665075,0.8286751788665075,1.0,36.415252689504634,1
0.8664134464678407,0.4107914569870236,6.854314022053042,0.6854314022053042,1.0,49.348620920942736,0
0.5004827108321135,0.12162183226154455,6.376889047991908,0.6376889047991907,1.0,89.67733028269376,1
0.8022130587667884,0.09269545187965322,1.6769803069801392,0.16769803069801392,2.0,72.48098039394098,0
0.7126308203179267,0.6493189868694299,4.399216881008893,0.43992168810088933,1.0,80.92342816465474,0
0.4512599101129131,0.14777315044372996,4.51382283206592,0.451382283206592,1.0,65.13802320119254,0
0.7697098238798941,0.856076045340024,0.184983730859134,0.0184983730859134,1.0,40.928261938809015,0
0.7206911408919305,0.3109279863048494,4.055190294583699,0.40551902945836993,2.0,39.77574607414212,0
0.0037218828656436775,0.34384286073191406,2.2708883145619074,0.22708883145619074,1.0,79.77455853997408,1
0.7092474381968816,0.6601244355587284,0.8966776034617185,0.08966776034617185,0.0,57.905093100823564,0
0.5087886985712659,0.2201638824117037,5.463209430745287,0.5463209430745287,2.0,62.49995271663027,0
0.8394708552829814,0.007039209682717318,2.3701173458524307,0.23701173458524308,0.0,41.62935975636258,0
0.8096444611301552,0.4458293401333474,1.9037827160392895,0.19037827160392895,1.0,53.50870932503485,0
0.17064851402005432,0.5278797783558555,7.867951022787773,0.7867951022787774,1.0,38.59486031610881,1
0.02175866762838763,0.44589553044152963,8.100932191938064,0.8100932191938064,1.0,43.29407164469361,0
0.19632542826127386,0.45799170499566766,6.608569191125062,0.6608569191125062,2.0,87.77762002488299,1
0.7411252711995522,0.6657388981919046,1.8966879206492637,0.18966879206492637,0.0,76.58471156892462,0
0.8713513888277652,0.8456887870960217,6.326934833286212,0.6326934833286212,0.0,85.37576310814279,1
0.7005740162643568,0.36550556253757394,7.133224195657258,0.7133224195657257,2.0,86.8212734652204,1
0.820587695260441,0.79009355284145,2.3330987686418636,0.23330987686418636,0.0,68.32376232880301,0
0.5872408763647866,0.0626837662453571,1.3294351004818483,0.13294351004818483,1.0,49.773494225473584,0
0.506520676739974,0.4802608558925999,4.33527396167492,0.43352739616749203,2.0,62.01566031169753,0
0.9703640236057997,0.3761519210347516,4.243069104399271,0.4243069104399271,2.0,31.22589434941823,0
0.08059015850826978,0.46594057832446334,1.5330301547199077,0.15330301547199077,1.0,83.12720803824583,0
0.42135426832000655,0.0914778563957952,1.9171494082393714,0.19171494082393714,0.0,82.17106154421073,0
0.2780572327088645,0.13882932479520194,4.99617205139179,0.499617205139179,1.0,63.04150246200219,0
0.1220509743197693,0.293479960233318,5.274226886896721,0.5274226886896721,1.0,54.54062201760665,1
0.6055769975981716,0.2735316263118127,5.378586083821613,0.5378586083821613,0.0,41.21909198970694,0
0.2632503770235989,0.3850965825411844,9.820335779112828,0.9820335779112828,1.0,34.91298636827156,1
0.4629645461871552,0.4572588771198842,0.39607987576849135,0.039607987576849135,2.0,51.123053267952386,0
0.13658860818782437,0.22117251603009047,7.862904811485512,0.7862904811485512,1.0,90.93584777642691,0
0.3899865110597138,0.6192204364555247,3.518080041144529,0.3518080041144529,2.0,34.469111739612494,0
0.20025484428509854,0.3758215617077856,7.529074096489698,0.7529074096489697,2.0,91.6940400294715,0
0.8969370826070563,0.06013528067568963,7.354401240302026,0.7354401240302025,2.0,64.36417689730722,0
0.5223961592740896,0.24369671111440916,6.198453587239161,0.6198453587239161,0.0,58.65710499093535,1
0.7995435850654402,0.5601472938529658,6.311541759104187,0.6311541759104187,0.0,37.992290067115675,0
0.48572633233707596,0.606877157943512,6.635965572123168,0.6635965572123168,2.0,34.639449327684055,1
0.04238431094827899,0.7996608698402644,7.476018256938838,0.7476018256938838,1.0,65.39001325132975,1
0.694553559774293,0.24547866002684893,1.3162001978524607,0.13162001978524607,2.0,68.90987126204752,1
0.047823432056727344,0.5622149460607969,3.6083884862616165,0.36083884862616167,1.0,58.21627415279535,0
0.3950404285906909,0.4761052191011159,8.420086318828437,0.8420086318828437,0.0,48.67646578456561,1
0.5469393546589715,0.848515174151812,5.4788416872821095,0.547884168728211,2.0,30.860111817491145,0
0.7798283154915543,0.7299917353867721,1.369357151617061,0.1369357151617061,2.0,47.33400368598686,0
0.8985997666054488,0.13198545774158865,9.616487202869735,0.9616487202869735,2.0,76.46344238565764,1
0.2048137810604368,0.9587741511954362,9.8783647890039,0.98783647890039,0.0,69.39095618873606,1
0.663572148545963,0.35521463913204776,5.126772122961627,0.5126772122961627,2.0,40.276205899805376,1
0.4702287235607653,0.9545913887922242,5.331940700240889,0.5331940700240889,2.0,81.57348459929077,1
0.7675157086734011,0.28522104780323,2.9202400867158107,0.29202400867158107,1.0,39.65172456738385,1
0.9398437523305537,0.4689388250202996,5.161618265372234,0.5161618265372234,1.0,81.705051458256,1
0.5329671141259,0.5504638143627701,9.687847989759947,0.9687847989759947,0.0,63.32041215474571,1
0.28677101486041434,0.06359170285977689,2.5456880438756335,0.25456880438756335,1.0,76.60088658242283,0
0.7985091972593257,0.7156656356539504,3.0461686368275487,0.30461686368275487,2.0,35.39634749264588,0
0.5267358805253436,0.10471036446364779,8.975010321743405,0.8975010321743404,0.0,78.16420240539465,1
0.8822783952578681,0.16416277711160043,3.8439528679306756,0.38439528679306756,1.0,76.89480780887082,0
0.56607313943606,0.2902422037553465,9.725273021360298,0.9725273021360298,0.0,41.391464901950734,1
0.9371229536058292,0.9607462944212769,3.4958859583204815,0.34958859583204815,0.0,38.94007674413339,0
0.01753661880234314,0.9731162814685399,0.04632324143159172,0.004632324143159172,0.0,78.66524182333599,0
0.7389588292709591,0.4893164422507045,9.537258041827766,0.9537258041827765,2.0,57.050176751727605,1
0.3465379583420106,0.533321106264602,2.369883633274691,0.23698836332746911,0.0,72.09960195691367,1
0.6686203741181019,0.21184311735211703,6.941204820960021,0.6941204820960021,0.0,30.588310411910157,1
0.9423467686739211,0.4180416455389093,0.473835377515317,0.0473835377515317,2.0,41.93717614644332,1
0.6539111771619658,0.9844182743532737,7.482529146300141,0.7482529146300141,2.0,78.48508676612525,1
0.7449853759787763,0.7907920740190956,2.200690007080751,0.22006900070807509,0.0,42.926292854330036,1
0.15805045063621392,0.6973989921237215,8.00251311057208,0.800251311057208,2.0,35.21833063724031,1
0.17051804685769856,0.2784149142086326,9.665999928790953,0.9665999928790953,1.0,41.381450510609035,1
0.5734263864465399,0.7630592490875737,0.4522642634709695,0.04522642634709695,0.0,84.1061008057131,1
0.43060447322814577,0.9665539072038332,3.679920729915831,0.3679920729915831,0.0,52.5244887834738,1
0.11115054397689095,0.9879532548790103,7.15778513750633,0.7157785137506331,2.0,64.45490962637746,1
0.7283353495056485,0.5997921518233646,9.964352563122588,0.9964352563122588,2.0,67.5372335383286,0
0.6989566066520444,0.1607320477842158,3.6304471802007123,0.3630447180200712,1.0,54.221514494819964,1
0.09157577976188902,0.964070056863034,9.949797973980337,0.9949797973980337,2.0,36.090369883295295,1
0.04865678698342779,0.5413787492257044,8.99185038629989,0.8991850386299889,1.0,46.6922797032854,0
0.37881332202355567,0.03834057645936173,7.193118345588163,0.7193118345588163,0.0,40.25774203377188,1
0.6329341915393509,0.081497025572832,3.8189682410112136,0.38189682410112136,2.0,89.11880588774204,1
0.8935675180448024,0.5772579352237024,5.369150488997006,0.5369150488997005,0.0,78.10569396511954,0
0.43450557311749793,0.8352938371153756,7.203467694258562,0.7203467694258562,2.0,83.49838446483353,1
0.08410298712626307,0.941521427935336,6.8572885463488,0.68572885463488,0.0,82.79618581602047,1
0.8404660548178111,0.9444361109300397,2.8840003004849857,0.28840003004849857,1.0,30.14135997102593,0
0.12489985534479553,0.5786144538404644,5.572175729647276,0.5572175729647275,0.0,78.68547911456098,1
0.6373912902599024,0.9814092109264907,8.350247702056537,0.8350247702056537,2.0,61.33362214421058,0
0.4134533935880158,0.1495960941212373,4.750755965573338,0.4750755965573338,0.0,80.35132472129482,1
0.9095701335786014,0.09466765067049143,5.662427924843627,0.5662427924843627,1.0,92.38981598134087,1
0.7049109107077214,0.03027788721554503,3.2753465477432164,0.32753465477432164,0.0,53.2515792709952,0
0.00014259604881772248,0.7741321075613072,1.6010265931805134,0.16010265931805134,2.0,69.31105379975209,0
0.3727619386105401,0.9165969456295598,0.659796276060115,0.0659796276060115,1.0,49.79916705903523,0
0.1803090778263602,0.8398337079769406,4.0605558204712775,0.40605558204712777,0.0,88.09744417622638,0
0.2835315015802299,0.9396361905260152,6.317698290626348,0.6317698290626348,0.0,46.51149277213171,1
0.39895576172330227,0.5480678498239974,7.600141130244603,0.7600141130244603,1.0,52.83130728679994,0
0.5413851011981128,0.7630414423482758,0.8405434213214025,0.08405434213214025,2.0,87.71646141323721,1
0.7983816847047679,0.336709873295422,3.184877801668391,0.3184877801668391,0.0,36.55526724698572,0
0.08642823504739694,0.7665788938767244,8.079053111421135,0.8079053111421135,1.0,62.11099395664997,1
0.44110336737647227,0.7530459987565413,1.1225535201362813,0.11225535201362813,2.0,67.783561275429,0
0.8507182183831897,0.4356028774207583,9.93280537719774,0.993280537719774,2.0,67.63618066954157,1
0.4321802367474805,0.04376564957922757,6.326886512730069,0.6326886512730069,2.0,37.80479574837274,0
0.5192950055843631,0.26626295871360073,9.4001759831934,0.94001759831934,2.0,32.56689233608936,0
0.7786059627648165,0.8851850377029068,7.30281223246572,0.730281223246572,0.0,57.08172923102489,1
0.7128944235274386,0.5872666587938467,9.638777470486918,0.9638777470486918,0.0,59.500837949536546,1
0.509997739279503,0.40509324798442303,6.653328158099912,0.6653328158099912,1.0,91.27317133984903,0
0.9670930713904468,0.9473953294562207,2.6807648484331947,0.2680764848433195,2.0,79.11812701698283,1
0.03621355145988214,0.36644189651214865,8.002717288104025,0.8002717288104024,1.0,68.91131242320664,0
0.05451025804354759,0.3280829293667179,2.2606977176259955,0.22606977176259954,0.0,43.65738438264059,0
0.42736248524917875,0.7704960215486746,5.650057759429121,0.5650057759429121,0.0,88.59416756181882,1
0.15784931760293985,0.35530462989122735,3.7304106523420986,0.3730410652342099,1.0,42.57931319262701,1
0.21650835290690296,0.44623322201283233,7.991084464548665,0.7991084464548666,0.0,91.5793894998209,1
0.150082534193827,0.7224580322894782,7.594898212716618,0.7594898212716619,2.0,91.48580284881001,1
0.6923689464473933,0.4301201813531059,8.638943019506549,0.8638943019506549,2.0,93.56299029656178,1
0.4212685075173994,0.32228794151591766,2.4694727992590026,0.24694727992590026,2.0,48.39621663362178,0
0.834174733195335,0.015388836252816507,9.975563435277827,0.9975563435277828,0.0,38.93656372512979,1
0.2503842881127172,0.8605696649277076,8.053707364942328,0.8053707364942329,0.0,70.87055339430616,1
0.6234264005665889,0.5267037930126269,3.8670319161760416,0.38670319161760414,1.0,57.484161376244664,1
0.2134418285791132,0.8513318726079298,1.2766374356978394,0.12766374356978394,2.0,55.252460248433984,0
0.014484178878052645,0.6178421260483786,3.4942553845003,0.34942553845003,2.0,66.16004645226592,0
0.6889183817702281,0.2006663817303863,1.0618245131015458,0.10618245131015458,0.0,74.81517013409585,1
0.14551993145066888,0.3631609510114031,6.153721836904014,0.6153721836904014,0.0,51.58809401645058,1
0.6938106553068392,0.41725817604290005,1.1292239541051763,0.11292239541051763,0.0,51.78247264044038,0
0.69067143272546,0.7397259866162611,4.305126298104072,0.43051262981040717,1.0,69.67339114365113,0
0.6681440142349153,0.5481731924581585,6.675674536052877,0.6675674536052877,0.0,34.635153534898116,1
0.591959767806524,0.6365035066058344,4.530706628777814,0.4530706628777814,2.0,75.49652391467679,0
0.8849222742930335,0.7530801693984455,8.816506325852684,0.8816506325852684,1.0,81.93575013472886,1
0.07563666157079929,0.2738613247557765,2.4099255827893415,0.24099255827893415,2.0,87.183894323352,0
0.9318190021440429,0.8819917982631834,5.238920068012403,0.5238920068012403,0.0,78.9991403756652,0
0.06596935361291312,0.45327694996487167,9.131807675440228,0.9131807675440229,0.0,62.93832983054218,1
0.4953233628047701,0.6611218917537421,3.5319981114261703,0.353199811142617,0.0,86.7979343343751,0
0.9232329805122292,0.21820229871079988,4.727094903862361,0.4727094903862361,0.0,61.91420922214379,0
0.268929281192013,0.23337235998859018,9.328447279437164,0.9328447279437164,2.0,81.16057828127391,1
0.8379045617097142,0.7349894035365088,4.993136145017481,0.49931361450174816,2.0,34.13476121038807,0
0.5931891411101856,0.35040607674233437,8.642410596349748,0.8642410596349748,2.0,76.08736665135206,1
0.8611857431216952,0.8759577677491623,9.40460342505203,0.940460342505203,0.0,35.46655988851966,1
0.04856736762739444,0.664747089635383,2.5610232247963594,0.25610232247963594,0.0,31.80071345067919,0
0.5559413500296732,0.6654289181173523,7.858407698326939,0.7858407698326939,1.0,62.645758794016814,1
0.18865107172885853,0.3802673043948407,6.537549724767979,0.6537549724767979,2.0,37.764103394810135,1
0.01806854566059335,0.9026703197660121,9.867191739484646,0.9867191739484646,0.0,51.13267018482281,1
0.6889543417313908,0.9446394647730155,5.855708469488886,0.5855708469488886,0.0,80.32572311551012,1
0.7496839969587599,0.25793924963566806,7.927771060158752,0.7927771060158751,2.0,65.76842933560316,0
0.7362961774371019,0.5145625708216337,3.4569301780847805,0.34569301780847805,1.0,77.66957409315486,1
0.7269753151757526,0.9069318474651926,6.0639147923973225,0.6063914792397322,1.0,80.9309240373023,1
0.7999418267825459,0.10128054509335549,7.785803438292593,0.7785803438292593,1.0,61.216539927899845,0
0.4695897634066253,0.29757899856056613,9.669133402759744,0.9669133402759744,1.0,94.06668568561916,0
0.34757591017289224,0.9544265185453963,2.518409009694489,0.2518409009694489,1.0,43.13621309856005,1
0.7709631173544854,0.4849735882325059,0.7889478098899161,0.07889478098899161,2.0,35.51908912906625,0
0.666460578307248,0.9515371779086569,9.763047110069335,0.9763047110069335,2.0,50.701532340164086,1
0.20000636627154356,0.38016827868005343,6.0264165737827335,0.6026416573782734,0.0,79.5631394654384,0
0.43529319333224126,0.5274996394611294,0.17250858719518702,0.017250858719518702,0.0,36.25560586141313,0
0.1821726597684309,0.454122888110969,5.199895334660821,0.5199895334660821,1.0,60.33816347923086,0
0.7789033764440102,0.45721417153743826,9.360432893563198,0.9360432893563198,2.0,67.13729630049173,0
0.24713094822075055,0.9177129274501545,9.844246882316707,0.9844246882316707,2.0,82.51761752155979,0
0.6226956113544438,0.6946428284998079,3.2571116445202097,0.325711164452021,2.0,84.98312654622687,1
0.7353673702178001,0.9457314762763283,7.819090975213943,0.7819090975213943,1.0,45.530742050106,0
0.9916040189185912,0.32953200611089906,4.586985573012036,0.4586985573012036,0.0,47.8161650182338,1
0.43314255266158364,0.9938938885103554,3.98009791064891,0.398009791064891,0.0,74.45767982049864,1
0.8724605134511318,0.7076644510530667,7.581934405490687,0.7581934405490687,2.0,85.8856360066624,0
0.6643539276248616,0.13131020659062342,2.699675897166205,0.2699675897166205,2.0,40.94330294787838,0
0.008448381515933634,0.4129431058347989,4.263772857347777,0.42637728573477773,1.0,76.97156738824263,0
0.3912790898693519,0.24866779907561398,2.4653180312244585,0.24653180312244585,0.0,45.44863544953639,1
0.3941181080161291,0.23545934783501676,1.426376178532348,0.1426376178532348,2.0,41.743336911677844,0
0.11962515003750063,0.9295528376576221,3.7929889405186925,0.37929889405186923,1.0,51.941057070697575,1
0.43708996176274617,0.9599494941203847,9.592283890084941,0.959228389008494,1.0,81.65264127680221,1
0.11645961209869327,0.01416670010874721,4.188812180174974,0.4188812180174974,0.0,78.26582474245171,0
0.8353844891108739,0.1380367387503223,6.8322462146559095,0.6832246214655909,1.0,61.115537757521466,0
0.36189721171738454,0.27784518497125743,2.8507281611197257,0.28507281611197255,2.0,76.4221780572573,1
0.183121732557594,0.847735340953215,8.653570504200388,0.8653570504200389,2.0,56.37994553642823,1
0.6018229030100603,0.611105748577191,6.249003489768946,0.6249003489768946,0.0,43.683107783033805,1
0.8575821227903988,0.565427720041853,9.50454015458781,0.9504540154587809,2.0,84.79592582475081,1
0.9349275571071792,0.5982743571038242,3.259520959669906,0.3259520959669906,0.0,33.49636974605876,0
0.8942857194252295,0.9505870200292742,5.380335718479243,0.5380335718479243,2.0,88.5663909070012,1
0.8820526104219818,0.2757904387450423,1.9104565973467957,0.19104565973467957,1.0,81.27697258415417,1
0.3480514891295866,0.12332210914476349,1.358842353854982,0.1358842353854982,2.0,77.03274255686564,0
0.5054214377767896,0.6078153681673326,5.853596337159846,0.5853596337159847,0.0,66.9930421182165,0
0.37130879871934164,0.9688690780540622,8.0341674601668,0.8034167460166801,0.0,82.65087552812511,1
0.9222616339871261,0.710004263342928,1.9979449539497007,0.19979449539497007,2.0,31.83428896079296,1
0.09282617536659732,0.8921163612075109,7.029164906103435,0.7029164906103434,0.0,68.41585446893612,0
0.5543196746533962,0.8961898451226461,6.715548981144128,0.6715548981144128,1.0,46.96761679354972,1
0.24690578156468967,0.21925709089120937,4.82548831184456,0.482548831184456,0.0,71.55246026791507,1
0.850374247553776,0.6855984557011864,7.66911751044929,0.766911751044929,1.0,73.85706945092996,0
0.3392183289622066,0.8622208919839472,5.939064458912049,0.5939064458912049,0.0,43.95819586653604,1
0.8636842221931,0.10134088728801383,9.464998903576587,0.9464998903576587,0.0,40.06242225874887,0
0.9280429132716796,0.6514782929841507,7.637055953057547,0.7637055953057547,2.0,68.18473291606311,1
0.1719676471829512,0.27200316446175943,8.865932818010618,0.8865932818010618,2.0,91.13749050945485,1
0.7542526868494697,0.8216705097508005,3.6136812786082118,0.3613681278608212,1.0,73.12393851463935,1
0.3499782594528251,0.22320761504439446,8.109991810953824,0.8109991810953824,1.0,61.47033921385232,1
0.4032761705562512,0.37342049909143493,9.92024188915494,0.992024188915494,2.0,90.8068036570214,1
0.27438127676120005,0.6767425913465729,1.6346483714521232,0.16346483714521232,1.0,83.22956052895303,1
0.6166666554426752,0.5558261593708788,5.111794453365937,0.5111794453365938,0.0,77.63194134130566,1
0.3431671271629636,0.11997601853631779,8.623359830865251,0.8623359830865251,0.0,58.43049501773538,1
0.7406158375617217,0.22529514029731734,3.966263668868809,0.3966263668868809,1.0,61.94060817172949,0
0.7784920263437733,0.8858400631088287,5.082331738240744,0.5082331738240744,2.0,47.20028788741011,1
0.39513228094018205,0.9887795913697341,7.476273589455545,0.7476273589455544,1.0,83.0973932774238,1
0.004744029144360451,0.6939720400817957,8.246974598466792,0.8246974598466792,1.0,48.50317945584691,0
0.06608132483176332,0.009764672600862778,1.9953048327381473,0.19953048327381473,2.0,75.74378644929041,0
0.2738122248388569,0.74340065784831,3.9110998506054195,0.39110998506054195,0.0,86.87240591788826,1
0.9538731767171462,0.6428255848712067,3.9450520618819365,0.3945052061881936,1.0,65.89073601092981,1
0.39380933053028533,0.4118203554438732,1.5282425190830407,0.15282425190830407,0.0,40.17308105346928,1
0.744235278044123,0.22804581251358236,0.9115165552724536,0.09115165552724536,1.0,31.61719341884325,0
0.9360779193464595,0.16569785407255566,7.446942123517517,0.7446942123517517,1.0,73.76053758843577,1
0.3416787600431267,0.0835368621881235,8.519924230567376,0.8519924230567376,2.0,44.60126619883859,0
0.561289952125674,0.639270375506938,9.519186503646006,0.9519186503646007,0.0,32.53935555273686,0
0.8523206409458789,0.33727457358034496,9.56294993170479,0.956294993170479,2.0,52.31335071401435,1
0.6147978816760364,0.51801325910562,9.946841638146763,0.9946841638146763,1.0,67.83797522047443,1
0.11222060852345583,0.5252083679841064,0.8299315363657722,0.08299315363657722,1.0,65.84962033959582,0
0.7695769246910883,0.6073024837908058,3.967973853187522,0.3967973853187522,0.0,40.88168682045968,0
0.9040925515183841,0.5945460109199072,0.8215608460746027,0.08215608460746027,0.0,69.2590796058174,0
0.7687758055886459,0.5190767433523351,6.778899770175615,0.6778899770175615,1.0,56.70026776681643,1
0.7525387781208366,0.1551177645187355,9.723915624649678,0.9723915624649677,0.0,61.045893072722535,1
0.7556963216004112,0.027043163774606804,0.36683648210957265,0.036683648210957265,2.0,86.83767075190731,0
0.6125388773245524,0.5761848010514415,5.263296875538764,0.5263296875538763,2.0,35.10442870713143,0
0.24780993151837105,0.42321999891136264,5.332633309602763,0.5332633309602763,1.0,64.31161373810508,0
0.9108387465769688,0.4101186583462576,1.6327491670075434,0.16327491670075434,2.0,41.28556684808157,1
0.12890729147139446,0.4300656570287107,8.334686038000513,0.8334686038000513,0.0,41.88024918595829,1
0.8272957463923128,0.11354202011981784,3.94722792579162,0.394722792579162,2.0,69.68011575889929,1
0.3593742853287859,0.1792679619305957,4.20464579233696,0.42046457923369596,1.0,73.53108956405973,0
0.6738200902731379,0.6621544361894851,9.619583252728132,0.9619583252728132,2.0,69.40463895652411,1
0.8050971109278391,0.5137814736237526,2.4738369140236305,0.24738369140236305,2.0,90.02709373295797,1
0.798589025708532,0.6096623308122815,3.854680188151632,0.38546801881516324,0.0,81.65302073493956,1
0.16114261139989972,0.12934062272607505,7.701503512022051,0.7701503512022051,2.0,42.9096619411289,0
0.6109180827077572,0.8141396215565334,4.799825331561137,0.4799825331561137,2.0,71.33116065661345,1
0.21456264853659412,0.37263972554917935,6.034199871829142,0.6034199871829142,2.0,70.3221072135021,0
0.11210428344897239,0.6130719878072383,4.7781313760874955,0.47781313760874955,0.0,72.02411287210438,0
0.5135613107741966,0.46565321968004203,2.8332552256863908,0.2833255225686391,2.0,57.89021656579351,1
0.9875270511345401,0.46832307065865264,1.627271567503168,0.1627271567503168,0.0,91.59534937413437,0
0.9816639350590523,0.7785804705451254,8.50134153636681,0.8501341536366811,0.0,60.14250022497224,1
0.5734011814356403,0.1103488665065403,2.75212683204341,0.275212683204341,1.0,81.30801631777238,0
0.7721741639116136,0.07479021979808564,9.97367380294243,0.9973673802942431,0.0,61.285039874896775,1
0.249677966536886,0.1010583034551975,0.10064304464264207,0.010064304464264207,1.0,81.18271348486225,0
0.2243621853935024,0.9953001385018342,8.819472837674748,0.8819472837674749,0.0,55.71665288459811,1
0.7065231425961704,0.9271481292566442,9.473683019705781,0.9473683019705781,2.0,30.052997781537,1
0.7859995401243737,0.700553475913731,0.5870494520365066,0.05870494520365066,0.0,62.490851317029495,1
0.7418371238095108,0.4475458119363861,6.275733420596762,0.6275733420596762,2.0,65.61985678198316,1
0.10450755319273608,0.08507121069022161,7.826791143081689,0.7826791143081688,2.0,37.514892057559784,1
0.3562725529187206,0.8208956917783976,6.153634266977573,0.6153634266977572,0.0,73.23697534857479,1
0.04418016593435825,0.1894425995166351,8.801188615532952,0.8801188615532952,0.0,85.49278341068951,0
0.7861622645380679,0.27284204866975015,1.324802684391898,0.1324802684391898,2.0,86.4421348942317,1
0.3117463645439569,0.8407919420444495,9.487569396866965,0.9487569396866965,1.0,54.49822272413242,1
0.42973481472685815,0.25733440709693345,5.505083443816573,0.5505083443816573,1.0,56.65060027133468,0
0.5788883442561598,0.8445764890080142,3.443730211608086,0.3443730211608086,0.0,85.79505394290958,1
0.0005525096436814758,0.7859385631940372,5.251845262335162,0.5251845262335162,1.0,94.89138483094716,0
0.354120210114085,0.8372902407707585,3.3931506448083826,0.33931506448083826,2.0,33.41937724904639,1
0.7272831111660681,0.674291201976771,4.5544309149239135,0.45544309149239137,2.0,34.01572685548232,0
0.28606528465192727,0.35212582160049577,1.5646146893073554,0.15646146893073554,2.0,33.526854197333805,0
0.5704774342138945,0.6531678749685835,8.446473944082477,0.8446473944082478,0.0,60.06127973711423,1
0.9771713707512691,0.829107716096859,3.8961929015715224,0.38961929015715224,2.0,80.99578754295528,1
0.1181562903914547,0.7494195568002464,4.670115812176934,0.4670115812176934,1.0,36.08932424102479,1
0.268240957886664,0.8620280604987334,9.095759176627503,0.9095759176627503,1.0,74.78159010245199,1
0.683966516338098,0.983530977034138,9.070020264234095,0.9070020264234095,0.0,41.125448134737155,1
0.5983775165647924,0.6901452673702103,7.8808213337846915,0.7880821333784691,2.0,32.14250024087963,0
0.9780033831575194,0.9281272054047301,0.3001554130824535,0.030015541308245353,0.0,68.71307378004455,1
0.034602657445821694,0.27177780511094296,9.063766724266774,0.9063766724266774,2.0,68.60090259171712,1
0.8779941376805641,0.9734827408473072,1.8873582062801175,0.18873582062801175,2.0,48.41416279189247,1
0.4885450535543058,0.9103245665643176,4.382919310375679,0.4382919310375679,1.0,50.94538045627033,1
0.22689900320882528,0.041242977822186444,9.029908640752094,0.9029908640752093,0.0,53.00928786892213,1
0.5033642716363806,0.5904477871505759,0.9504381416960284,0.09504381416960284,1.0,90.40004006321377,1
0.41219620118217304,0.5029716948954321,1.331030411180143,0.1331030411180143,0.0,86.31078056078799,1
0.17933476653430946,0.8156052526152919,5.760576777830602,0.5760576777830602,1.0,64.2880580117756,0
0.21939573536911416,0.1263401336994917,4.677152040966972,0.46771520409669715,0.0,92.62469619821908,1
0.2881415794808031,0.5276392734136568,3.8967672711289225,0.38967672711289225,2.0,67.811798499242,1
0.5521988470097192,0.5012637962238801,8.096636996718535,0.8096636996718536,1.0,36.5995961039207,1
0.08309936158027897,0.39553902926553497,8.94679693969918,0.894679693969918,2.0,61.665474869001436,0
0.08884544487158552,0.9921827553347626,9.914284613033011,0.9914284613033011,2.0,88.14382872156887,0
0.3317461552381744,0.5395463960782039,1.2296125728181173,0.12296125728181173,0.0,73.07272902676024,0
0.7072908901724053,0.41324440412909014,6.762459483221974,0.6762459483221974,2.0,91.92332656385166,1
0.9783051138577917,0.8564033837242465,8.71342799516783,0.8713427995167831,0.0,64.5074376900853,1
0.012003279730553817,0.13905440036180627,2.405177132547913,0.24051771325479132,0.0,89.27007247123515,0
0.9723406442673668,0.28756230052547105,4.800356835725576,0.48003568357255755,0.0,79.82822692741757,0
0.6860415220263874,0.27889192053580825,0.0716798495363502,0.00716798495363502,2.0,83.47651169213617,0
0.9009858465612008,0.9337006853109401,1.3461262663320561,0.1346126266332056,2.0,94.44460398602095,0
0.5363383579118911,0.8803297159983594,1.255642752994468,0.1255642752994468,2.0,49.64573157585182,0
0.4629392979949507,0.6066843502990228,7.075627526996366,0.7075627526996366,1.0,70.82370993161379,1
0.7851596885670361,0.31962942814580897,6.222492237295663,0.6222492237295663,0.0,46.6694255186563,0
0.5511108848080505,0.46810377191312424,0.3869724181037004,0.03869724181037004,2.0,85.50335798982921,0
0.8973654952792367,0.5711465389003506,5.956945493850161,0.5956945493850161,1.0,68.08189877282376,1
0.8930632189495301,0.5400868394517779,0.6814279277581403,0.06814279277581403,1.0,41.42927389089619,0
0.5304554806582157,0.25593534465230505,2.02199995056924,0.202199995056924,1.0,57.380964941139425,0
0.5737646412217488,0.13048760402031356,9.013627035263447,0.9013627035263447,0.0,41.813296618256295,1
0.4562753721090571,0.9076363573974575,4.472635655727255,0.4472635655727255,0.0,59.76683875967635,1
0.6894061998777703,0.6408473429464795,7.81346290671915,0.781346290671915,1.0,35.043142404219736,1
0.6823561130554439,0.14509238342694086,3.1431166872782033,0.31431166872782035,1.0,92.74325878040223,1
0.6505932015983801,0.9898434805537097,1.107743770111883,0.11077437701118831,0.0,68.78012963422245,0
0.06234991489426156,0.4112773161443817,8.881916683469202,0.8881916683469202,1.0,94.39303816006723,0
0.9635827266688368,0.7329701180938583,1.6382707241597894,0.16382707241597894,1.0,41.29484370449224,1
0.3356022480360791,0.17671472114371622,3.496415417918443,0.34964154179184426,1.0,54.987007514383095,0
0.24621659353271375,0.932765696482851,7.012344960132113,0.7012344960132113,1.0,90.53054307225067,1
0.21104941791206955,0.07920730694897904,5.918036682004887,0.5918036682004887,0.0,74.97771323502141,0
0.06928360408867762,0.9558216431502852,9.279900512158614,0.9279900512158614,1.0,34.552459123420824,0
0.45703935313105737,0.7271225917233025,9.876705408753507,0.9876705408753507,2.0,87.4070222001851,0
0.04156663142664896,0.22724457633858008,1.4663091620394608,0.14663091620394608,1.0,42.27429070701164,0
0.16090451305956677,0.18090574041250518,2.265868194678685,0.2265868194678685,1.0,47.017712561659465,0
0.005275168134005193,0.8371009142205906,6.391630342228374,0.6391630342228374,1.0,77.56405915692885,0
0.17468130283637484,0.03992395135105298,1.4673166670348647,0.14673166670348647,0.0,76.19493178674318,0
0.9952454882491502,0.11428011777680736,5.422191849247771,0.5422191849247772,2.0,72.93865523876055,0
0.5414537252881247,0.6728560795241448,3.728291398568322,0.3728291398568322,2.0,30.351397975151315,0
0.06714859231369985,0.07736699267712532,8.881299735659171,0.8881299735659172,0.0,46.20979309977695,1
0.5641467509703664,0.5412453950592985,9.18094807636537,0.918094807636537,1.0,52.41824375589109,1
0.6007912968573301,0.5740528183577376,2.5883009480644557,0.2588300948064456,2.0,56.02170007548924,1
0.547726849904338,0.01787149322306958,0.9566811040606749,0.09566811040606749,1.0,34.80576506317784,0
0.3359879900898882,0.3771631807989202,9.910797999610171,0.9910797999610171,1.0,73.89957570591292,0
0.6572412284905497,0.02853063743272033,1.4989543549162798,0.14989543549162798,2.0,87.93123716870097,0
0.1426091931486494,0.9668853480617849,1.7343480818365664,0.17343480818365664,1.0,94.32868974360728,1
0.21956294155368816,0.21532171488504193,2.5217327903787368,0.2521732790378737,2.0,81.86872569396589,0
0.994720613339067,0.6897100282719353,3.408540831213122,0.34085408312131216,0.0,43.1689910100895,1
0.41558783648886344,0.673765625058087,1.477791509505234,0.1477791509505234,1.0,63.23357613249848,1
0.14779184751329844,0.7722318830185967,3.2223104140097836,0.32223104140097836,0.0,89.52278546804737,0
0.21702541121311536,0.33532757818173065,0.22024032358464396,0.022024032358464396,0.0,34.32873032078564,0
0.7241321016400267,0.18439800682868435,8.009836977913036,0.8009836977913036,2.0,44.84141435684429,1
0.11625018313978597,0.5305022121919936,2.6355208053994383,0.26355208053994383,2.0,47.207789043248745,0
0.35397933430262785,0.6943367064807456,8.177842762546481,0.8177842762546481,2.0,69.62241376634704,0
0.3283965237730869,0.7553013388756565,6.469217628535871,0.646921762853587,2.0,91.84879314391954,1
0.22798113419286492,0.048915402214950054,4.805460967626117,0.48054609676261173,1.0,61.36834239798382,0
0.47683797668314365,0.7526597467311449,9.722928412139863,0.9722928412139863,1.0,66.65333324914806,1
0.1101279401244426,0.11243225432953796,3.8667020907780634,0.38667020907780636,0.0,71.5910241039061,0
0.45656714289038514,0.5246458211574954,1.7838819199543599,0.17838819199543599,2.0,85.34968057709119,0
0.03262034295216387,0.5554110557758692,5.774392963727944,0.5774392963727945,2.0,48.611484774905044,1
0.9703419187184831,0.12705019288690322,1.4014972879865517,0.14014972879865517,0.0,70.70618297088231,1
0.6048738189300451,0.9639979257625011,2.7681600158757256,0.2768160015875726,2.0,90.14451535962088,1
0.0750701635066886,0.6380164183098064,9.077391398403666,0.9077391398403666,0.0,91.03072197948728,0
0.19072503388851436,0.2238914438436228,8.921585978733578,0.8921585978733578,2.0,54.871778697244935,0
0.7364495962651996,0.0508976777352963,4.657252137921478,0.4657252137921478,0.0,37.26662525442348,0
0.7316716340767265,0.7750234245648642,4.782707570448909,0.47827075704489086,0.0,90.08545504715633,1
0.3649834029580067,0.8413156418663155,5.667836832772664,0.5667836832772664,1.0,89.86275456883864,0
0.14843726073359564,0.09063006519844419,0.8418068361372744,0.08418068361372744,1.0,36.32085781163959,0
0.5359272815922365,0.2574306951579124,2.531560531347421,0.2531560531347421,0.0,35.287319768055966,1
0.2763972604192295,0.6423778799888643,5.799853155609613,0.5799853155609613,2.0,42.033991248000525,0
0.0968085700810064,0.4189771357721638,3.2116617335922335,0.3211661733592234,2.0,72.0451793702517,0
0.3459985420547941,0.34251228854120375,2.133907691113505,0.2133907691113505,0.0,49.67038382845179,0
0.7510125764435616,0.42445128477157734,6.473608214390582,0.6473608214390583,1.0,45.61296166920827,1
0.35414005987595965,0.5053045475277316,5.66435792946459,0.566435792946459,0.0,81.9759647167945,1
0.04078019725343984,0.18466258917294498,3.2707281801856922,0.32707281801856924,2.0,45.85269102610289,0
0.12039728513740589,0.388063199162446,9.373912745374648,0.9373912745374648,2.0,92.42712009282401,1
0.5963460501013234,0.06982543971617783,7.776896806485743,0.7776896806485742,2.0,58.498481525722546,1
0.5221528094831641,0.0060556406596573575,5.961416499806854,0.5961416499806854,1.0,57.46860870660111,0
0.6748627095231857,0.9751933316635375,2.0946554201484857,0.20946554201484857,0.0,91.33627980360063,1
0.5717503071136336,0.05480786067986376,6.480966243573809,0.6480966243573809,0.0,37.80844827170373,0
0.4972287631691522,0.043477894787325444,6.877385155849112,0.6877385155849112,2.0,37.47127984153992,0
0.475120160448133,0.8899619756893257,5.812665064827728,0.5812665064827728,1.0,58.182240138180184,1
0.9615377218815997,0.976036810274188,6.3796028972603205,0.637960289726032,1.0,68.15934521877101,1
0.8622901970327307,0.8445348259554439,1.6222850940244726,0.16222850940244726,2.0,63.02424019006954,1
0.38287851652613314,0.13955045272413935,3.349932007670806,0.3349932007670806,1.0,92.06933183315529,1
0.6534712891931458,0.6395316698515748,8.907449158741652,0.8907449158741653,2.0,94.55558377071048,1
0.020432804918571246,0.6969245241400942,1.3711199685728248,0.13711199685728248,2.0,32.656203923994845,0
0.020950784931630606,0.7716625054705761,5.8969112322688275,0.5896911232268828,0.0,40.75627061212105,0
0.3185721847687749,0.11288886858525293,8.976553294067841,0.8976553294067842,2.0,65.98593005618312,1
0.754767002314133,0.3907527310334583,0.14155790186198725,0.014155790186198725,2.0,91.75844124988191,1
0.9254585685654455,0.27609692378033435,9.67121528939897,0.9671215289398971,2.0,48.19403512751587,1
0.6829758681307833,0.6545160126021791,8.833420012784677,0.8833420012784676,1.0,53.859788466953745,0
0.7063894608565284,0.34360151529733685,7.1506549254526135,0.7150654925452613,2.0,45.01889329381329,0
0.03211837343806123,0.5088226033108266,7.091346605218178,0.7091346605218178,0.0,92.88263606863609,1
0.9301593329681391,0.626437458390397,8.677231824553141,0.8677231824553141,0.0,40.000680790690105,0
0.08679343179062982,0.8658106001180402,1.7099248777639564,0.17099248777639564,0.0,66.69661797546757,1
0.9469081572723697,0.920916832417815,6.999344513473633,0.6999344513473633,0.0,31.492015040959487,1
0.14170629844226357,0.6934478402185076,3.4344329166573684,0.34344329166573684,2.0,69.10872900170145,1
0.033384516273728515,0.15639131307354026,8.756388103324023,0.8756388103324022,0.0,55.50943361950387,0
0.5636099503283345,0.8889171436621934,5.333310589517064,0.5333310589517064,0.0,66.7672878129623,0
0.11364832703964822,0.20451557355798766,7.658166941178733,0.7658166941178732,2.0,35.2164933417655,0
0.02881514621122727,0.05318829088752086,1.6702579850071675,0.16702579850071675,0.0,35.9195408422429,0
0.6678274256329186,0.43727115131929417,2.420396971292421,0.2420396971292421,1.0,35.99574862763291,1
0.7382576337633693,0.6846382456814136,8.38168143034332,0.8381681430343321,2.0,84.28704562023427,1
0.29294173093175735,0.1493643471875905,3.9523447443589,0.39523447443589,1.0,77.07150582407547,0
0.5335082234249166,0.2993657198653682,5.278246675817235,0.5278246675817235,2.0,38.34433674366466,0
0.5860451657600089,0.0800599406170831,7.25536112001871,0.7255361120018711,0.0,50.54301463775154,0
0.16084747035127078,0.6182064035467875,1.6968666386548648,0.16968666386548648,0.0,58.36810005911065,0
0.440063271498208,0.7082378125391857,3.0252389917098474,0.30252389917098477,1.0,36.41131824423239,0
0.6369689330234216,0.5196867457791816,3.2564867446219847,0.3256486744621985,2.0,84.59829949116333,0
0.8856924488702859,0.444432088196857,9.166786649099725,0.9166786649099725,1.0,53.59086167245148,0
0.4188619613690936,0.8477016957434929,1.3758871691260277,0.13758871691260277,2.0,73.5818909304592,1
0.6993334722668484,0.41918575033139827,3.713182662417763,0.37131826624177633,2.0,71.72841460547713,1
0.5016807424559446,0.4417696385413368,9.593167264477962,0.9593167264477962,2.0,89.42958618463312,1
0.7070851695826336,0.5773280977186239,8.348700050025641,0.8348700050025641,1.0,78.22577397441067,1
0.788985154608707,0.7038494239145373,6.7046448084374,0.67046448084374,2.0,32.23791214425751,0
0.5305514686183325,0.7770305485216379,5.4893198337731945,0.5489319833773194,2.0,40.07951058017322,0
0.061102970180295424,0.04081996893853446,8.387306037678705,0.8387306037678706,0.0,58.917303401302554,0
0.8754040384449634,0.8511565765419989,9.463964125027822,0.9463964125027822,0.0,36.04629167938065,0
0.6009937720369655,0.45132184388929586,9.240714940862631,0.9240714940862631,2.0,55.468954432317304,0
0.6006428383382756,0.90587246712319,6.391242407838634,0.6391242407838634,0.0,93.53204804432843,0
0.5094649969325086,0.5363432060547056,7.278777161086399,0.7278777161086399,1.0,43.35542393229943,1
0.17397118704423853,0.4758331052862882,7.753062573668884,0.7753062573668884,2.0,75.80748938313829,1
0.48617434000010085,0.1953864462339705,8.093473686085325,0.8093473686085325,1.0,46.89602877085996,0
0.536823499232899,0.46960412486761705,7.330714601928011,0.7330714601928011,0.0,32.220508315219654,1
0.38376545937288264,0.4929296626987384,1.799490811466583,0.1799490811466583,0.0,36.39651321960092,1
0.14910296916572618,0.8944782867139368,7.595802994850704,0.7595802994850704,1.0,36.7531692155748,0
0.7622369098733979,0.8870861739387651,3.903774544937173,0.3903774544937173,1.0,49.435918346641394,0
0.45658947369053804,0.486414666658902,1.9979846378279764,0.19979846378279764,2.0,92.43577898943953,1
0.7006618996972422,0.8675673644596026,1.0253234381624843,0.10253234381624843,0.0,70.34295702645552,0
0.04698000663891011,0.8543907356601724,2.403139148425547,0.24031391484255468,1.0,37.99479436692436,0
0.5043782855084127,0.9483850740012622,5.077498647643638,0.5077498647643638,1.0,34.566653848673944,0
0.07377941299087487,0.361603313951121,2.468788659453407,0.2468788659453407,2.0,93.10035669291446,0
0.7335382561900364,0.21222813425320097,6.659100476661123,0.6659100476661123,0.0,41.138524755664264,1
0.5809611445208185,0.9439244883421317,9.643930543361572,0.9643930543361572,2.0,47.57981752002856,1
0.45139110646092895,0.5848613473852097,0.4404668780805465,0.04404668780805465,2.0,84.70955508250923,0
0.9728422773222499,0.4666575997905765,1.3065358575852237,0.13065358575852237,1.0,66.06811620511301,1
0.3260165957085158,0.41145828969225984,2.4728129494680373,0.24728129494680373,0.0,44.73375662232854,0
0.4228896323226178,0.08475207897821047,8.043617135302103,0.8043617135302104,0.0,73.18975763902802,0
0.7375300567940697,0.2040944637531894,2.7127043385829506,0.2712704338582951,1.0,54.14937646526754,0
0.5250512985556336,0.2915826531359039,1.9152800753752042,0.19152800753752042,1.0,67.80204209680888,0
0.6585211299487123,0.551316915700874,1.5286629155444098,0.15286629155444098,1.0,36.29025492286148,1
0.976279901275458,0.516711691628258,1.4991782182860403,0.14991782182860403,2.0,87.2129748052522,1
0.6956768525633443,0.5428664218825594,7.198187956327065,0.7198187956327066,1.0,68.70596235761268,1
0.15070870915185341,0.07646149933574276,7.081222820464687,0.7081222820464687,0.0,30.281776728758665,1
0.2093471716386005,0.009773195215062813,3.111316071224616,0.3111316071224616,2.0,66.33996094443495,1
0.8698564141027502,0.46315196831070016,4.494421963185412,0.4494421963185412,2.0,53.53470037462965,0
0.04797408471209896,0.19348253189264553,6.281911470478025,0.6281911470478024,1.0,88.85909122281444,1
0.5091765758873441,0.8916801343361894,9.750589124007181,0.9750589124007181,1.0,39.00573564958633,0
0.905955542115481,0.4309125698816718,7.431466553894287,0.7431466553894287,2.0,51.691397422790494,1
0.7762278055225726,0.3519923321723094,8.030290887221042,0.8030290887221042,0.0,79.69525111712647,1
0.11566709267857433,0.5440055325093323,9.777294187108286,0.9777294187108285,1.0,44.64018171156829,1
0.7404650202548597,0.628601851718008,3.8109712426302167,0.38109712426302167,0.0,50.355066309052376,1
0.3820684470575636,0.0819673627339308,0.6909976548847796,0.06909976548847796,2.0,80.13071838355845,1
0.9012848057710634,0.7413381919183852,7.468993982362122,0.7468993982362122,1.0,76.30152819839611,0
0.5727955918078526,0.1375788734710689,1.210963266410029,0.1210963266410029,2.0,53.379363709884295,0
0.5487727787046411,0.3867326515256133,4.385954014982955,0.4385954014982955,0.0,60.381932304713075,0
0.008711386565680823,0.35686762024080076,7.383737249969643,0.7383737249969643,1.0,65.90284057745487,1
0.24965615072794534,0.5691618540772051,5.583544070395661,0.5583544070395661,0.0,87.71727268785494,1
0.41275428098562383,0.6894677106705485,3.671453812073228,0.36714538120732276,2.0,72.99789040671877,0
0.7239181693388901,0.8008184360028818,5.1435268007700135,0.5143526800770013,1.0,68.51242467913963,1
0.5200496728909488,0.52714553121848,2.4522555656534486,0.24522555656534487,0.0,82.71097443858267,1
0.8525389373500678,0.155391806803295,0.7413866529154434,0.07413866529154434,1.0,49.7812718379615,1
0.03435025645952694,0.6959537881350227,4.124872917277812,0.4124872917277812,2.0,58.85832738424063,0
0.32288918687658763,0.47879951502343565,0.583145909079007,0.0583145909079007,0.0,74.63251280830357,1
0.5975895923836139,0.5889333247778459,9.796567726110288,0.9796567726110288,1.0,56.25200444967735,1
0.6587559969079366,0.44370744699117404,4.476361218747945,0.4476361218747945,1.0,61.140182313900695,0
0.5024092405206465,0.41629399045353666,8.823681686478686,0.8823681686478686,0.0,40.42494679278798,0
0.39885255166007727,0.7013588990787624,9.517877636565066,0.9517877636565066,0.0,69.6514502075034,0
0.07155592868685978,0.5241085748692956,4.493704401502131,0.4493704401502131,1.0,71.61525971826292,0
0.6962424293232821,0.8677975058776247,4.203581740876717,0.42035817408767173,2.0,85.65206813540122,0
0.9037262483240258,0.7434459728665488,8.93425144225552,0.8934251442255521,0.0,35.551699204746186,1
0.8088380376907298,0.47631182307738973,0.3468194524648671,0.03468194524648671,1.0,88.47266720243923,1
0.7012299963904969,0.21420831992942824,4.872034828741394,0.4872034828741394,2.0,35.5853841491225,0
0.6341608916842121,0.01757462131394616,2.6861462153348095,0.2686146215334809,2.0,78.4443827642451,0
0.772040722498378,0.20539983560064123,7.527584320815814,0.7527584320815814,2.0,68.28606803435683,1
0.7767316697554564,0.28126996187390874,8.367227550059615,0.8367227550059615,2.0,56.39412041968625,1
0.006940436990507393,0.11811320040476425,6.200018693349732,0.6200018693349733,1.0,90.0260216301795,0
0.35784843053262194,0.669091036501902,4.069343964698799,0.4069343964698799,0.0,59.67699012456597,0
0.8680536287247327,0.32607771991656964,5.5499997931165455,0.5549999793116546,0.0,31.608577920883878,0
0.8507835658824611,0.03024558529840715,5.741427025089726,0.5741427025089726,1.0,63.83825560256843,0
0.7099554247058829,0.4368774322040646,6.351342289615744,0.6351342289615743,2.0,64.6097904533807,1
0.309070458149041,0.7843138456173323,9.221930251332996,0.9221930251332996,0.0,78.38434509558259,1
0.7979124231891934,0.33974785252626716,2.491232499568532,0.2491232499568532,2.0,53.28616799326909,0
0.23155473823854256,0.9023316718435405,2.0157162242485525,0.20157162242485524,1.0,34.80583767821142,0
0.22409905255465246,0.8527934035191744,1.9022548363499037,0.19022548363499037,2.0,52.715357845008526,1
0.5357335775536682,0.8893783582476333,6.972523838411435,0.6972523838411435,0.0,69.16973224796783,1
0.5713409802120147,0.667789903853312,9.048888507875938,0.9048888507875938,1.0,65.40892750700161,1
0.3513281881053528,0.8065953156184944,3.2678939561767715,0.32678939561767717,1.0,85.05454196721328,1
0.6037752031369611,0.38897510684590386,4.206741305975664,0.4206741305975664,1.0,47.56315619702628,0
0.7091122145182488,0.6932190306824361,9.681875016371428,0.9681875016371428,2.0,67.00211345530502,1
0.18021785295039672,0.22390063097504942,1.4528069556802192,0.14528069556802192,1.0,93.41326544583572,0
0.2886152139581557,0.20471875613217594,8.79554841839149,0.879554841839149,2.0,50.388116592036546,1
0.6998381179612646,0.9436150142309763,9.592852040543686,0.9592852040543687,2.0,58.34650696882295,0
0.9272511736436702,0.5488170785186641,7.995048333617819,0.7995048333617819,1.0,94.62457790293219,1
0.8844420799441607,0.0716775649790351,3.3640585855440386,0.33640585855440386,0.0,39.386509954835816,1
0.1296471594036107,0.19730102139317784,6.535811096001357,0.6535811096001357,0.0,67.28326619900311,0
0.5697253543386156,0.4613394214627804,2.914197555187794,0.2914197555187794,0.0,54.07269066793181,1
0.8001755353878356,0.8458925546061631,1.2083648750781106,0.12083648750781106,1.0,32.99925525738056,1
0.2373265526225431,0.8959531759845535,1.0737288491570485,0.10737288491570485,0.0,79.45088419363786,1
0.6431906851980128,0.11345773337627951,0.09343491855526853,0.009343491855526853,2.0,42.92406636193222,0
0.4276379687037649,0.06202860189614379,9.783563510022853,0.9783563510022854,1.0,87.98362469241694,1
0.6627313606283617,0.12168818594489628,6.550809021847192,0.6550809021847191,0.0,57.16016609035264,0
0.03210627705268965,0.6713951925878322,3.212371192058079,0.3212371192058079,1.0,39.40064647196974,0
0.31295298754855216,0.5328295187202159,5.7907859712004885,0.5790785971200488,0.0,45.99095465708592,1
0.30732759718652214,0.7378911179359812,6.190739499313963,0.6190739499313963,2.0,84.13668901570533,1
0.4186731879444606,0.5933598476524572,1.8292895961100109,0.18292895961100109,1.0,54.302165067819715,0
0.11453799389247432,0.09588529854445393,2.8886818155355733,0.2888681815535573,2.0,46.65736220083504,0
0.4366189496722648,0.2576319635172385,5.472777539537825,0.5472777539537825,2.0,46.18150419411201,1
0.5414982487679131,0.3315515258067554,8.39794499407757,0.839794499407757,0.0,67.90734858884545,0
0.026658889980550327,0.7076964407615751,1.2958866518214218,0.12958866518214218,2.0,46.693583747364436,0
0.30091508283602064,0.5968520172905838,8.583357452361772,0.8583357452361773,0.0,90.79664494252823,0
0.1772911960267669,0.9468235670118218,6.089861087129861,0.6089861087129861,2.0,33.20889074050517,0
0.9721626672628119,0.14552268164116378,4.896593441869984,0.4896593441869984,1.0,40.13056953388445,1
0.13021621463054678,0.9386263202879629,1.4394039988493301,0.143940399884933,1.0,57.88219397648696,0
0.6274154415704354,0.22015041888009956,5.499038569824862,0.5499038569824861,2.0,43.537957633043064,1
0.4018530288168026,0.3434670086372684,3.5363160776300107,0.35363160776300107,0.0,80.61041745794118,0
0.28733126961331634,0.034579248910882265,1.8896716568765037,0.18896716568765037,2.0,89.57525983060377,0
0.8540756416172741,0.2965273827285604,8.799734463008907,0.8799734463008907,0.0,69.01204428632927,1
0.6640871796430152,0.19970671720532662,4.605726507627514,0.4605726507627514,0.0,85.5112537452385,1
0.6203019733680948,0.2172511608673473,0.7975603222692884,0.07975603222692884,1.0,82.03811230669476,1
0.09365758301953309,0.5722038347324372,3.021386921520971,0.3021386921520971,0.0,40.31074637005227,1
0.2589693005001422,0.7807872019326672,1.8150488014324972,0.18150488014324972,2.0,35.079655992062335,0
0.2764922397495452,0.7449573120141713,9.392451655011282,0.9392451655011282,2.0,70.8871285244853,1
0.43437975148999697,0.8291477780826594,2.430619712128639,0.24306197121286388,1.0,93.86405140136198,1
0.9214681140506003,0.7313359663734036,5.063967075617242,0.5063967075617242,1.0,84.07399820087369,1
0.4036526972509532,0.9765055894652503,7.455224911203105,0.7455224911203105,1.0,70.05949181534768,0
0.32802101166674813,0.018473382517667836,1.585108763062284,0.1585108763062284,1.0,37.21131700393806,0
0.07093685944401151,0.9878960836656094,4.374875956063975,0.4374875956063975,1.0,80.68131401574927,0
0.38495788346769555,0.4098286456048075,6.532814027431533,0.6532814027431533,0.0,74.39300491796449,1
0.05235756763634902,0.47780415763996986,8.819537243677825,0.8819537243677825,2.0,90.7022439192213,0
0.3652044597760947,0.5773500257328434,6.541031721724496,0.6541031721724496,0.0,76.11145575642445,0
0.9677843931219579,0.00852327017583876,0.8008384810057734,0.08008384810057734,0.0,36.729358848483216,1
0.5560607533061848,0.1817099831463257,3.21561463112198,0.321561463112198,0.0,69.59771583171744,1
0.20887052066412515,0.4459705888790223,3.509322018649655,0.35093220186496554,1.0,56.24453138168363,0
0.29921982044833506,0.7695173257391974,3.8827344922977822,0.38827344922977824,2.0,57.389855917079984,1
0.5710999814447006,0.8700880905675215,9.416185392253299,0.9416185392253299,1.0,71.14197231278983,1
0.019285444923395345,0.14773358024972616,0.357033521597232,0.0357033521597232,2.0,88.47847846205458,0
0.8995711696602523,0.2629865572749579,3.021736143847664,0.3021736143847664,1.0,79.38574986332982,0
0.5781381109821754,0.6073703862539567,4.9245592133348435,0.49245592133348437,1.0,31.449712879564256,1
0.49228395903707745,0.36098305168378153,0.8639602424442894,0.08639602424442894,2.0,39.55493176525296,0
0.7162338425065535,0.29791312391588476,4.835379607307613,0.4835379607307613,1.0,53.60721416853835,1
0.20026110777423245,0.3833208868713329,1.0712891721055107,0.10712891721055107,0.0,74.50483066296388,1
0.02164342250903195,0.7015957845078876,8.377822146990704,0.8377822146990704,0.0,71.22265449947965,1
0.6152218162448827,0.19860008411311203,2.7008439186822617,0.2700843918682262,2.0,62.73966735460305,0
0.16000241039923802,0.061906006701777594,5.230111825052224,0.5230111825052224,0.0,57.9586473515889,1
0.012239958692540243,0.0034568995356770715,6.18317854370598,0.6183178543705979,0.0,81.32165383336807,1
0.9289167260860577,0.5266699174835004,3.0572561705711507,0.3057256170571151,0.0,36.220303957368685,1
0.7884187928886609,0.2500173706230854,3.5131469978282936,0.35131469978282936,2.0,68.6775409863577,0
0.11420109028343406,0.5616386396811954,5.10516053914428,0.510516053914428,0.0,82.55204918800814,0
0.8963508665004243,0.8809915193796051,8.054346988451915,0.8054346988451915,0.0,47.70641917160975,0
0.06757391773168187,0.29365795833251485,4.526918770158282,0.45269187701582825,2.0,43.14633785898483,1
0.8029897720240362,0.1835704626339656,4.908959243354748,0.4908959243354748,0.0,73.77488000732575,0
0.4144715737346031,0.0015753071587958356,5.958649365087595,0.5958649365087595,0.0,41.416001411295106,1
0.5181810521299112,0.9813529232906857,4.252114398295504,0.4252114398295504,2.0,61.73444769695509,1
0.6683286246330312,0.5168267138614082,7.260783562763256,0.7260783562763257,0.0,89.98376286722089,1
0.0987615638804683,0.8020944688477823,0.04907607294123095,0.004907607294123095,0.0,33.94467618443427,0
0.9077564675649658,0.8580994614040948,4.830197345132503,0.4830197345132503,2.0,89.0947483754949,1
0.1436408747411737,0.9952144831846805,9.230161800775406,0.9230161800775406,0.0,42.37364769605955,0
0.9415842185788011,0.8596329593839768,6.159037681539978,0.6159037681539978,1.0,61.35256597176955,0
0.09148284420593134,0.2940587875693236,4.8639974244492326,0.48639974244492323,0.0,38.59491875529726,1
0.17200836936765584,0.5643666106845482,7.720248354714664,0.7720248354714664,0.0,76.14147114620242,0
0.057555701767406875,0.9627355126803355,3.9300074253189186,0.3930007425318919,1.0,94.85528730878484,1
0.3977849357679477,0.6333780250448929,4.672456147234486,0.4672456147234486,0.0,49.63644419072825,1
0.5908661292707003,0.769063764918937,1.951597214074824,0.1951597214074824,2.0,90.10513706713004,1
0.6250746822476343,0.9066618591642623,1.2420415090794479,0.12420415090794479,0.0,77.44768996425731,1
0.8285189559825124,0.6136530046142664,0.2552272417135504,0.025522724171355038,1.0,92.75250725964338,1
0.5283798338119311,0.692466555884671,7.315089038554331,0.7315089038554331,0.0,73.66669844964014,1
0.5101116238782399,0.5882736626855685,4.68190114178919,0.468190114178919,0.0,74.33036864798164,1
0.32614591937029735,0.3386375108680476,9.393532495969783,0.9393532495969783,2.0,91.34334005407729,0
0.6511055118835569,0.24879518383525123,1.7681604969096665,0.17681604969096665,1.0,77.28194574994117,0
0.9085289216160125,0.6335343046021957,2.439834296840097,0.24398342968400968,1.0,85.08438844876763,0
0.3553002971671887,0.9811237479197745,6.387259465346254,0.6387259465346254,0.0,48.49721700756446,1
0.3563547091543158,0.9161374895035903,0.5459768563068801,0.05459768563068801,0.0,40.97730149911388,1
0.3433245611855458,0.20985927475607702,5.034132540191462,0.5034132540191462,2.0,71.60360631514082,0
0.22741326491326053,0.8427571125372099,1.2358151741147627,0.12358151741147627,2.0,46.419488051175236,0
0.566710576488484,0.02110770882921098,1.6139745425648777,0.16139745425648777,1.0,57.939559480838604,1
0.10557511638267814,0.5894488360874336,5.120998733428421,0.5120998733428421,0.0,85.61274555692157,0
0.8347971210662077,0.9303361235333604,5.69070809312417,0.5690708093124169,2.0,71.02021106029609,0
0.13775277168337763,0.9593354279883249,2.1203474491802297,0.21203474491802296,1.0,91.35204075179709,1
0.17392988862966152,0.6030579129823503,2.7123861586811113,0.27123861586811115,0.0,53.056371760963614,0
0.06857423877272895,0.6308142722959196,2.8410758763379738,0.2841075876337974,0.0,48.24042902679933,1
0.3813471713810148,0.38990657510345195,1.4180982799742825,0.14180982799742825,2.0,43.89139900692528,0
0.7576453018622785,0.7236384479511064,9.65720852174705,0.9657208521747049,0.0,93.46397057499776,1
0.9100941331735596,0.24570859789513455,6.92199930858819,0.692199930858819,1.0,57.92646125466402,0
0.43428078107024093,0.033871188614315484,1.108418314271844,0.1108418314271844,1.0,89.80510789812479,1
0.23513653278017177,0.8353038601092183,3.5716018192181807,0.3571601819218181,0.0,52.419134608162544,0
0.7256546434512556,0.06036222975965111,1.7260279560000669,0.1726027956000067,0.0,48.70225565337844,1
0.6881438464507984,0.6647077718121182,2.343861333249182,0.2343861333249182,1.0,80.10425928077183,1
0.6816447487492034,0.43693087551070575,9.394777761300473,0.9394777761300472,0.0,70.17411366319122,0
0.44342335821596923,0.0432569240192715,1.3675295329534476,0.13675295329534476,2.0,64.10309105238147,0
0.5652982615088615,0.15981585111244379,8.798117296833915,0.8798117296833915,1.0,58.614322665829405,1
0.06196689281437451,0.10071908769415328,8.418350348521122,0.8418350348521122,2.0,60.31822419522015,0
0.25001267256759696,0.21440538298092204,7.436682519047838,0.7436682519047838,2.0,84.23919159486765,0
0.9269451124570058,0.6352769523784653,4.967220239208851,0.4967220239208851,2.0,39.95235572184013,0
0.0417797154760805,0.5706212066696409,2.5836765477067947,0.25836765477067947,1.0,33.31771293910633,1
0.3015999886913915,0.432936023523138,8.309798656928384,0.8309798656928384,0.0,30.38668479758739,1
0.22664431179596622,0.8430534837145797,8.340749656393157,0.8340749656393157,0.0,62.17518533660861,0
0.13023892745477328,0.7530779157431237,5.253159953461247,0.5253159953461247,1.0,83.1702551538552,0
0.9243517870516944,0.6827070154346504,0.4761338641616819,0.04761338641616819,0.0,73.61305215763205,1
0.12589605677695648,0.5988639016597095,1.9296118053633138,0.19296118053633138,2.0,94.37918327870283,0
0.48937133474227457,0.6961098122053317,0.5608345950601734,0.05608345950601734,1.0,69.64775301557151,0
0.8395094868131568,0.22659387424437671,1.7983801797713073,0.17983801797713073,2.0,63.09102152799686,0
0.0038720106346674665,0.25982172318905017,5.084212807744103,0.5084212807744103,0.0,67.80549873783667,0
0.10852767846559541,0.29811530770625594,8.541734561081626,0.8541734561081625,2.0,87.34124061825884,1
0.34189420162773043,0.7410627268279695,6.532368324712254,0.6532368324712254,1.0,30.95151534056871,1
0.14751500365978987,0.43227468451709705,6.009029695233609,0.600902969523361,2.0,60.32250409641687,1
0.18265959941174748,0.9595038161179595,7.47953542095095,0.747953542095095,1.0,56.72605298327204,0
0.5911558133103346,0.04020186558484218,6.399114745585177,0.6399114745585177,0.0,91.96564732543341,0
0.1706312089580121,0.3831667977080323,4.434272644545674,0.44342726445456737,2.0,42.171856634915414,0
0.6388472314501009,0.15472682828060724,8.153634452631032,0.8153634452631031,0.0,31.660520946975236,0
0.9155185147542602,0.8163206857049825,3.101844704534268,0.3101844704534268,2.0,71.05930508275499,0
0.229428695976292,0.47960875769934763,9.281149072819286,0.9281149072819286,2.0,70.62623095730426,1
0.2122850048391477,0.6200169450708167,1.1619058251729963,0.11619058251729963,0.0,50.75698773199893,1
0.01139359110667404,0.5979496023481015,6.376798928642896,0.6376798928642896,1.0,65.0837630388052,1
0.014666393303226388,0.0790662037406421,5.005163530401367,0.5005163530401366,2.0,68.78388658132356,0
0.3966265609577533,0.7837381827180155,4.257616566766655,0.42576165667666543,2.0,52.94755305650113,0
0.48904207996330296,0.8219767874385513,4.297163797949136,0.4297163797949136,1.0,57.33326489373682,0
0.18281078860107702,0.6074392956013942,0.4220752403904726,0.04220752403904726,1.0,39.21683590535972,0
0.32298796895895565,0.2809473434100239,7.515138048628117,0.7515138048628117,2.0,80.11662498732869,1
0.1403099512673115,0.7240918254529269,3.5234708016206495,0.35234708016206495,1.0,55.29679867489709,0
0.6812471479143701,0.7006657884258192,4.7663635697337705,0.47663635697337703,1.0,71.95752548730323,1
0.3929392526312263,0.9125389066045535,8.475940869705246,0.8475940869705246,0.0,57.730938635301925,1
0.7343341112048101,0.11733353829057258,5.77108501080367,0.577108501080367,2.0,40.54662042367277,0
0.5503130594834456,0.909803718011701,8.514365951571664,0.8514365951571664,1.0,75.54158129768284,0
0.3772991410782762,0.8870720346513793,1.3707939456275986,0.13707939456275986,1.0,57.12688155429683,0
0.626366682278595,0.29752740411326384,2.8181754969450523,0.28181754969450523,2.0,42.04807613651617,1
0.007169102860627885,0.7161977662443216,2.2793241443112855,0.22793241443112855,2.0,90.67732096614236,0
0.6903644518542994,0.26370815632469247,8.863342807242539,0.8863342807242539,1.0,88.06576675246626,0
0.3710484662501431,0.2350958208105287,7.815571951471503,0.7815571951471503,1.0,77.26528601750177,1
0.5135763214146551,0.6415349359972083,8.34100856900898,0.8341008569008981,2.0,67.44400520772666,0
0.5234097805533209,0.05003333423533807,5.686835601201102,0.5686835601201101,1.0,70.63729882389579,1
0.5584123648169519,0.09647725790914718,2.2074891177888665,0.22074891177888664,0.0,53.41345951949166,0
0.7023865133826966,0.6601436229856382,3.769983743370917,0.3769983743370917,1.0,47.091753580753114,1
0.11064612886588987,0.9518691910755592,5.503008731811015,0.5503008731811014,1.0,68.48416094286958,1
0.48897776009310867,0.034038777433263445,0.18978577205020386,0.018978577205020386,0.0,78.10051300896397,0
0.08315300796292935,0.022918440282009178,6.396422677419698,0.6396422677419699,0.0,62.18430113989264,0
0.2341532741541713,0.07477168780779642,8.548694969042161,0.8548694969042161,1.0,88.2105910860585,1
0.18926451289641888,0.0016644542983893507,3.256353254135261,0.32563532541352613,1.0,55.246412962311396,0
0.5987093424252554,0.9283124550969786,6.797895420779172,0.6797895420779172,0.0,54.47068872784812,0
0.6060974866761201,0.4740419588485114,4.835632889151426,0.48356328891514255,1.0,57.65886526946674,0
0.8308994264353734,0.6921135479398972,0.03977491967490088,0.003977491967490088,0.0,75.77290893887464,1
0.5218371741308783,0.4163868794997889,2.839921929159109,0.28399219291591093,2.0,31.784652456721396,0
0.7446785157590224,0.9972450115260402,5.278602538258667,0.5278602538258668,1.0,52.99761611442671,1
0.8890779804608523,0.47993138621287124,7.249084783746015,0.7249084783746015,0.0,78.28973074090382,1
0.13353641184799803,0.939265886392317,4.020337673740981,0.40203376737409807,1.0,66.05975529081041,0
0.7209693399653053,0.6496104511001496,1.8624539551802888,0.18624539551802888,2.0,50.14211800330925,1
0.32793609728040896,0.9477381874311893,0.610497208163302,0.0610497208163302,0.0,72.68671945596354,0
0.278063750560421,0.4951417581335025,7.146921001006207,0.7146921001006208,1.0,88.57356178222794,0
0.9629826381283071,0.8788800944340146,3.6504134041320766,0.3650413404132077,0.0,62.83321901234486,1
0.20645676324243312,0.33388672705585376,6.471042038961071,0.6471042038961071,2.0,78.05029173353263,0
0.9145530410658955,0.6611983764539381,2.2175183859078853,0.22175183859078854,1.0,42.89701449912087,0
0.8237164744885588,0.6171847938552875,7.546855371542495,0.7546855371542496,1.0,60.74466316141867,1
0.8786324538730677,0.48683615473212727,3.4438616569984717,0.34438616569984715,2.0,48.93405175976985,1
0.5859834736904327,0.5014826020874438,0.5236868014359053,0.05236868014359053,0.0,94.53129442126414,1
0.5847058054599941,0.17012113060538392,5.102334997148489,0.5102334997148489,1.0,44.21767618440152,1
0.4025820834605035,0.9060271135009452,7.314466472759032,0.7314466472759033,0.0,91.58169606501811,1
0.40091938927765036,0.4542098101873062,9.324971579458696,0.9324971579458696,2.0,56.56685152909442,0
0.8506671986933931,0.15146915035065833,9.708577809314797,0.9708577809314797,1.0,62.39266256256607,1
0.3877551610127492,0.70432850540442,4.564196071657546,0.4564196071657546,1.0,64.05296960487718,1
0.4866968779777039,0.7271610981954427,6.118733570754355,0.6118733570754354,0.0,45.71759879100338,1
0.9963928548857731,0.045117213877146956,5.572209274377481,0.5572209274377481,0.0,45.530884643785576,0
0.354313857588503,0.3328202188189828,5.3354158803857,0.53354158803857,2.0,54.442196278203475,0
0.8225916834856817,0.584260677339978,1.145391152070685,0.1145391152070685,0.0,78.43805545790413,0
0.27719772688584865,0.8215825686203359,6.708650452525811,0.6708650452525811,0.0,75.55015980052119,0
0.025073629694204014,0.3106051715432292,9.652702483565516,0.9652702483565516,1.0,94.84435572859718,1
0.5934278631771159,0.2996549507709736,1.2680288860161282,0.12680288860161282,1.0,35.74452737913616,0
0.4793459778316306,0.7365679654899477,3.1185450791694915,0.31185450791694913,2.0,79.35426454254498,0
0.7866726196444569,0.21920440580839318,0.7704991555536056,0.07704991555536056,0.0,42.67072111066393,0
0.0041525700434353885,0.8959986987297648,4.027828974344817,0.4027828974344817,0.0,63.216321456087,0
0.0705603879084068,0.7904155516498932,4.816721160444959,0.4816721160444959,0.0,42.76481937581175,1
0.8596789148606279,0.8930553102186077,3.5801809116928682,0.35801809116928685,1.0,90.84651271882288,1
0.4808309876019954,0.3537457188612748,4.765821441790114,0.47658214417901135,0.0,62.96758452936076,1
0.5063734346795232,0.16573593425650035,8.029668666502157,0.8029668666502158,2.0,60.5180391160611,1
0.22510694644817697,0.5850577483858523,2.1392359326567445,0.21392359326567445,2.0,49.98107969825382,0
0.9259211064354702,0.18996896640684058,7.57971695170944,0.757971695170944,2.0,59.18197912547655,0
0.9144205921668764,0.26611315965579274,7.932879975272654,0.7932879975272654,2.0,37.195356537643754,1
0.5166938151303473,0.4005676026173486,5.811331310703819,0.5811331310703819,1.0,74.47231147858116,1
0.21782354657246328,0.46272847754038704,3.1532118755191583,0.31532118755191585,2.0,67.09337976571733,0
0.9827914421793345,0.32241331254734795,9.365008323525995,0.9365008323525995,1.0,36.4716193294724,1
0.8924564105515583,0.284719938108412,3.639035560911019,0.3639035560911019,2.0,36.65450383304926,1
0.5214110089184756,0.24672695603955663,0.4992118491536035,0.04992118491536035,2.0,49.042545627343706,0
0.6263985408685442,0.6901359022785855,1.3608785198371753,0.13608785198371753,0.0,60.751973265637304,1
0.4396678044578708,0.3058784239274882,8.915900056444146,0.8915900056444146,1.0,44.47338203743232,1
0.20605777523754254,0.6943978134841691,1.4997648119839757,0.14997648119839757,2.0,38.53670918625189,0
0.6814508421444455,0.7428847432309108,4.473941416007615,0.4473941416007615,0.0,36.262202403105,1
0.6691341391416974,0.7142298730480774,6.919715608214649,0.6919715608214649,1.0,49.83197954317934,1
0.547326093613614,0.914437332941912,5.736447009236711,0.5736447009236711,2.0,70.9247815516369,1
0.8144459688594439,0.954485663355453,6.533717002147803,0.6533717002147803,2.0,74.0937450136877,0
0.4518365967898814,0.14686060563378633,3.4881466452617604,0.34881466452617604,2.0,48.38638736465797,1
0.8609167247644057,0.3205871213494662,6.622361384386447,0.6622361384386447,1.0,58.63777841783773,1
0.21701835255180224,0.7876666966378284,0.09085575017453107,0.009085575017453107,2.0,70.84989214833425,0
0.9618054498232091,0.781803147991412,2.632502364635927,0.2632502364635927,1.0,53.40289034863884,0
0.20508026521817135,0.07094304245982275,1.2359984350615028,0.12359984350615028,1.0,93.60957346607556,0
0.16011912052489818,0.962037091238831,4.552629772531621,0.4552629772531621,0.0,75.02736593718379,0
0.6033975070024039,0.8562045729686018,1.458230823605906,0.1458230823605906,2.0,67.59740039130367,0
0.09307993052293007,0.8992041721574597,5.473710716715965,0.5473710716715965,0.0,62.3638018960743,1
0.16793120248525362,0.20438479503124807,1.8066504125929206,0.18066504125929206,0.0,61.97653309899461,0
0.7290344835580711,0.5009199653053141,4.142646749037678,0.41426467490376784,2.0,48.962334192593396,1
0.30815152973540927,0.44054221066646315,0.7422151399293042,0.07422151399293042,2.0,35.020676839249276,0
0.8001213038564644,0.36029869615624777,4.399802706625218,0.4399802706625218,2.0,84.46440614526689,0
0.15555283819426613,0.22735514674139023,8.079832792400667,0.8079832792400667,2.0,88.85170453362537,0
0.38530144753706663,0.13960656391403548,3.169012590523436,0.31690125905234356,2.0,93.34312166008588,0
0.386287947690202,0.8705084267703845,7.063167363049091,0.7063167363049091,1.0,56.25831691484702,1
0.4803966647590795,0.5304356476308569,4.25986093241705,0.425986093241705,0.0,91.51641594635441,1
0.41039220353294614,0.6008266210070659,2.342118316346471,0.2342118316346471,0.0,75.65353003095589,0
0.3867857204102959,0.2616011618276479,3.0347859970181137,0.30347859970181135,0.0,57.43793262049765,0
0.3284375780481489,0.935053081258486,3.025782665343973,0.30257826653439734,2.0,89.70426484898408,1
0.015150637152770652,0.9363766489348357,7.42378908011334,0.742378908011334,1.0,92.95433530638518,1
0.6165903867649148,0.6714500906046408,2.009359610954864,0.2009359610954864,1.0,64.70556718978258,1
0.4734913669758898,0.32055298314683833,9.777715299995696,0.9777715299995696,2.0,80.6769397071037,0
0.37328264888672913,0.2328441707447152,6.874842621800981,0.6874842621800981,2.0,80.47891639413167,1
0.2114147837903455,0.5952713227818793,4.011544326451919,0.40115443264519185,0.0,69.574217525218,0
0.8913900837105073,0.8328790927604286,9.980040097954245,0.9980040097954245,2.0,57.480423188152386,0
0.2378938243847719,0.9669838002189793,2.1617154813518793,0.21617154813518794,1.0,38.732289915666826,1
0.9209244947063276,0.06819040477933214,7.629112146930627,0.7629112146930627,2.0,94.86691685450786,1
0.2172639825746191,0.3341965058071453,2.7093689758346553,0.2709368975834655,2.0,34.65821196828188,0
0.9714260078425478,0.39114938151240075,5.435644513128398,0.5435644513128398,1.0,38.76588662548728,0
0.41984914170785925,0.3690253742763554,0.5442136857580904,0.05442136857580904,2.0,54.36119845719141,0
0.5327174008025335,0.6677761959573135,8.46459136302377,0.846459136302377,2.0,55.905734360467825,1
0.2988105141298474,0.5472064855406021,3.661519021043845,0.36615190210438453,1.0,47.36499868038796,0
0.9391808942142738,0.8913741670717047,5.844863908607759,0.5844863908607759,2.0,35.07514461215741,0
0.28257084784548414,0.22255120364332348,9.272838317012132,0.9272838317012132,2.0,88.46192340419262,1
0.7302118162937509,0.39933178881635845,0.30246725384152073,0.030246725384152073,1.0,63.361804145981516,0
0.02049083432000387,0.5411597175113455,9.68017436835368,0.9680174368353679,2.0,93.0397489970776,1
0.5587187419884564,0.8167967528186586,5.251793489020144,0.5251793489020143,0.0,87.0677870193496,1
0.7415755786973687,0.823239651586755,7.8074657392812,0.7807465739281201,0.0,62.11086188467922,1
0.4708732621648245,0.8593722290084309,4.730447656058491,0.47304476560584907,2.0,55.234441723415465,1
0.6433171153403107,0.5191347277723984,8.159077776669772,0.8159077776669772,1.0,46.578138124958976,0
0.7680568843499802,0.2415994179028681,8.805588276147848,0.8805588276147848,0.0,94.5481919468695,1
0.5002380002727829,0.726255516907066,3.816740558732372,0.3816740558732372,1.0,69.32873094875015,0
0.21809198550270836,0.9546735249783204,7.226322306224646,0.7226322306224646,0.0,84.64666591585463,1
0.39677201231532033,0.28529966458346867,9.986180079394087,0.9986180079394087,0.0,94.00354970497341,1
0.7307790078394032,0.19838148592965033,7.571316755944383,0.7571316755944383,0.0,44.556498756499025,1
0.2710919379481912,0.022475839601019065,9.56879827544563,0.956879827544563,2.0,90.11466017795888,0
0.6320346252002456,0.6664678646047542,7.366172300343776,0.7366172300343776,0.0,81.64105684419923,0
0.14829198641657837,0.5450150835516635,3.2988693746143607,0.32988693746143605,2.0,59.552083213950034,1
0.9302932331895933,0.13471436329420283,8.271516748585388,0.8271516748585388,1.0,91.67151569282053,1
0.6029831251904035,0.19951571826704673,6.663407647195553,0.6663407647195553,0.0,68.34319361685587,1
0.46827059060704757,0.6622225822337952,0.33067973451222255,0.033067973451222255,0.0,55.58955992357551,0
0.8115230363768482,0.43601748978891,1.7243404511156413,0.17243404511156413,0.0,40.39384683348946,1
0.7971710521964113,0.2332309114127381,2.6127300786013627,0.2612730078601363,1.0,77.31324943980114,0
0.09732303975095802,0.6058232203637262,7.435638071719333,0.7435638071719333,1.0,80.31199619075174,0
0.3070634710282163,0.05266577216727364,7.971326592965347,0.7971326592965348,2.0,43.44924977036639,0
0.45857727186004404,0.016202813979795172,8.268854367104835,0.8268854367104834,0.0,54.16970124700274,1
0.34053995863006004,0.2608777351052569,0.67214737535923,0.067214737535923,1.0,33.577731205393846,0
0.3173007205346191,0.28951875064483856,0.7215668147210919,0.07215668147210919,0.0,66.22152580573348,0
0.35219029747132846,0.10436842365891752,2.9944321778845664,0.2994432177884566,1.0,69.00424443524935,0
0.14204932943109072,0.11486633117199563,6.812433977719089,0.6812433977719089,0.0,85.13659981568293,0
0.11941733650485864,0.16780302950944714,8.421849088866901,0.8421849088866902,0.0,31.6997506134312,0
0.2603107987795311,0.7246087808140059,8.693756671041978,0.8693756671041978,1.0,37.77707047445275,0
0.07008172990476524,0.8061657775713519,2.075153147861389,0.2075153147861389,1.0,32.051907835613086,0
0.510219993168899,0.18160495568196888,7.674152811834145,0.7674152811834145,0.0,91.38915865882406,0
0.15313626755650633,0.656770078390036,6.407749327496292,0.6407749327496293,1.0,63.33767553257446,1
0.06756716497079329,0.2336525024862971,9.267300191694517,0.9267300191694516,1.0,45.98999428022677,0
0.8371457900595851,0.8800585974983528,7.728610438564426,0.7728610438564426,2.0,31.2416270944549,1
0.5875095062369553,0.2689277841083506,5.286212841730013,0.5286212841730012,1.0,36.27379062286446,0
0.8983600273242894,0.12977141287336935,7.831942828254159,0.7831942828254159,2.0,76.8102599968115,1
0.9833927692594339,0.4391459794318032,3.082776946835387,0.3082776946835387,0.0,61.218423111220766,1
0.593531363931021,0.154212865351386,7.86145239402536,0.786145239402536,1.0,77.73757170038783,1
0.7959773219799401,0.19836685003108145,7.8116847476246605,0.7811684747624661,2.0,47.23741848349931,0
0.15954197982892826,0.3390628292308828,8.552085904008624,0.8552085904008624,0.0,58.57071810020132,1
0.6983687007442134,0.660720519825315,2.423960537090598,0.24239605370905978,0.0,70.55106311717175,1
0.5495542018913065,0.11685410879999447,8.490008398718981,0.8490008398718981,2.0,43.800638029162954,0
0.6763928701091738,0.28410901363854,1.6905021849437185,0.16905021849437185,0.0,48.68899147945704,1
0.10472419739914096,0.8583646281032988,7.7189960865686205,0.771899608656862,2.0,39.2044858472969,0
0.9358151170177038,0.27376936724695533,9.299174891628784,0.9299174891628784,2.0,76.26671043386968,1
0.4174873491799641,0.16844683204861,0.3579811461396398,0.03579811461396398,2.0,67.848939714937,0
0.7757992871493861,0.5336164394834164,6.2601264707566395,0.626012647075664,2.0,58.9037115145706,0
0.9906120124941807,0.0333158797811981,6.595917225561632,0.6595917225561632,2.0,66.87689971929636,0
0.8733119958911745,0.8039511665690746,8.151429025696821,0.8151429025696821,2.0,41.0362701507239,1
0.3117054839432234,0.22246163144610664,1.0282339906953364,0.10282339906953364,0.0,82.83759442124783,0
0.4019762092908451,0.13285800443878115,9.094306794787213,0.9094306794787214,0.0,79.10542861082493,1
0.6486541125126429,0.8082027631861803,9.937871197592298,0.9937871197592297,2.0,41.83021991229563,1
0.5380231593907207,0.8427549127008771,6.721052728263512,0.6721052728263512,1.0,87.57127120532543,1
0.4103004594830514,0.7347315114245511,4.299329831699703,0.4299329831699703,0.0,55.608421217199776,1
0.6533697037159064,0.23459686969871363,6.350153941606677,0.6350153941606677,1.0,60.136414174741205,0
0.909528369340891,0.5269889043032501,0.5470611636370715,0.05470611636370715,0.0,64.53191476562054,1
0.30949591466642945,0.969066007480236,7.530341662223022,0.7530341662223022,1.0,81.53830156721068,1
0.12833833774777081,0.4777660989163611,0.6996659081934387,0.06996659081934387,2.0,40.66061745383159,0
0.6757495641621298,0.9496397266610477,3.2259099847226924,0.32259099847226924,0.0,47.226199919893446,1
0.5895949995336756,0.6763683834966874,1.3939872286106403,0.13939872286106403,0.0,90.86707276627024,1
0.9055880304153004,0.844995860578231,7.260412546565949,0.7260412546565949,2.0,90.95701158496495,1
0.7426592361983609,0.19240000957345438,5.944282600983286,0.5944282600983286,1.0,82.58315979949664,0
0.39710275915186133,0.9267348415692727,6.992038106551112,0.6992038106551112,0.0,40.948169636574086,0
0.6333293505060763,0.8533444743760259,0.6456613075716711,0.0645661307571671,0.0,68.67351282889132,0
0.8623670392883915,0.7850496561087821,3.7040633677218993,0.3704063367721899,1.0,58.988086505410244,0
0.34747315916695665,0.9412230853567137,4.061696662165008,0.40616966621650075,0.0,35.24827052958085,0
0.013826548565537222,0.7888788560401006,6.023985304356019,0.6023985304356019,0.0,34.91059447756107,1
0.6263404903738966,0.5767471118326892,1.0233070071413763,0.10233070071413763,0.0,85.69439144466567,0
0.0259253863038702,0.6486902045219194,6.472369792558652,0.6472369792558652,2.0,35.88245448829699,0
0.9374799016337715,0.8208942693185127,3.9469857443516956,0.39469857443516954,1.0,47.640352381822595,0
0.16819884963989085,0.7491579183179664,9.059199635316208,0.9059199635316209,2.0,39.7970997901181,1
0.3742635749791067,0.5917915412263226,4.498091398389406,0.44980913983894066,0.0,67.38174954793577,1
0.9462841191313512,0.598079341994024,1.020715736443073,0.1020715736443073,0.0,79.40141224348268,1
0.07993059478298181,0.8802821203788584,1.0340202117729225,0.10340202117729225,1.0,47.23687832467549,0
0.004342533867362053,0.009911614249032197,2.5429557306821793,0.25429557306821793,2.0,80.83302256988779,0
0.10363655693054696,0.7179535824639705,2.398116294302439,0.23981162943024392,1.0,41.3729207002666,0
0.9860384676772811,0.5656609841528235,7.966862038462046,0.7966862038462046,0.0,53.18784081927847,0
0.9717287649793122,0.8382939929223647,7.223885497171945,0.7223885497171945,0.0,45.78728137568873,0
0.3845991064544345,0.2054369630867613,0.7667271971256717,0.07667271971256717,0.0,59.53216969789634,0
0.7428856273035982,0.5253435657395932,8.51434049956586,0.851434049956586,2.0,93.76555711043092,0
0.7359334473251884,0.12764431262685227,0.9613004476843523,0.09613004476843523,0.0,77.89181958922588,0
0.09981620625523668,0.6593746731785877,7.856278134607477,0.7856278134607477,0.0,43.374452161330844,0
0.23511992424077377,0.7637678588179754,1.1161709610214932,0.11161709610214932,1.0,92.8182242850307,1
0.8889823410366268,0.6235324717858617,3.763583440171562,0.3763583440171562,2.0,74.28710120783553,0
0.16569680966649758,0.5547712797466968,7.509306223327887,0.7509306223327887,1.0,59.521338151722546,0
0.5208553568477216,0.34337895961919707,2.536349908172345,0.2536349908172345,2.0,89.55642511723525,1
0.24415243961556254,0.6397842836771119,1.1332994156746234,0.11332994156746234,1.0,79.58399709242528,0
0.5576145566796622,0.8995054362345185,7.871952665001634,0.7871952665001634,2.0,77.39757081868777,0
0.1965306991314496,0.7214182819003859,6.90975571726668,0.690975571726668,0.0,43.06060758904679,0
0.21574824911556745,0.022953040978348938,8.912679328248673,0.8912679328248674,1.0,38.31768757462083,1
0.046799057307698066,0.5087214255619901,6.415525293800593,0.6415525293800594,1.0,86.26522011426647,1
0.9901713878083269,0.7364169444711562,0.7395071994643443,0.07395071994643443,2.0,74.21010189123511,0
0.11309522978684383,0.5041630279012718,6.386346670237923,0.6386346670237922,0.0,83.12074576153115,0
0.4156188170809032,0.5913500455222321,8.225070718305034,0.8225070718305034,0.0,79.77401623244351,1
0.4175579815639823,0.9115844089420951,0.8367854505336603,0.08367854505336603,0.0,88.70198694843609,0
0.3036262409343794,0.8739500644340581,1.356933025353767,0.1356933025353767,2.0,54.40885954934564,0
0.7939902902453226,0.08131440802114998,6.775672569863848,0.6775672569863848,2.0,52.762713117936876,1
0.3376919115935487,0.5105532072546003,7.913304777250088,0.7913304777250089,0.0,45.396066850063946,1
0.6254502857531868,0.6223163158112995,3.531510793737036,0.3531510793737036,1.0,36.85290692555558,0
0.543000381383805,0.8520313730619095,7.352616011867655,0.7352616011867654,1.0,61.3882792665422,0
0.8640288829517819,0.2655006140029387,1.6736823254365962,0.16736823254365962,2.0,62.38438144562188,0
0.8194826308953961,0.13985393976737004,4.440053140897252,0.4440053140897252,1.0,37.439942639112786,0
0.21794731794178301,0.5971546036792518,7.479740588178585,0.7479740588178585,2.0,69.22911633677559,0
0.7501117946847243,0.4676121283828386,1.989861537557569,0.1989861537557569,2.0,53.61884627821999,0
0.7925684580946482,0.25770520141837316,3.488963455073748,0.3488963455073748,1.0,59.655688934069104,1
0.9191856636953806,0.942928141465273,6.290658320006734,0.6290658320006733,2.0,63.15160836670905,1
0.9632176030186528,0.31755598042657207,3.459952082872979,0.3459952082872979,0.0,50.1850358027304,0
0.7369690011768539,0.05528592977251967,8.74158271214762,0.874158271214762,0.0,74.52859212722525,0
0.44993117189771126,0.058799229905223904,9.5672611518929,0.9567261151892901,2.0,63.140303411090315,0
0.2929706690293622,0.20108224165202937,6.422895115166096,0.6422895115166096,0.0,58.693060353777184,1
0.864662929325098,0.11673582487278933,7.824002391929318,0.7824002391929318,1.0,56.623638923588366,1
0.9155544887566858,0.3946887070844889,9.066964980858497,0.9066964980858497,2.0,31.541350237816047,1
0.09756118244174572,0.08046471631592589,7.018593375997248,0.7018593375997247,1.0,80.12991456827261,1
0.5543227193401171,0.561165201994346,7.733141774336614,0.7733141774336614,2.0,92.82184239876578,1
0.1291942780603641,0.4083912245044856,0.8021920126153115,0.08021920126153115,2.0,38.5132320472099,0
0.251579715464057,0.5979251587831639,8.237626852590443,0.8237626852590443,0.0,48.813753457260376,1
0.38319613181777634,0.9892365469240254,2.745646093669597,0.2745646093669597,1.0,85.04972671341379,1
0.311164215334347,0.9919015940028594,0.7080452413740412,0.07080452413740412,2.0,76.06461773443598,0
0.7159989370657006,0.41702904163046794,5.8947152180152065,0.5894715218015206,2.0,50.30577453981966,0
0.07896623816337311,0.36705393369006034,2.2678696968846523,0.22678696968846523,1.0,72.21968235081187,1
0.6137735415975708,0.6815528820499044,0.7984686079208558,0.07984686079208558,1.0,89.62058172569478,0
0.5814145289808971,0.3676796142531522,6.095614354276612,0.6095614354276612,0.0,44.278774465021186,1
0.7871949832985747,0.7782815759829156,0.9855232510690637,0.09855232510690637,1.0,74.17639159334139,1
0.09667849415527141,0.601645991963359,8.872275296400584,0.8872275296400585,0.0,82.77841919238035,0
0.332604625203343,0.19948722291655607,9.69272483143582,0.9692724831435819,2.0,36.19480077539496,0
0.6971034238616184,0.41483381987916246,7.381923303516411,0.7381923303516411,2.0,90.74303134808764,1
0.7116871070657654,0.8636580487009713,2.876632417980365,0.2876632417980365,0.0,92.35649039656327,0
0.44962579391459756,0.5533532832297948,5.625410527307343,0.5625410527307343,0.0,77.64938049992305,1
0.46176943331079634,0.7099187250713644,0.31385687153298814,0.031385687153298814,1.0,63.51437962926736,0
0.9649593096125025,0.7098507031284216,6.2139951690359,0.62139951690359,2.0,69.25731152865147,1
0.3262279870432908,0.4821552720780704,2.6384076219675023,0.26384076219675023,2.0,72.14835874058062,0
0.15011469691136514,0.29549137747594134,4.550242818996063,0.4550242818996063,0.0,40.01856446657363,1
0.9528420649913438,0.5963388398078464,1.7886806946121825,0.17886806946121825,1.0,49.16750061197364,1
0.8096081432611635,0.11305806283179087,9.865516651183876,0.9865516651183877,1.0,36.55709874971084,1
0.23706292847373733,0.5973706197881318,2.074245588956515,0.2074245588956515,1.0,54.08001073401083,0
0.8572569328961415,0.10273863557185148,4.169351083829361,0.4169351083829361,0.0,78.4317770470621,0
0.2523014157758626,0.9017980302351681,2.546007298465777,0.25460072984657767,2.0,87.55830869946946,1
0.8274474750453352,0.7438714942580089,5.415876091416924,0.5415876091416923,2.0,54.132996063791694,1
0.6285627259621295,0.18120997779621917,9.053421672651599,0.9053421672651598,2.0,70.04701005194701,1
0.48258022044631144,0.7846603658308698,1.6338846390844586,0.16338846390844586,0.0,68.66438993258572,1
0.9280729070195903,0.7258528126205601,1.4081288095608635,0.14081288095608635,2.0,60.715124455123394,0
0.8093679301496617,0.7284447549159266,0.7406513707339124,0.07406513707339124,1.0,75.1235640990587,0
0.12992507492256844,0.33528178348960636,5.893513073376321,0.5893513073376321,2.0,39.80265083595564,0
0.7055689571068683,0.5227408931155286,6.020769798903752,0.6020769798903751,1.0,34.8651004190766,0
0.7895019522067659,0.5857748050918329,8.213903763193699,0.8213903763193698,1.0,52.6222239311239,0
0.5411276242077894,0.3769782861185007,8.359613310840178,0.8359613310840178,1.0,93.00538454557949,1
0.27606837825411534,0.5603988801805411,1.0194245233752586,0.10194245233752586,0.0,91.95267925196646,0
0.23447297470321038,0.24401640606649833,9.10525350544878,0.910525350544878,1.0,71.14981739532182,1
0.9741459706733938,0.8748846879526664,8.293831064827735,0.8293831064827735,2.0,67.6159949669111,1
0.43679346487922033,0.9603365292107457,6.472470729170018,0.6472470729170018,0.0,71.158922691358,1
0.5188250077167509,0.3267329508280227,3.470601101203731,0.3470601101203731,0.0,57.90943392594221,1
0.5981657322055345,0.34239758754014127,7.455860178214348,0.7455860178214347,0.0,48.745199116422036,0
0.10063140325753472,0.2162101230132788,6.20673718964351,0.620673718964351,1.0,30.36104269503952,1
0.08129539558572896,0.8647793273290132,3.53046447493604,0.35304644749360403,0.0,31.248393584370753,1
0.1981369079674664,0.16336179480360646,0.13255714879659264,0.013255714879659264,1.0,93.19074377897655,0
0.06532906686264828,0.7988588495238007,5.924609766327088,0.5924609766327088,0.0,78.3977005989144,1
0.8984722875703363,0.832328638344919,5.764910044870456,0.5764910044870456,0.0,74.85995669391752,1
0.14802427076558144,0.3162189665541978,1.5457797666981832,0.15457797666981832,0.0,84.88837590601726,0
0.22656917191609016,0.7767915940096597,9.063261563989531,0.9063261563989531,1.0,69.4506570674389,1
0.5373103594709027,0.45297199224137097,1.5927640544405708,0.15927640544405708,0.0,73.39654756662958,1
0.8962042259048245,0.3484526076992056,2.8709614838677435,0.28709614838677433,1.0,81.35727610844759,1
0.04903121673361299,0.8933784212621251,3.719880445235677,0.3719880445235677,1.0,38.1356159777003,0
0.21597445763582734,0.453528093687228,6.82965655212832,0.682965655212832,0.0,42.1962507002129,0
0.7173504154487823,0.055229689609469945,0.8164012585890634,0.08164012585890634,0.0,66.1377622043889,0
0.5191798119113347,0.6345214009056577,7.023744374493458,0.7023744374493458,2.0,36.29749771649434,1
0.5945183566149174,0.6580023254565164,4.144777643283143,0.4144777643283143,1.0,72.8625284601245,0
0.016953804972205333,0.6346504859365889,1.8294625524768482,0.18294625524768482,1.0,84.09306285677468,0
0.8668052329511315,0.36031883977761325,1.1208046718733666,0.11208046718733666,2.0,84.44345330184134,0
0.5787407288239688,0.6786148213680994,4.123360025626529,0.4123360025626529,0.0,51.01539137614071,0
0.8343678382242898,0.29109431968291943,4.459827750270713,0.4459827750270713,2.0,43.174695006311616,0
0.9637448770587791,0.46436217594114937,1.3730153337061324,0.13730153337061324,0.0,92.31676966332894,1
0.7321614942746106,0.2167067199762941,4.824658259526586,0.48246582595265863,1.0,89.30522084184875,1
0.03101048776165105,0.613252436142649,5.024386031000043,0.5024386031000043,0.0,50.378120778992496,0
0.7115294658018593,0.8105007646210093,9.810105177894052,0.9810105177894052,0.0,88.12030798055328,1
0.5634706743560218,0.0976665629539174,7.133043031501126,0.7133043031501126,1.0,87.26562364167337,1
0.10353959370409849,0.027012342981862614,0.12168944152816885,0.012168944152816885,1.0,51.97212012192988,0
0.27042706296609387,0.7611344035653149,4.768681997787382,0.47686819977873823,0.0,53.60728863894952,1
0.16884095823517853,0.32287981584266523,0.2158983179650964,0.02158983179650964,0.0,90.57324970118667,1
0.9248413883756463,0.32382547858953037,5.1121297423812395,0.511212974238124,0.0,78.22178865777121,1
0.7952833258072542,0.564739531087537,3.379371040636082,0.3379371040636082,1.0,70.13932282109002,0
0.7008539005725697,0.48673756470209883,9.035067870596,0.9035067870596001,1.0,91.93827208785368,1
0.7633206392465126,0.12156003019799944,4.932889954052449,0.4932889954052449,2.0,86.21818892365438,0
0.601246060872092,0.7604351313986152,8.499042620153793,0.8499042620153793,1.0,34.85894116790977,0
0.8552665877694912,0.1762714770530096,5.838724245212231,0.5838724245212231,1.0,62.42159822501066,0
0.22860814847504807,0.8260282238168117,3.9651318539867697,0.39651318539867697,2.0,88.22137650485224,0
0.25050456832011425,0.7643476425442703,2.2970696980417804,0.22970696980417804,2.0,37.22559779218269,0
0.5917496554833497,0.16722660512267162,1.8315709599837737,0.18315709599837737,1.0,34.694709109813395,1
0.8101353991030706,0.758213670540954,7.9454629620152115,0.7945462962015212,0.0,85.83866330275903,1
0.8357884556087218,0.6609395288607538,8.829865570812247,0.8829865570812248,1.0,80.52987290966173,1
0.9762531306044371,0.9818201228208365,3.2408507002760856,0.32408507002760856,0.0,40.868310859047874,0
0.7622848745900411,0.7118288935648162,4.9461252423821245,0.49461252423821245,1.0,41.771293966025304,1
0.23274295129571776,0.39021745315347867,2.875016095171421,0.2875016095171421,0.0,84.11951683473102,0
0.23065055011683222,0.6200576431032383,4.552944011675521,0.4552944011675521,1.0,43.59538484502106,0
0.4455887449542437,0.6618722242886221,8.694913731115523,0.8694913731115523,0.0,39.358800443962814,0
0.6501507706156556,0.7456503331863745,1.3797455500158096,0.13797455500158096,2.0,88.9912393179689,0
0.5129920173382346,0.4686258464820481,2.9148602682835723,0.2914860268283572,0.0,82.3283967324662,1
0.06747296425313198,0.8276944308676665,6.952715704494526,0.6952715704494526,2.0,56.24605724531245,1
0.4819008144046957,0.286941774106135,3.1062578058466004,0.31062578058466006,2.0,70.69265704018973,1
0.8170986826756466,0.963340305787683,0.8115617242767026,0.08115617242767026,2.0,57.97580246524849,1
0.2403148124697746,0.310430637050514,3.7440528118402683,0.37440528118402683,1.0,47.840118301189506,0
0.6350326230174165,0.03754615660679639,6.763920002609853,0.6763920002609853,2.0,94.14214723923737,0
0.26971952085993545,0.20013491895340407,9.840049346013387,0.9840049346013388,2.0,65.46657759816796,0
0.5556690147738046,0.9274404214954216,8.921429949766916,0.8921429949766916,2.0,71.441668295876,1
0.7009788921361855,0.7900513802047434,5.618778356133606,0.5618778356133606,2.0,56.53745905255207,1
0.20722225196805655,0.43937087790180007,7.773331335088302,0.7773331335088302,1.0,62.548170094444274,1
0.7395471304108424,0.9051552956136079,5.71388175442821,0.5713881754428211,2.0,48.701697585268676,1
0.6765184892794367,0.24663305038124128,4.938970860034456,0.4938970860034456,0.0,57.903244043598065,0
0.3127599597010713,0.2335582438407614,1.706326036421597,0.1706326036421597,2.0,70.80769159593193,0
0.8949746940805734,0.12895830281975396,2.9216951745965014,0.29216951745965014,1.0,82.78805126637471,0
0.7805141492063066,0.4424322983233545,4.52106890548081,0.452106890548081,0.0,82.15155094094439,0
0.5211327832358867,0.5141256062777371,9.856036459704535,0.9856036459704536,0.0,30.74225949084278,1
0.08268459241635973,0.14514118577802126,6.0856238689849445,0.6085623868984944,2.0,64.76823806717354,1
0.4406215183689992,0.11460549588310509,9.448787310980919,0.9448787310980918,0.0,54.265571611348825,0
0.32985052701173667,0.3904518855390856,2.5868292238724413,0.2586829223872441,2.0,69.45785828043688,0
0.2624454099984308,0.23261887098555245,0.6897125732061327,0.06897125732061327,0.0,87.30877566140967,1
0.6435735613091605,0.5742639988926158,9.783750766120804,0.9783750766120803,1.0,80.37745511438392,1
0.9217301550984739,0.5243351902892015,3.296242891822355,0.3296242891822355,1.0,51.49759894566143,0
0.14655426116946668,0.16248350489611585,5.353061191396459,0.5353061191396459,1.0,78.045523630477,0
0.741637243915247,0.013277009681242347,0.7114294468219262,0.07114294468219262,0.0,36.5896098381316,0
0.6217148801976436,0.6447896631361855,8.603915435096205,0.8603915435096205,2.0,38.33020155825482,0
0.6670322578666731,0.7728854980792053,0.006800892946756676,0.0006800892946756676,2.0,44.661190952437614,1
0.845185565378266,0.4882727079107657,9.06011893669623,0.9060118936696229,2.0,55.983505984452606,1
0.3754538606753237,0.5755009427363602,1.653708640773247,0.1653708640773247,1.0,63.19418362801654,1
0.5795543556076959,0.9617114298971953,1.8347827863885524,0.18347827863885524,0.0,55.86003709962595,1
0.2768236082277892,0.7677038870168659,8.257994515569463,0.8257994515569462,1.0,70.80683047353077,0
0.28421162260412125,0.3338098704812119,3.8623042305920228,0.3862304230592023,0.0,38.071458636302715,1
0.5132824630769054,0.8503016738624661,2.5601782549530103,0.25601782549530105,2.0,63.89619933773022,0
0.007300149849204796,0.5484922386316943,5.9644103606909695,0.5964410360690969,0.0,47.7063476937848,0
0.24811529247660413,0.521934439252935,2.5441147827477426,0.2544114782747743,0.0,53.70216261134391,1
0.15162877630236482,0.6918719228842253,2.865474042366678,0.2865474042366678,2.0,63.07749324607538,0
0.11986792786356593,0.42948497897007454,0.45550333960988953,0.045550333960988953,1.0,38.62267793914834,0
0.3846286824495704,0.8807725361728636,5.394112796593747,0.5394112796593747,0.0,55.235173909552486,1
0.10436180916421589,0.167284430255898,1.2941910571057091,0.12941910571057091,2.0,79.44775618234752,1
0.15428928154006438,0.421913292194381,8.371213779342332,0.8371213779342332,1.0,48.04201078941499,0
0.6687156627149774,0.06486363440669385,7.510201351820648,0.7510201351820648,0.0,79.69690759520202,1
0.6513421237614814,0.7053942892632754,2.8545927469926022,0.28545927469926025,1.0,45.00902943719772,1
0.9450182299847637,0.27029522568132636,5.337785773483824,0.5337785773483824,1.0,79.02122376835146,1
0.9202732385733737,0.4254246725235322,5.773768915135781,0.5773768915135781,2.0,42.636001294723286,0
0.8739403475557881,0.886362206172885,6.664516950837736,0.6664516950837737,1.0,91.82893240973485,1
0.6909543613911864,0.1862855387106468,4.189207624183991,0.41892076241839915,2.0,39.9947680758341,0
0.26658936189550975,0.0022515283356350224,6.5253217147576486,0.6525321714757648,0.0,94.98988633452763,0
0.1781577409099543,0.5781198003438713,1.6938966498625796,0.16938966498625796,1.0,44.884345577663915,1
0.9494178212968695,0.43754524036749387,4.710187315656543,0.4710187315656543,0.0,76.16321300992584,1
0.9596289899897004,0.05496072712397437,0.9400626715564664,0.09400626715564664,1.0,49.83206459530744,0
0.5044345317099196,0.2962456738633735,9.410698046655295,0.9410698046655295,1.0,35.34211396485018,1
0.5484136781485891,0.23910602223064992,4.014093682864473,0.40140936828644735,2.0,31.617992232436436,0
0.005372879790123686,0.2606181319215207,6.174415001639943,0.6174415001639944,0.0,39.57362445604543,0
0.14858559632353818,0.789662383240353,4.898163421542902,0.4898163421542902,0.0,56.52488687343488,1
0.5459942985038032,0.304749804247191,0.2681756434188476,0.02681756434188476,2.0,67.71383975441928,0
0.18179311554388344,0.48962650325466006,0.6271349787556868,0.06271349787556868,1.0,61.103701566035205,0
0.47872934188874816,0.2655200843501361,2.6455624757823113,0.26455624757823115,2.0,70.97981283641214,0
0.7949158034236461,0.9505401743900457,6.749350593620273,0.6749350593620272,2.0,36.22865164912094,1
0.8007779616779764,0.7742138183858339,6.4143467327574974,0.6414346732757498,0.0,73.96773049261397,1
0.8616583120952008,0.42328261320897886,1.8794499124222852,0.18794499124222852,1.0,81.03693475871415,0
0.2357120744815414,0.7269833744293747,4.886132130782421,0.4886132130782421,0.0,44.99243571529488,1
0.43189727887590834,0.31482521759521076,3.670612170626847,0.3670612170626847,2.0,81.47447286905926,0
0.6268454192352685,0.08222988822649036,5.685442736555306,0.5685442736555306,1.0,46.25035740408663,0
0.5810860720353226,0.4305222037381311,3.3468632128158937,0.33468632128158937,1.0,58.86490131266803,0
0.9990731809890628,0.5645853549298914,8.961981008439107,0.8961981008439107,0.0,82.3775080899374,1
0.27628141620812763,0.3493546691890299,4.724185923720455,0.47241859237204553,1.0,74.66934694587835,1
0.07133945040814027,0.40153838819989984,4.265778370068195,0.4265778370068195,1.0,62.74257724665042,0
0.3878620112823603,0.7144288238428329,7.033262941678026,0.7033262941678026,2.0,54.02829765513429,0
0.5180135774814324,0.895447382059497,7.806877404185467,0.7806877404185467,0.0,66.63811144103697,1
0.3872392180356985,0.8941060429549513,4.37552710192457,0.437552710192457,2.0,63.785210819953306,0
0.3193641658044569,0.575691813806857,1.0896019707829452,0.10896019707829452,2.0,93.14372473193521,0
0.25725941565650334,0.6294903572890259,0.8508901473569708,0.08508901473569708,2.0,83.69987289758613,0
0.4274843605502877,0.5328112653478542,3.2687428756886474,0.3268742875688647,1.0,37.56799528005416,1
0.689202109396301,0.3712357187716151,7.325822761179959,0.7325822761179959,2.0,56.804843253588174,0
0.14886567032053954,0.7381596960372582,6.53638783834341,0.653638783834341,0.0,68.17497474166156,1
0.8655339228772806,0.11124528373300213,2.8773535438235265,0.28773535438235265,0.0,75.8485569499404,1
0.6411222386683301,0.8940141708902414,0.04393375631808416,0.004393375631808416,2.0,41.528517731758356,0
0.10737050322421748,0.28371946912397916,6.4267259979059315,0.6426725997905931,0.0,83.9995581979659,1
0.023519589270460495,0.21882215143711414,5.644003439964344,0.5644003439964344,2.0,70.94965984194853,1
0.051357077341508184,0.27399420734481583,7.724891914852918,0.7724891914852918,2.0,34.38340546488163,0
0.09036840040744876,0.8117169346276453,6.8616583113368455,0.6861658311336846,2.0,33.841366147226715,0
0.6435390776614515,0.2688945114379946,2.469002739348344,0.2469002739348344,2.0,74.60158616224275,0
0.9408565097912441,0.6095385840156123,7.3289937003398276,0.7328993700339828,0.0,79.1107271868819,1
0.13330344413132755,0.3431577679631066,4.863810871399712,0.48638108713997125,2.0,50.17696376813819,1
0.28433235011053315,0.6564037147125029,5.747767520213994,0.5747767520213994,2.0,40.527090494676365,0
0.8658507610402254,0.5916265413624162,3.569931875673312,0.3569931875673312,0.0,44.2893290739986,1
0.505673419432519,0.9977665226215087,7.905893341811501,0.7905893341811501,0.0,55.4946409584458,1
0.42713268584350295,0.31095599007540886,1.9608760616769538,0.19608760616769538,1.0,71.07189467927927,0
0.4732311277366086,0.3498073736878471,2.045393841141403,0.2045393841141403,2.0,42.20181356429808,0
0.1011204186829372,0.1987675510460507,2.3742608566830925,0.23742608566830925,1.0,81.43564851448502,0
0.21958960432884966,0.4639081721435214,7.895521873509292,0.7895521873509292,0.0,46.17677179778677,0
0.9620167198116965,0.8373602118408281,7.281038785618835,0.7281038785618835,1.0,82.62174943452473,0
0.6434248103411782,0.21099803562700103,2.695876173620333,0.2695876173620333,1.0,90.06230254994671,1
0.2862852303968495,0.9614098277203463,1.438846122927705,0.1438846122927705,1.0,40.67041398258269,1
0.9469776549163217,0.01315728279463102,0.2818969916985159,0.02818969916985159,1.0,89.65251621433032,1
0.39749526724885786,0.8051487301469052,6.838245230250029,0.683824523025003,2.0,75.84900307850698,1
0.14086396346811736,0.6916257417973615,5.388730865187123,0.5388730865187122,2.0,87.66735094188535,0
0.9653164558514888,0.905253473998943,7.0231435662294075,0.7023143566229407,1.0,52.5428064743824,1
0.6659315629353488,0.5218125114796617,7.082550995310121,0.7082550995310121,0.0,86.13796342289281,1
0.7528154707683014,0.6809643664063887,8.447760370354997,0.8447760370354997,0.0,60.99079790842787,1
0.02251182972768717,0.049424062033852745,4.159663289514125,0.4159663289514125,0.0,42.32825713210339,0
0.2831454347861464,0.39435519477869563,8.272741602415476,0.8272741602415475,1.0,94.7778246519405,1
0.9454276729059664,0.7706995567230701,4.357674920637221,0.4357674920637221,0.0,91.625006560886,0
0.15552550489836148,0.10898168635308025,7.0782141112396015,0.7078214111239601,0.0,38.113119517957415,0
0.8734776998916844,0.7823974029589774,5.511419496970155,0.5511419496970155,0.0,59.6527215085519,0
0.7704679556151881,0.3082733188006329,9.214247038965667,0.9214247038965666,2.0,94.10274289491511,1
0.3785175202562212,0.35298910795926897,3.7012845357613555,0.37012845357613555,0.0,65.64929940729009,0
0.8867230329336425,0.6473748579373649,6.898271290816247,0.6898271290816247,2.0,62.3107323346901,1
0.9227069185564959,0.07816397251941354,5.980949690553223,0.5980949690553223,1.0,42.69831000283968,0
0.8668668061899333,0.6246261010526961,9.986826687970034,0.9986826687970034,2.0,57.26896321255243,1
0.40748009714355704,0.9137239250720531,0.7726177437932358,0.07726177437932358,1.0,62.38261356713244,0
0.5871350527991224,0.09376427778132679,5.981088648771107,0.5981088648771107,2.0,76.41327104978892,0
0.30612900038304514,0.25299729508178104,2.3244314242534525,0.23244314242534525,0.0,59.25220663974885,0
0.1299531756479897,0.013681488807220421,8.841859381003447,0.8841859381003447,2.0,71.27426429979941,1
0.9021119123991012,0.517989997140969,7.944990068013981,0.7944990068013981,1.0,36.5985616116314,1
0.9811564386524861,0.7309601999119122,6.618393623193991,0.6618393623193991,1.0,79.64603443867207,1
0.058586088561150884,0.9263982097923963,4.80348608585745,0.480348608585745,2.0,30.21290538188652,1
0.6877375338467407,0.3680296052247869,6.812916984101966,0.6812916984101965,1.0,71.7400852501936,1
0.9492486540723544,0.1487512471907093,5.5433763140077765,0.5543376314007776,1.0,83.71038733614358,1
0.6079177153891758,0.02908456569282858,2.872990653055132,0.2872990653055132,1.0,79.84154212076653,0
0.047095686300618445,0.32500621525374296,8.194221545647133,0.8194221545647133,0.0,39.575633165738154,0
0.014913822687912415,0.5122278124886345,5.125760654387105,0.5125760654387105,1.0,84.87608485315145,1
0.5041023997582642,0.900773402914693,2.571191158068642,0.2571191158068642,2.0,35.1477283757707,0
0.9399450082104861,0.21645153173023146,6.643506370910624,0.6643506370910625,0.0,34.31321015063003,1
0.2788655970253009,0.7812991236574159,0.18641777829166206,0.018641777829166206,0.0,83.46943047238666,0
0.35032623951457476,0.48091984822586165,7.200893849599845,0.7200893849599845,2.0,41.86382580438397,0
0.7959940946863041,0.8675350159306906,4.703349939036938,0.4703349939036938,0.0,59.05883253522416,0
0.8016617030169488,0.8630651496556291,6.343142157707548,0.6343142157707548,0.0,90.88115822139277,1
0.9436390281376548,0.8576945926150895,1.572176388716241,0.1572176388716241,2.0,43.58264050432566,1
0.838671888322759,0.4013452249706534,7.182520664346251,0.7182520664346251,0.0,80.73794343664889,1
0.5939210600419571,0.346209454148508,7.2327608476742125,0.7232760847674212,0.0,67.9885880764497,1
0.9387546002316552,0.20728863420430477,7.415905638072333,0.7415905638072333,1.0,56.37022439620935,1
0.6144180746409693,0.22842902519499364,4.671998605201935,0.4671998605201935,2.0,59.84999877130465,0
0.6015791671884556,0.6162292654815128,6.405063924226293,0.6405063924226293,2.0,56.67018711856067,1
0.015502540725377933,0.9619411783787651,5.49255217704818,0.549255217704818,0.0,83.77469835921451,1
0.4554572109936815,0.6059588560606095,2.3307984619236755,0.23307984619236755,0.0,82.90905991695608,0
0.04295117775196666,0.41231748268040036,0.2302286822474997,0.02302286822474997,1.0,54.272284205797256,0
0.8987695645180177,0.24242200610142373,4.135768382239383,0.4135768382239383,2.0,75.32116086007743,1
0.010470612891250397,0.6519694932222345,8.149170497558506,0.8149170497558507,0.0,64.57135930517703,0
0.3070019022311411,0.21094538860603085,3.2223743921587076,0.3222374392158708,1.0,78.63420778298006,0
0.9950666241850902,0.09337606511665508,7.490018366632071,0.7490018366632072,0.0,33.25301618741952,0
0.795065031045706,0.09353998950407705,6.396655074830933,0.6396655074830934,0.0,51.842228195176595,1
0.7576690514427274,0.8504593713023925,3.5326400405613887,0.3532640040561389,1.0,51.82741144772924,1
0.7128807265233112,0.38225561702665634,0.005755643648684972,0.0005755643648684972,0.0,68.79279614629048,0
0.051240521868622046,0.9403401010245079,4.310061908778651,0.43100619087786507,2.0,43.49636226003286,0
0.28819965824367166,0.496741779588298,3.928502035080208,0.3928502035080208,0.0,64.56010055306564,0
0.7984534046530603,0.6915060838285261,1.3874263854506041,0.13874263854506041,2.0,93.6908691906338,1
0.8955519443557134,0.8269517146477149,8.187276410748112,0.8187276410748112,1.0,32.82788553751264,0
0.3500559587159522,0.8744891729976344,9.554826507205103,0.9554826507205103,1.0,62.72384820839947,1
0.25941623929411406,0.1625494755595832,1.212429613181033,0.1212429613181033,1.0,38.988742594631496,0
0.23589533465987567,0.21667341741020552,2.3094116960118685,0.23094116960118685,1.0,67.85608095146169,1
0.5480638870993205,0.1500916792149417,6.324968491162226,0.6324968491162226,1.0,45.656084170873974,0
0.29148683973238276,0.4455505905298658,9.50862012535074,0.950862012535074,0.0,88.6630734229675,1
0.02133679220599649,0.15503454292007335,9.339993041214989,0.9339993041214989,0.0,50.66941358377001,0
0.39074988632881247,0.6508653750142246,9.31344216349608,0.931344216349608,0.0,92.29033131033552,1
0.5537334995052945,0.36282693333933735,4.401449796485302,0.4401449796485302,0.0,30.26875873869966,1
0.6342430608903997,0.9640715200591846,9.859027955128719,0.9859027955128719,0.0,84.08745692578128,1
0.3429547129299222,0.8165871862280782,3.6466328819960347,0.3646632881996035,0.0,47.009438497923156,1
0.31389204441476715,0.7242801116381316,0.8669936392175137,0.08669936392175137,0.0,43.10546091571506,1
0.28387675062004103,0.68871267852973,7.044391667274529,0.7044391667274529,2.0,87.46946662691101,0
0.6233253821471302,0.03960521816735485,5.561844399927647,0.5561844399927647,1.0,49.78430705029813,0
0.2836253476467633,0.08368559531676201,7.994464661940718,0.7994464661940718,1.0,67.95209732284891,0
0.9168528163843892,0.43211098828575545,6.211078160177004,0.6211078160177004,2.0,77.8906701402685,1
0.2816873804065153,0.9147001311628321,8.206468947877074,0.8206468947877074,1.0,57.2481119793328,0
0.7909359795514539,0.09402818194241236,3.4389133128696745,0.34389133128696747,0.0,36.58696822278033,0
0.319731045770296,0.42013947312787736,2.8793693882318747,0.2879369388231875,2.0,89.95190776653989,0
0.63474063888877,0.7939149132691952,7.572463098299914,0.7572463098299914,2.0,72.08755833724142,1
0.699015725538267,0.3197928002295143,4.977187262279161,0.4977187262279161,0.0,88.00583276602306,1
0.17437334985934694,0.9293823888051495,1.793953635794594,0.1793953635794594,2.0,79.9022347804242,1
0.3799660421161717,0.9346998322993574,3.7501919530276764,0.3750191953027676,0.0,80.30881139140917,1
0.12758200780677997,0.05697398553351096,8.006576153465604,0.8006576153465603,2.0,68.34236151986572,1
0.5106556428662941,0.6164030372427944,9.239221814222736,0.9239221814222736,1.0,30.402603637226928,0
0.9094206183899607,0.14557210405749277,7.603222714762527,0.7603222714762528,0.0,87.37279144632468,0
0.5962358357643283,0.44101072462808844,7.181252553305062,0.7181252553305062,2.0,84.01007449304836,1
0.7016601285404885,0.8978044341647407,8.116479498464068,0.8116479498464069,1.0,77.25557845995814,0
0.2830538367219707,0.07336705711901514,2.0053027737442184,0.20053027737442183,2.0,87.0803605398914,0
0.46822555687155964,0.9373605837588372,5.795811605320022,0.5795811605320023,0.0,41.97352411565541,0
0.7407787703679627,0.9944602217552688,5.941857347642565,0.5941857347642565,0.0,48.32082186065604,0
0.13130148396140207,0.6702456478501859,9.459329315828608,0.9459329315828608,1.0,40.21289514665497,1
0.12170839705967351,0.35627165702305064,0.15304545302492478,0.015304545302492478,0.0,72.03022267211726,0
0.22443460397408155,0.2510126608877947,9.705230061166063,0.9705230061166062,1.0,58.49547399287247,1
0.2367995647586637,0.43260768907577274,7.260739282905505,0.7260739282905505,1.0,36.671868194864075,0
0.9623979339150525,0.17982661637882236,0.22438424178080507,0.022438424178080507,2.0,67.4164064206463,0
0.1586084300587799,0.0200564974257863,5.18812552607741,0.5188125526077411,0.0,52.03407415833854,0
0.1051548054753827,0.06273862611817704,0.6978429751691173,0.06978429751691173,0.0,61.88301201883964,0
0.1376825116362862,0.6635656019988428,6.033947600323524,0.6033947600323524,2.0,46.9898216384658,1
0.20291104383999237,0.020755515349490272,4.5160720808232755,0.45160720808232757,2.0,40.47466792399337,1
0.3687196116617114,0.30146175406595843,7.724262649439826,0.7724262649439826,0.0,59.30293734985368,1
0.19715340541225657,0.6763893883851917,5.7942888235971886,0.5794288823597189,2.0,44.69964406073132,0
0.08780017856236155,0.17477788614024037,7.863803581620818,0.7863803581620818,0.0,56.32588360087145,1
0.13661824726527239,0.33227701651987507,3.6878610177897486,0.36878610177897486,2.0,54.84789561290067,0
0.7896680236483534,0.03144160122980366,8.568870177975285,0.8568870177975285,0.0,91.12763177141234,0
0.5200755468873728,0.11242249713100771,8.663062078001735,0.8663062078001735,0.0,42.14489806205121,0
0.745881096617865,0.2259252279613866,6.554387258604235,0.6554387258604235,2.0,48.61875284001905,0
0.1766994126569068,0.126176894408496,2.6371733720600696,0.263717337206007,0.0,81.47117985944166,0
0.3051726831269679,0.4720599426608848,9.914308463813398,0.9914308463813398,1.0,49.23105517693992,0
0.9823054493384537,0.12694747576923826,8.177336287077678,0.8177336287077678,1.0,61.21709651350046,0
0.08566817968915053,0.30518203274449873,8.516517128604331,0.8516517128604331,0.0,79.52656294754655,0
0.4386703838244995,0.7235683146945461,0.11551240350734182,0.011551240350734182,0.0,30.28519662106074,0
0.29577061871041865,0.6538527394976348,8.261445320930985,0.8261445320930985,1.0,92.17633618846733,0
0.007334470958646033,0.3829990823081414,2.1776057402407254,0.21776057402407253,1.0,60.08414794967728,0
0.5524518707637831,0.931088057325205,5.08256239034576,0.5082562390345761,0.0,79.36423430323637,1
0.5500053017795612,0.7872225489811194,7.042855532033893,0.7042855532033893,2.0,89.85247192945418,1
0.32046063037951167,0.6071765576567862,4.102922438549398,0.4102922438549398,0.0,86.99227299386152,0
0.47225855923554116,0.43677870209338976,2.436233782228191,0.24362337822281913,1.0,44.32463336143498,0
0.3919475357780793,0.06003617908569581,5.001818889137612,0.5001818889137611,2.0,66.0871719795321,0
0.46420570355017443,0.41285273232647934,2.997662170612166,0.29976621706121664,1.0,56.69256193864649,1
0.8480485661807511,0.5452662504366936,6.153206818372273,0.6153206818372273,2.0,64.60356992488474,1
0.7139733072056053,0.9910175143294473,1.0970686917201422,0.10970686917201422,1.0,80.67599698840755,1
0.2802446238579698,0.9516063069240625,4.083174917600999,0.4083174917600999,1.0,53.041144255626996,0
0.23954099544184837,0.11221157996998654,5.91602613012317,0.591602613012317,2.0,61.018630977899896,1
0.7252176527449341,0.9792661415838638,9.905214557530986,0.9905214557530986,1.0,69.51864726106557,1
0.22451479543464115,0.7546176298564561,4.954577700907798,0.4954577700907798,1.0,47.58662048055459,0
0.9075858638684684,0.6819356566773892,4.258859464417637,0.4258859464417637,1.0,69.42930677445891,0
0.8328164938698006,0.9035609664286015,9.892125642413262,0.9892125642413262,0.0,39.679301608063476,0
0.2525190475610031,0.32505547746244445,9.2538498954969,0.9253849895496901,2.0,70.40701162698515,1
0.80150025293073,0.3993028234965632,6.729667568208702,0.6729667568208703,1.0,39.31005866812564,1
0.19134751562751728,0.8709469515282927,5.4477330035839415,0.5447733003583941,0.0,80.41789712955996,1
0.024861012795855064,0.10399130072991469,2.7089533760884565,0.27089533760884565,0.0,42.611375071644886,0
0.961120605556533,0.7091598472198466,6.238527814987821,0.6238527814987821,2.0,71.99769147605465,1
0.7613506643922655,0.809822190492638,8.339734200395608,0.8339734200395608,1.0,67.77785873943046,0
0.48902341701045027,0.8850629530438724,9.815866469317356,0.9815866469317356,1.0,57.64654357890342,1
0.8432094186501767,0.21917279132258594,1.7097080931872366,0.17097080931872366,1.0,71.95485609188171,0
0.07582133971997962,0.6792464912077797,2.740565590107069,0.2740565590107069,0.0,85.0235417282529,1
0.7396824379760043,0.08571796558783784,8.844258619881087,0.8844258619881087,0.0,37.810994448691886,0
0.9563257341391642,0.8609623315819604,8.60965103778436,0.860965103778436,0.0,73.96788385022339,1
0.8185906860311618,0.48179937317870025,7.166588265313553,0.7166588265313554,2.0,56.65806679707124,1
0.43167571065827315,0.6241649839313531,1.0373128931194786,0.10373128931194786,2.0,73.80510763793394,0
0.34631092662406215,0.8513754069509892,7.062553576291646,0.7062553576291646,0.0,86.8774554434761,1
0.8924159132333745,0.5060237394825966,4.690590960893698,0.4690590960893698,2.0,72.4344415354379,1
0.29150705003575994,0.5086585237920649,3.7125115995436007,0.3712511599543601,2.0,40.38879139542217,0
0.9374481816230134,0.4646561222796731,2.5068640552784203,0.25068640552784205,0.0,57.04871920451842,1
0.31984949580913,0.6006931236201671,3.179806560194808,0.3179806560194808,1.0,65.7141624417013,1
0.1250148121720992,0.7173232448075453,5.357929591924245,0.5357929591924245,0.0,38.247000509432496,0
0.23588987206434608,0.8051682351922134,1.619498362790961,0.1619498362790961,2.0,71.83472179255429,0
0.5194832853708699,0.02980348889101514,5.093054584941635,0.5093054584941635,2.0,76.36072380316286,1
0.13110603773368246,0.34807726954488594,0.48203307004317963,0.04820330700431796,0.0,79.56349675040143,1
0.3799571557972079,0.43252752393605387,4.106369882555386,0.4106369882555386,2.0,37.79364262306381,0
0.9058556494464275,0.09869339572502811,9.600264623859571,0.9600264623859571,0.0,75.83435710011811,1
0.09388764264635441,0.7516213228836478,7.38975138280024,0.738975138280024,1.0,53.80195053370947,0
0.614544224635485,0.5228757178316474,0.6860207539155394,0.06860207539155394,0.0,43.729828150894996,1
0.4037646323269304,0.0018827823469366178,6.878362350014187,0.6878362350014187,2.0,64.0824949651179,1
0.6474548524099921,0.6313719432525183,1.961131651802197,0.1961131651802197,0.0,67.22673158422067,1
0.48960809003871686,0.3390219969909837,4.741643730775617,0.47416437307756165,2.0,59.68966112407204,0
0.8767050371250509,0.7268543453136473,2.9416851125352173,0.2941685112535217,2.0,84.65493279918057,0
0.4024982620430191,0.1796951386455432,9.34161025095654,0.934161025095654,0.0,40.12679443695513,1
0.5084285081477706,0.0012094969452912663,0.5444016502150828,0.05444016502150828,0.0,56.46497721808451,0
0.13013705359215888,0.0868239201728519,8.809580391642925,0.8809580391642925,0.0,47.356058075222165,1
0.49030659108593955,0.44040007604098264,7.0137866863501195,0.701378668635012,2.0,33.17201078533403,0
0.11473084655374288,0.7480097448749862,3.627891688783891,0.3627891688783891,0.0,52.039161524118185,0
0.5831298720107719,0.6039140349727535,8.796425488406891,0.8796425488406892,1.0,76.6749185736915,1
0.42739375761231724,0.014966600512466677,4.063028663434101,0.40630286634341006,2.0,64.0111862401817,0
0.7833710034078178,0.5916082923816323,6.983700415299322,0.6983700415299322,0.0,57.21852492319679,1
0.41847697746269286,0.48217352273807057,7.878654671621859,0.7878654671621859,1.0,60.855810687662554,0
0.6305954190574616,0.7965450225460828,2.8639094672815455,0.28639094672815457,0.0,50.31262455537315,0
0.05899237004080693,0.2566660944181641,0.7225576250809995,0.07225576250809995,2.0,37.94062867043595,0
0.710018461695337,0.7189313052814318,8.681258499127756,0.8681258499127755,1.0,68.37793479266054,1
0.9574337821619482,0.6317767535481437,2.312872520810363,0.2312872520810363,2.0,83.00051331339043,0
0.44777873178260863,0.6229911252854059,9.3180700050296,0.9318070005029601,0.0,81.2884609462782,0
0.009849057121969151,0.40555543952883977,3.150396858354547,0.3150396858354547,2.0,45.16721657562871,0
0.6036466558076576,0.012848309122307056,4.148958421182751,0.4148958421182751,1.0,58.22869827100516,0
0.1451772747875063,0.18764229178860936,4.303101911947795,0.43031019119477953,0.0,65.88794817128111,0
0.46796846996839503,0.8442495197291002,4.678891953194206,0.46788919531942064,1.0,82.15939226311384,1
0.03245565215705648,0.6168442108887459,9.62762457376015,0.962762457376015,0.0,42.77297663091921,0
0.44281163984417216,0.5781407668342992,2.4508682900964915,0.24508682900964915,2.0,38.595066308525,0
0.8744858554695166,0.5256910991971699,6.082739975075578,0.6082739975075577,2.0,90.55553212686233,1
0.1353867585374926,0.07693152126406666,2.9413115483039287,0.29413115483039287,2.0,39.47178832242396,0
0.49832572302171974,0.3476693083007718,1.309301791931633,0.1309301791931633,1.0,94.2921257761627,1
0.2538720745845844,0.6191498171601391,2.8877206593556215,0.28877206593556215,2.0,68.93328067474773,0
0.2610306438910722,0.12555009140970608,5.524041081544418,0.5524041081544417,2.0,62.434891000127735,0
0.6433030860933874,0.9209941051311178,6.069899614577521,0.6069899614577521,1.0,42.28108143985971,0
0.7482772154672348,0.07264803377657858,2.6372133106836437,0.2637213310683644,0.0,85.93292374775511,0
0.8732853572716655,0.6797860385434875,9.873144462951407,0.9873144462951406,0.0,41.19073082029583,1
0.27824620433362446,0.30124198493988796,3.627425178420094,0.3627425178420094,1.0,56.082415243592095,1
0.07077623685520162,0.8636746147813341,8.320379329108242,0.8320379329108242,1.0,33.12224109404653,0
0.44228219219476395,0.8268370125444657,0.35033881259548316,0.035033881259548316,1.0,31.465614569337745,0
0.584591270821079,0.333211334066676,6.9521807473333075,0.6952180747333307,2.0,77.42246750225384,0
0.7395805872893769,0.46211328319002865,3.0346257315353418,0.3034625731535342,0.0,43.5032817482937,1
0.7560716873516687,0.9591113982195408,5.368891823277729,0.5368891823277729,0.0,69.05141035616163,0
0.8636172245285068,0.6079016963543981,8.366034345893086,0.8366034345893085,1.0,77.0212898365503,0
0.031164263459427577,0.006002330236535625,7.2484452577853355,0.7248445257785335,2.0,61.966132170910996,0
0.980998060339783,0.7772411411402442,3.5963357750932667,0.3596335775093267,2.0,72.66803629516845,1
0.9668156698109397,0.36131397666074694,7.324794635900412,0.7324794635900412,2.0,45.67465280711072,1
0.03554705944146086,0.2758407357387491,4.139974963758613,0.4139974963758613,1.0,83.16103090221044,0
0.3132955326099772,0.8321409052628596,0.6348638661684058,0.06348638661684058,1.0,43.40520719329588,0
0.7655426232735273,0.9675271668582736,6.655849197813264,0.6655849197813264,1.0,68.38988602166218,0
0.4785103801111311,0.06204007495747221,9.368161981059428,0.9368161981059429,0.0,84.33111383736563,1
0.0046417275536616565,0.39035622476837095,0.8365226315180241,0.08365226315180241,2.0,81.55803864668586,0
0.3547157882152502,0.27971512769956464,6.876253016884915,0.6876253016884915,2.0,33.33253483236807,0
0.5789389440040271,0.897753931264707,8.397339994971507,0.8397339994971507,2.0,53.86686038159044,1
0.8795801241408251,0.8676949634696878,5.9663259767409755,0.5966325976740976,1.0,85.41760996054158,1
0.8292515159251966,0.9011171349524765,4.85402248595155,0.48540224859515496,2.0,85.31111387576419,0
0.94631940873201,0.04265962626790809,2.3721193288703537,0.23721193288703538,0.0,71.36660608910235,0
0.4679281854921926,0.05010974591185968,1.9385153216680417,0.19385153216680417,1.0,37.05452731201306,0
0.7982738056814077,0.5514003846911474,3.962965588100016,0.3962965588100016,0.0,56.27737322093046,0
0.10073559295507228,0.1669014948196632,6.412879915600859,0.641287991560086,1.0,92.47488195594863,1
0.518457871155671,0.11265857716514693,3.146721058229931,0.3146721058229931,2.0,36.92501538371372,0
0.9165807641779461,0.26035835485432623,4.884058991988519,0.4884058991988519,1.0,82.09121921046476,0
0.8388476083147463,0.7094006048114666,5.9998932320295815,0.5999893232029582,2.0,57.15835316057219,1
0.6556098493790649,0.6716540746205996,2.0997962730307673,0.20997962730307673,2.0,78.40815706430351,1
0.14920332167250494,0.7851921238534788,7.413952607915885,0.7413952607915885,0.0,33.53023321176237,1
0.18208125986304036,0.06275277995661754,6.286487747909293,0.6286487747909293,2.0,30.670440690928036,0
0.6786522809520059,0.7664132700177704,5.9183392509160555,0.5918339250916056,0.0,49.540847667816124,1
0.3255678198210009,0.49061752173393003,4.781112574856056,0.4781112574856056,1.0,86.5616825626949,1
0.32944794737219074,0.3129952135017948,3.64805731982903,0.364805731982903,1.0,74.1869896954945,0
0.8476227864658809,0.6102846150111396,5.488135270661735,0.5488135270661735,0.0,69.76854455521439,1
0.020467132685048073,0.7995301384036989,7.657315614985112,0.7657315614985112,1.0,94.8491655136551,1
0.39251787301599905,0.10387497259611234,7.060103624017229,0.7060103624017229,2.0,52.57422902546913,0
0.23822048960093034,0.8072924272984444,7.37711479298795,0.737711479298795,0.0,85.26639748983716,1
0.02710027697473749,0.5694398836357374,2.094174886995895,0.2094174886995895,0.0,37.12825264245539,0
0.21657313074174223,0.6200540282198224,7.796846335409765,0.7796846335409765,1.0,41.09723085313631,0
0.18424749447884425,0.878952161892939,3.354122222553375,0.3354122222553375,0.0,61.076285652740424,1
0.5044742447124864,0.7099875914808582,2.3308193873142056,0.23308193873142055,0.0,92.36615756430292,1
0.4351917304595272,0.5835241641873906,1.2155112318136785,0.12155112318136785,1.0,75.72118194705,0
0.4716995255282269,0.3360226502696193,8.303273985889655,0.8303273985889655,1.0,37.314464569883995,0
0.8779112919217135,0.510310161543248,6.2319733946305975,0.6231973394630598,2.0,92.06897535504918,0
0.4944283716878617,0.8365665885601204,8.413059291625597,0.8413059291625598,1.0,79.77169821003605,1
0.639004704511155,0.9956072249239818,5.614158049480727,0.5614158049480726,0.0,77.87947766567032,0
0.6474832829397649,0.7561521154010431,8.602804437794484,0.8602804437794485,1.0,65.84679306438134,1
0.5168743957036672,0.7901625650335776,5.565712305987622,0.5565712305987622,0.0,55.57963646457813,0
0.3047742817667114,0.6994180509977496,6.458445715392559,0.6458445715392559,0.0,37.14334657895391,1
0.9031586001031727,0.766950489723654,0.5636055398076967,0.05636055398076967,2.0,70.28653799557547,1
0.43817551974500635,0.24317965267470953,6.696586695724378,0.6696586695724378,1.0,38.299882740596665,0
0.571127982816141,0.42383297307742795,5.9771164595708095,0.5977116459570809,1.0,68.34645894557222,1
0.5591443247039303,0.5559959842656582,2.4207620431064605,0.24207620431064605,1.0,65.0771675928635,1
0.8276380417487161,0.5494641303373318,1.127338223407891,0.1127338223407891,0.0,68.77408395866176,1
0.5346208349767076,0.5972677921803481,3.471848063811306,0.3471848063811306,2.0,83.74098019101545,0
0.456902882691992,0.9735347929297427,0.6018270872253251,0.06018270872253251,0.0,56.726553830300006,0
0.4600610249439213,0.8552705359214411,6.008292549165512,0.6008292549165513,2.0,58.37886773915947,0
0.779948594163636,0.8278331918064396,5.459429216709938,0.5459429216709938,2.0,33.898689905375065,1
0.32997510807831465,0.8303701441260827,9.178155610332244,0.9178155610332244,0.0,48.703087753989514,1
0.9348511403931588,0.7933332020312133,5.175616088081992,0.5175616088081992,0.0,35.266438915431394,1
0.8466039575677619,0.6792035097385722,7.297306384076884,0.7297306384076884,2.0,39.21428555311153,0
0.13834759930001084,0.2565425172381697,6.639850757895019,0.6639850757895018,0.0,57.74178666613125,0
0.31723902099348666,0.8557665878555027,6.996638831691006,0.6996638831691006,0.0,56.46759900691502,1
0.9056198658845908,0.2797308323725749,3.1365217159238856,0.31365217159238856,2.0,90.83073982214736,0
0.2783713493015192,0.7248885772208093,4.153500897410431,0.41535008974104304,0.0,37.75579956868874,1
0.317658255261991,0.11098371264216811,1.1976964923816968,0.11976964923816968,1.0,39.704671124805884,0
0.2174559853588658,0.5472784925724106,6.504722163881375,0.6504722163881376,1.0,78.8063100607263,0
0.05439405336382597,0.3188005857853379,3.0243783270250315,0.30243783270250313,1.0,31.455909078830103,0
0.4784561275896635,0.7044572455846312,5.487925107660288,0.5487925107660289,0.0,72.31151445844935,1
0.7548530158055845,0.8552867858379731,9.215237329129579,0.9215237329129579,1.0,78.59147319592367,1
0.6599974087909344,0.015527165642128304,6.8291414902633445,0.6829141490263344,1.0,70.88415356396358,1
0.027624972190729014,0.11432191651613877,2.6766617279104885,0.2676661727910489,2.0,48.707322633421974,0
0.523382906365087,0.9255168239556865,5.146471759569669,0.514647175956967,2.0,36.73315373262502,0
0.330289136194568,0.23927099621173908,6.02176888164742,0.602176888164742,1.0,94.62132555588887,0
0.6417886858194919,0.730789413745202,8.501534755757485,0.8501534755757485,0.0,85.85802637430315,1
0.40515982424475283,0.812546705538397,7.937612040530255,0.7937612040530255,1.0,77.49137157017817,1
0.980530085299624,0.740550330863724,3.152356784160091,0.3152356784160091,1.0,42.15762215149258,1
0.8284501663357349,0.032107327357030147,9.196416200143391,0.9196416200143391,2.0,58.009149632265476,1
0.7003709126549854,0.7354236406812185,1.4738798247467455,0.14738798247467455,2.0,76.13828623700181,1
0.5156670613199139,0.9615712399895218,2.760882333466883,0.2760882333466883,0.0,36.59310078212662,0
0.591112878071226,0.3687931708237717,0.3386440605220431,0.03386440605220431,0.0,92.2263183064394,1
0.4421355383257003,0.7102551175332874,3.112635601686696,0.31126356016866963,1.0,92.09013787354586,0
0.7946571708495477,0.27646970417853256,4.140485054517575,0.41404850545175753,2.0,39.78218636003626,1
0.9082341371868959,0.99745536011552,2.413082616647154,0.2413082616647154,0.0,42.808692299008804,1
0.9990951134240695,0.2083400399926233,0.12612160254789395,0.012612160254789395,1.0,53.66496504423777,0
0.5988302984380433,0.3055659796541321,0.10514271010912402,0.010514271010912402,2.0,59.29448192326717,0
0.6818854297359307,0.16790558797922506,9.239660231511285,0.9239660231511285,2.0,58.64781963967906,0
0.3998625121499564,0.9551772744650701,7.348063257501448,0.7348063257501448,2.0,74.73327030950324,0
0.008473197246793962,0.5714263771883487,6.983952804216833,0.6983952804216833,2.0,60.56379501979292,1
0.7032367692400725,0.24698496011081128,7.8573389974717545,0.7857338997471754,2.0,41.97649354157552,0
0.9340354350671937,0.13450566576144252,6.94189427361615,0.6941894273616149,0.0,46.96645193282685,1
0.8596245512657803,0.8748068153120427,0.6145743500496126,0.06145743500496126,1.0,56.727699135225905,1
0.8786207730891578,0.06265958548664863,9.257309338599093,0.9257309338599093,2.0,63.75438704635382,0
0.4021259450735033,0.6432630158673487,4.288106713211546,0.4288106713211546,1.0,89.99607701440102,1
0.7135515303922504,0.6101287139436269,4.534268083324953,0.4534268083324953,0.0,36.25384209376259,0
0.6384299793312465,0.7717949574519548,8.865695293924508,0.8865695293924508,2.0,82.28193836364835,1
0.5409348060659558,0.6818462226876943,2.0450295413072705,0.20450295413072705,0.0,50.20568133849792,0
0.15161982246673567,0.8364751699572495,3.128195601225233,0.3128195601225233,0.0,77.25681630585827,1
0.5754420573436739,0.038031418936921746,8.550117940548043,0.8550117940548043,2.0,46.78673684500458,1
0.29859092242465535,0.4302913371975009,5.196614914978451,0.519661491497845,2.0,55.03438436325109,0
0.703589169812442,0.08096609838839697,4.201498298699321,0.4201498298699321,0.0,58.81169198695299,0
0.944852427972717,0.40521731726144516,9.54562212572338,0.954562212572338,1.0,78.80034893115148,0
0.7276578026042125,0.5608257491744142,8.887172929824889,0.8887172929824889,0.0,40.80654566364256,1
0.2595289144711459,0.5937748663777368,8.87389490179435,0.8873894901794349,1.0,52.52590083430593,0
0.4652478405402879,0.9247682894237031,2.122021837687652,0.21220218376876518,2.0,64.35583741175607,1
0.5648657151153277,0.9217221150930462,8.438969321854481,0.8438969321854481,2.0,72.7435204428856,1
0.7261528309340542,0.30978659702514943,6.5669434148233785,0.6566943414823379,0.0,34.9445098656865,1
0.1478475106234982,0.6990687224099986,6.915275195804565,0.6915275195804564,2.0,36.15720586092081,1
0.525592524081993,0.7127073825007638,0.478307207771691,0.0478307207771691,0.0,76.70121768312445,1
0.8601364880580511,0.9571519883487187,5.5573453206941,0.55573453206941,1.0,53.79967528525194,0
0.027588052000675267,0.08393421459434225,2.18561351728348,0.218561351728348,1.0,40.765010602875506,0
0.7275803661277624,0.6171515596199678,9.271158322707079,0.9271158322707078,1.0,47.108084263625656,1
0.8804364963645592,0.40726356913638806,5.616327130323776,0.5616327130323776,2.0,68.88395120214108,0
0.7957637065184864,0.34732823158767123,6.17389880457384,0.617389880457384,1.0,91.96426965562857,1
0.9318391190356681,0.617494114186644,2.4328494401467236,0.24328494401467235,2.0,77.5742501816834,1
0.7827104879848178,0.2795369870540506,4.213761173984438,0.42137611739844383,1.0,81.80869931087248,1
0.5180231672341924,0.035866574685942454,5.29401567573217,0.529401567573217,1.0,69.54915660326316,1
0.47693428707908236,0.7777926568142478,8.12040179188615,0.812040179188615,1.0,54.12679685163328,0
0.03183968017058614,0.08679758845097996,6.115867322380646,0.6115867322380646,0.0,92.54352739953617,0
0.01859936708065968,0.32819825866084507,1.1303671881477395,0.11303671881477395,2.0,35.282794876476146,0
0.6394688851748314,0.5949259029462828,4.5078117106675855,0.4507811710667585,0.0,82.56033753211251,1
0.27540251446294894,0.6237359316552902,2.955227246330936,0.2955227246330936,0.0,46.78761794891679,0
0.30709536276173355,0.6662650746758791,5.389158254824645,0.5389158254824645,1.0,69.51079241580501,1
0.8070656572334951,0.9945035366888239,4.69835104259105,0.469835104259105,2.0,93.85511486066574,1
0.11127138914431478,0.4013871179669336,0.22328106618920707,0.022328106618920707,1.0,84.74895797529898,0
0.2838346282521319,0.1374944309957966,2.075169199009302,0.2075169199009302,0.0,85.25914018752474,0
0.6850385736247737,0.13794907313700056,6.600789048991993,0.6600789048991993,0.0,83.4994155787407,1
0.0305662261169114,0.5102486340934972,5.4432918555416485,0.5443291855541649,2.0,59.49659317985292,1
0.5197892172528623,0.38373945734428183,0.5328133291964754,0.05328133291964754,2.0,55.54839507786952,0
0.085460922278071,0.9131636853905548,5.97667302211171,0.5976673022111709,0.0,63.70571881492405,1
0.7616567818180858,0.5109318028955862,5.032561254448243,0.5032561254448243,2.0,48.53232831442887,1
0.6345824456654288,0.4519540612939037,1.5020155789959988,0.15020155789959988,1.0,61.07937764656448,0
0.6085519464397285,0.8623569733223475,0.019592665721701596,0.0019592665721701596,0.0,38.24174572953408,1
0.22128505568061763,0.7961083429526311,3.354162496664046,0.3354162496664046,0.0,88.01473011611418,0
0.724698699867491,0.7138789226370744,7.796932643503073,0.7796932643503073,2.0,77.81859592173552,0
0.3016791546303398,0.5273545264123685,1.3303015384907002,0.13303015384907002,0.0,34.03198948611241,0
0.570814786812443,0.2346721291036542,9.444316778021658,0.9444316778021659,2.0,72.89668418544855,1
0.09202974758742832,0.5674745715532731,5.424534970269094,0.5424534970269094,1.0,79.31536387591095,0
0.09608651881807295,0.11576517062214953,7.583949059242999,0.7583949059242998,2.0,86.00477465416034,1
0.19399023011316707,0.5368124166009023,9.76854126411326,0.976854126411326,1.0,51.3931285112651,1
0.2160050613673441,0.8514411522139269,2.6265150012195146,0.2626515001219515,0.0,70.99777245212402,0
0.12643242343667038,0.515012911427401,5.8285733752990065,0.5828573375299007,1.0,47.94562174051429,1
0.11824844804107892,0.06847628372227665,3.4065713252127394,0.34065713252127394,2.0,85.1772441892199,0
0.8790310029063609,0.03131793187129117,0.8454585195901798,0.08454585195901798,2.0,86.88539499728972,0
0.554633397414084,0.8604888349153831,7.935016973285497,0.7935016973285497,1.0,34.9759422731747,0
0.622177025389934,0.22428347583814645,0.12086469367959318,0.012086469367959318,0.0,48.52966471426129,0
0.28782176451057484,0.525699016683765,8.68834961448951,0.868834961448951,0.0,36.682701122928364,1
0.055487369327944736,0.7767889594606857,7.945525221977258,0.7945525221977258,1.0,55.919457482436,0
0.9682737338557164,0.25321106461850384,6.384006028207482,0.6384006028207482,2.0,30.334693053516418,1
0.054028141521615614,0.73744618205427,5.911399140808799,0.5911399140808798,1.0,80.88348908376115,0
0.8226265404506604,0.07529255093067655,8.456605085269677,0.8456605085269677,1.0,58.04436664133173,0
0.6650864317103624,0.7486132892719988,0.5570500519396859,0.05570500519396859,2.0,64.72897197039507,1
0.40752101446107525,0.06398995109213379,7.363903265498717,0.7363903265498717,0.0,78.27016817377185,1
0.7465973038478437,0.2771395652808467,1.804193868175069,0.1804193868175069,0.0,76.30105140778652,0
0.7647323818546362,0.256704224299947,0.20354166128724205,0.020354166128724205,2.0,50.4530443115174,0
0.8782917643507749,0.8914149513457883,3.1229011219239866,0.31229011219239866,1.0,80.87987840714324,0
0.5449253117434986,0.5344800066868486,3.271689734229578,0.3271689734229578,1.0,71.64924019607567,1
0.21370721214898747,0.8430756175253634,1.9261787774783956,0.19261787774783956,2.0,44.18112794293533,1
0.572578783759831,0.5822796163788259,7.108367051814016,0.7108367051814015,2.0,31.901379627926058,1
0.09931508849905324,0.8069050881070965,5.589109542491043,0.5589109542491043,1.0,79.15060958995804,1
0.37622898877751854,0.5513417796855509,9.200610713105274,0.9200610713105274,0.0,40.76708343358328,0
0.6103665427010859,0.44991353722205885,7.61692239212484,0.761692239212484,2.0,37.31995251990188,1
0.2518871239967265,0.6579770895775295,8.261299154203037,0.8261299154203037,0.0,57.32668415241078,0
0.8650827488614679,0.2864489178860308,9.025043162803133,0.9025043162803132,0.0,89.91166599566618,1
0.976051845334896,0.9187371533984565,8.063588604771063,0.8063588604771063,0.0,76.68009265268383,1
0.07591007021362195,0.9081367236654002,1.1813587843533913,0.11813587843533913,0.0,81.87400591143671,0
0.2058926762241634,0.07273287408211393,1.8547909359559844,0.18547909359559844,2.0,47.54301366781011,0
0.4730116036464498,0.9167879101783033,4.018115544980613,0.40181155449806133,1.0,84.27837535393914,0
0.03794142595858763,0.18186497895098075,3.320670758400629,0.3320670758400629,2.0,56.99973297657987,0
0.09292743183877339,0.6812730276184147,8.854256034341809,0.8854256034341809,0.0,93.66086889799433,1
0.9006401236099272,0.823104380731702,5.241999689784974,0.5241999689784974,2.0,67.03402253506755,1
0.045529844501438266,0.241238588122753,8.759362722133648,0.8759362722133648,1.0,69.40521680983022,1
0.24748425266600216,0.11265532028204417,3.871614691742745,0.3871614691742745,1.0,89.48362477308324,1
0.42363270680553744,0.7561787283714132,9.065083492956026,0.9065083492956025,0.0,91.6461251388125,1
0.02045921682624441,0.44242884503260915,0.7172756689329252,0.07172756689329252,2.0,31.147010363019053,0
0.8105938006018973,0.4866834483528192,4.455476589345837,0.4455476589345837,1.0,45.10975006348812,0
0.8300077680991133,0.7618611340796855,9.011273487841422,0.9011273487841421,2.0,69.92592731843631,0
0.39467024034725295,0.2537959895013633,4.49626109888074,0.44962610988807394,2.0,30.23493650720549,0
0.20178395327092624,0.09715182737153705,7.326919296400551,0.7326919296400551,0.0,50.63946737184846,0
0.8923580362370653,0.9577397240607896,3.6087667189855877,0.36087667189855877,2.0,42.76040469858465,0
0.6785560852615155,0.6996591466802623,8.29210171639406,0.8292101716394059,1.0,64.02601145203785,1
0.52386178013543,0.652134578258515,6.314137165698048,0.6314137165698048,0.0,68.82535207130302,0
0.3923978077639506,0.3329421964229812,8.118585727344662,0.8118585727344663,2.0,42.28593948463194,0
0.5392768470866179,0.9957060207131381,5.364870672885917,0.5364870672885916,0.0,64.86513705316472,1
0.24951153933732817,0.22254413237497217,6.376144242088488,0.6376144242088488,2.0,55.78717496464665,0
0.44960007668827573,0.17809884297827516,5.286549641483752,0.5286549641483752,2.0,94.41251974143813,1
0.6858977223863066,0.31828394491278567,5.6731201421931345,0.5673120142193134,0.0,34.23167962724438,1
0.4113588648231572,0.7389545403738147,6.891668435765265,0.6891668435765265,1.0,84.64453839998279,0
0.6849545724663588,0.23701035426622885,1.2084756955784959,0.12084756955784959,2.0,94.96626358794008,0
0.7387255658551947,0.3127614717291993,7.6857719571303775,0.7685771957130377,1.0,65.20346175237651,1
0.7537119144787656,0.529627285358484,3.552076034004268,0.3552076034004268,2.0,74.23721691384172,0
0.5691779270650833,0.6499464835348275,0.1257894958270911,0.012578949582709109,2.0,38.31657227413482,0
0.18438797972503207,0.14921612627033076,6.436748568538963,0.6436748568538964,0.0,52.803437813366465,0
0.7005596936531125,0.6546392087129879,6.136399154395688,0.6136399154395689,1.0,41.79682865550987,1
0.8192810588683627,0.3810551813880373,7.258212492227259,0.725821249222726,2.0,67.91585197117503,1
0.09428883842967029,0.3461552388082477,9.983191262768706,0.9983191262768706,1.0,91.2358017167379,0
0.8959659733259635,0.07901802819305281,4.614490069843566,0.46144900698435654,1.0,31.92358477646975,1
0.9413006918195755,0.9739612822827052,9.733223407404557,0.9733223407404556,2.0,62.1389996235785,1
0.6682359397910362,0.6931205466072101,5.777812572655348,0.5777812572655348,0.0,77.03122014210047,1
0.1110648837095134,0.09988121622671142,3.578770278614404,0.3578770278614404,1.0,57.99031078959067,0
0.653690795411102,0.36623680869098374,6.7778982990401975,0.6777898299040197,1.0,65.02653112685104,1
0.3560684086417323,0.08006790966019295,1.9645481900346107,0.19645481900346107,2.0,59.443307651021364,0
0.303645567446446,0.5415320957684475,9.66292112111596,0.966292112111596,2.0,68.83685465479908,0
0.03676401048151445,0.7001464144339649,4.410576510485971,0.44105765104859707,2.0,34.457555882514065,0
0.7248340866032845,0.05655212021296496,0.10631452299236344,0.010631452299236344,1.0,65.54165921713486,1
0.5666799315569369,0.9221682988503864,6.55325505929925,0.655325505929925,1.0,63.26571440547698,1
0.450793097767491,0.3741351441883799,1.2033028848765548,0.12033028848765548,0.0,41.820576653725006,0
0.38868840931760573,0.23479322650624868,0.8891587338718743,0.08891587338718743,2.0,64.75879315524679,0
0.4118522225909932,0.12985601921126844,0.2355446133383532,0.02355446133383532,0.0,60.10470221786553,0
0.45309465495083834,0.14562693889381617,8.829677412266284,0.8829677412266284,0.0,68.55648656195353,1
0.47748861300106604,0.8497965544822267,0.33677918978171406,0.033677918978171406,1.0,66.64864828629624,0
0.09768060121670552,0.4800497743524085,5.372022704059036,0.5372022704059036,2.0,56.298247946595616,0
0.3803210051412208,0.7984488433172942,4.894364242852538,0.48943642428525375,2.0,80.77375103869424,1
0.06403668911253979,0.22707810975871046,9.110379552022858,0.9110379552022858,0.0,53.234638001007376,0
0.7759308992711487,0.3179527188534529,9.11142644910069,0.911142644910069,1.0,60.84492115981189,1
0.5222394460744498,0.41261476945900244,9.208818424170817,0.9208818424170817,0.0,57.7166596965096,1
0.7995151866005379,0.4545181278354019,4.000028507018518,0.4000028507018518,1.0,61.58169204626448,1
0.4293200014140588,0.09767929837231826,4.735016315989551,0.4735016315989551,2.0,82.01188924149909,0
0.15309837404971893,0.045002633292962835,8.25668636951927,0.825668636951927,1.0,76.12799813411362,1
0.2995755452843136,0.995895612477844,1.201581215250399,0.12015812152503991,2.0,32.74546421302764,1
0.23386065383466736,0.6665429960668037,1.1441829549097071,0.11441829549097071,1.0,62.14759332244158,0
0.43990393550258855,0.054769606575441276,9.217279962465009,0.9217279962465008,2.0,38.10899588584067,1
0.7889108527984579,0.772565137968609,0.2943388793705537,0.02943388793705537,1.0,77.40728763936738,0
0.1166330525334982,0.3611139647963557,3.828738196474167,0.38287381964741674,2.0,94.1351298065169,0
0.4001001746446058,0.7964604151012628,1.949462234323197,0.1949462234323197,2.0,70.22213202504807,0
0.09179117671325565,0.9498020722858508,0.8398652278735141,0.08398652278735141,2.0,54.690994701678655,1
0.3914560168416277,0.026573210325476437,9.738681002991575,0.9738681002991575,1.0,34.70042766569599,1
0.5825224383622252,0.9642927441257968,1.659522816610769,0.1659522816610769,1.0,51.61700142602727,0
0.06897477691104537,0.16576082317197438,4.319748558939581,0.4319748558939581,2.0,64.14395249423771,1
0.06664183575272897,0.29723256760076855,2.5617250436868133,0.25617250436868133,2.0,87.25580073034023,1
0.730510111550149,0.6269453469509698,4.9116959649910115,0.49116959649910114,0.0,63.344577100977176,0
0.40749775837978297,0.7159285493423776,7.668942039562387,0.7668942039562386,0.0,93.9880485579351,1
0.3513822689640046,0.1702313386464568,6.597169459245393,0.6597169459245393,0.0,53.99582157873615,0
0.6863197320626995,0.13682614777967728,5.717497691912858,0.5717497691912858,0.0,30.031940498032277,1
0.08476335065983454,0.28654609306474,5.1068126070980755,0.5106812607098076,0.0,70.86064314033146,1
0.8597149640399357,0.32559931714349855,1.3185204550744944,0.13185204550744944,0.0,44.24404144790553,0
0.7754260107578016,0.31822210878609547,4.025036594645371,0.40250365946453714,0.0,45.84600144502228,0
0.38964476284298855,0.17131181017043284,9.052659521687872,0.9052659521687871,2.0,31.13247532320957,1
0.468707439664965,0.9708075929602634,8.2052304559471,0.8205230455947101,2.0,64.54569727044043,1
0.39771555210631104,0.79807206597258,0.6473974847211494,0.06473974847211494,0.0,46.088005327825606,0
0.7852302131065025,0.9800206521806503,8.40443421127811,0.840443421127811,1.0,94.62886573312615,1
0.028993938782117534,0.10365769325766572,8.28038641849068,0.8280386418490681,1.0,84.31770840311292,0
0.6713886511051879,0.07557790363446637,8.01960815831406,0.801960815831406,2.0,76.87735418071566,1
0.3025477526593182,0.5359745501125973,8.148126255387302,0.8148126255387302,0.0,53.00295131686074,0
0.7795471218325473,0.6144678776385287,9.830340184770403,0.9830340184770403,2.0,34.6538138529067,0
0.9839088371668706,0.6351570897653527,0.5520552535687662,0.05520552535687662,0.0,73.48128533509522,0
0.27897823361712537,0.093257056373247,3.838047254019724,0.3838047254019724,1.0,31.44959750806529,0
0.44585173995074,0.84379583311588,9.684376440138644,0.9684376440138645,1.0,58.704059587830756,1
0.547590809999749,0.48971361075815545,5.5266893687691185,0.5526689368769119,0.0,33.430071778760905,1
0.5510490747514556,0.3681389439054603,6.822971523072115,0.6822971523072116,0.0,66.38100595154732,1
0.15657066781471674,0.5044380747643101,3.618552163831119,0.3618552163831119,1.0,66.37022115612596,1
0.5832461655235621,0.04046014437262935,2.118992602231801,0.2118992602231801,2.0,64.49001495282442,1
0.72391251347894,0.21507657187817486,9.784259923698102,0.9784259923698102,1.0,76.4481610598005,0
0.9440284840144259,0.9984900290417646,3.616521828118684,0.3616521828118684,2.0,44.83009457981148,0
0.7253801142831072,0.5525591375893073,5.608671245122139,0.5608671245122139,1.0,45.74094576696351,0
0.6033069480139638,0.07854090915467449,2.438147702342688,0.24381477023426879,1.0,57.05061423634357,0
0.2332507723531545,0.29283539740893394,9.669512390082474,0.9669512390082474,2.0,75.68008908308964,1
0.09792015920195862,0.18477473695564717,2.5841379798223296,0.25841379798223296,1.0,37.58891094421984,1
0.6343346313406067,0.9247005671929347,9.13945327594088,0.9139453275940881,2.0,87.58270823020325,1
0.6251827248283168,0.8062103917680701,2.9180980971045223,0.29180980971045223,2.0,46.39378588411258,0
0.8393588474643942,0.5469035686480375,9.469255940749953,0.9469255940749953,1.0,38.31265023217053,1
0.44610207822121895,0.9517816677224781,3.6733191538457524,0.3673319153845752,1.0,68.93332410846865,0
0.17204339751627995,0.3728694537675158,8.720604407983899,0.8720604407983898,0.0,47.91283592632941,0
0.22472675693387711,0.8649677002031603,5.998248440936063,0.5998248440936063,0.0,56.56958245410287,1
0.4763989044471234,0.4675420090447566,1.1382391983950846,0.11382391983950846,2.0,33.97244726842211,0
0.31205266495199024,0.8486319679709424,2.9562128872797757,0.29562128872797755,1.0,60.222664499620265,1
0.18026713530113836,0.9006882674169515,7.60887600200155,0.760887600200155,2.0,49.7401949137526,0
0.10785127202214806,0.4629644716303555,6.675376891583022,0.6675376891583021,1.0,41.03843830823556,0
0.41235092083945624,0.17800139735391995,3.560979784269971,0.3560979784269971,0.0,55.11046282221337,0
0.33751829220576635,0.19237385483474656,1.9534543825469741,0.1953454382546974,1.0,80.05436659030293,0
0.9652754700698242,0.2888629641543722,8.28832706219644,0.8288327062196441,0.0,79.63726020845327,1
0.8564127552359795,0.2229412342401761,6.223840095276135,0.6223840095276134,1.0,53.43158897574763,1
0.18349140824506638,0.38825364466399437,6.8196474224259775,0.6819647422425977,1.0,93.32533374390745,1
0.7533533453125139,0.5066811264305489,4.79066807721824,0.479066807721824,2.0,38.182600471009614,0
0.48019783527486304,0.08711361269957063,3.503408607371512,0.3503408607371512,2.0,85.55880399186086,0
0.9260986394988954,0.9096432186945209,3.8224951757604106,0.3822495175760411,1.0,93.63188231473822,0
0.6082052041257807,0.002431833645351489,0.3111172978151022,0.031111729781510222,2.0,67.24238753373675,1
0.2039934278493094,0.13829034581553945,9.437630377460124,0.9437630377460124,0.0,33.90869390235764,0
0.1959682734680248,0.008410276038481102,3.665462659159351,0.3665462659159351,1.0,89.86754413456451,1
0.9672991800293202,0.986528256385624,4.829690927117161,0.4829690927117161,1.0,58.40246393682934,0
0.9182764401629447,0.4106502819627481,3.571560769242894,0.3571560769242894,1.0,41.17275489587863,1
0.4828591924250941,0.1960256912731856,3.551860469118054,0.35518604691180544,2.0,87.9424949089254,1
0.563940377064463,0.1186715403554992,6.856144368324417,0.6856144368324417,1.0,57.747162138640455,1
0.5470978488408742,0.37041188732814356,6.703560500444855,0.6703560500444855,0.0,62.460165921144345,0
0.7634770602734177,0.9758991108529684,8.102250167661648,0.8102250167661648,1.0,67.116335661608,1
0.4744859242215709,0.5487251308268161,0.7179159941468694,0.07179159941468694,0.0,88.92905701914059,1
0.12263015025688917,0.35421752396578376,8.740586888449194,0.8740586888449193,1.0,62.74372157937967,1
0.32428343517988834,0.3645408500931486,9.566822015342298,0.9566822015342298,2.0,87.73329710077168,0
0.5682760392477803,0.11733655009969512,9.891061649692626,0.9891061649692625,0.0,41.064949494843155,1
0.35107438849379924,0.5170072169403105,1.287919922726516,0.1287919922726516,1.0,70.08582477035687,0
0.8135484753723121,0.4241922016997578,4.866973655742795,0.4866973655742795,0.0,64.15774711343717,1
0.9479050031187747,0.7288511885620943,9.390429068259738,0.9390429068259738,0.0,51.127491382676475,1
0.2419981018286259,0.19194764463730263,7.589365001415537,0.7589365001415537,0.0,43.814389376684225,1
0.8891460991330488,0.1373375583620936,0.6020125139991506,0.06020125139991506,1.0,34.54609762416321,1
0.715706836098686,0.5814606562143799,8.703044163300477,0.8703044163300477,1.0,47.01276782629889,1
0.5869554995298498,0.7420074640737003,8.385455869080463,0.8385455869080463,1.0,74.23826702340362,1
0.13039061201259283,0.49750026070320497,7.801680305993905,0.7801680305993905,0.0,48.08357305842433,1
0.4109502119095817,0.7900330752703348,4.118370255754104,0.41183702557541035,0.0,77.32704701889654,1
0.9953525048766297,0.8410864903677597,6.322946764705195,0.6322946764705195,0.0,86.88491555760024,1
0.6483514064756344,0.9166296626544946,7.159230001876308,0.7159230001876308,2.0,75.1298446144945,1
0.5916834003655664,0.3781790600333208,3.966497094430983,0.3966497094430983,1.0,82.32949672726605,1
0.035617225029563104,0.9043452233061865,7.8400022670493215,0.7840002267049322,1.0,67.25840213573233,0
0.3208883335954925,0.7090538777139193,2.7328768943184603,0.273287689431846,0.0,91.52933339392928,0
0.488155790019693,0.624912465439063,1.8363415717533915,0.18363415717533915,0.0,79.59120612422745,0
0.6416648320090699,0.5537742679064895,8.588993591107668,0.8588993591107668,1.0,50.97393329275946,1
0.8571159383749902,0.01971972509520903,3.393211520095586,0.3393211520095586,2.0,77.01771107913672,0
0.45806849231973623,0.5603304823292007,0.5677175711455551,0.05677175711455551,0.0,73.67079188464263,1
0.2744534576563574,0.7789912223191684,8.32697312902474,0.832697312902474,1.0,78.84224150101522,1
0.28128211763816235,0.9883676232589725,7.990156277944218,0.7990156277944218,1.0,50.758552935794796,1
0.13781091635603437,0.43311466822439804,8.023904588019262,0.8023904588019262,2.0,63.1228119066256,0
0.14553879604314834,0.990157835227592,3.408836189370988,0.34088361893709884,0.0,87.2250464141686,1
0.30531869070705286,0.1710886360132302,6.032490898273074,0.6032490898273074,0.0,93.42142659836813,1
0.766584569080056,0.9581999783046554,0.1391552323190226,0.01391552323190226,1.0,53.39593959003939,1
0.41322064117641344,0.5896551057729121,0.02285307115397095,0.002285307115397095,1.0,61.63574145252262,1
0.8595668150883249,0.6625695922191113,2.5926635097232467,0.25926635097232464,0.0,51.50360870536089,1
0.9491531624721643,0.573680163695643,5.25307728194922,0.525307728194922,1.0,76.66604616557689,1
0.07542014913187245,0.9828463944377527,6.003154102805589,0.6003154102805589,2.0,32.52126767784882,0
0.7108228749677202,0.04429732088770444,1.3340037691800288,0.13340037691800288,2.0,91.99781784826396,1
0.08526588675993407,0.4104649690766713,8.676630237964277,0.8676630237964277,0.0,65.70891909888743,0
0.07172816110251268,0.8752323326176334,9.595521790313787,0.9595521790313788,2.0,47.61164153316503,1
0.2757692515537248,0.16709282209723464,1.1921215402254992,0.11921215402254992,2.0,32.42387721600113,0
0.10160255826604869,0.5695940125833069,8.238578415860601,0.8238578415860601,1.0,66.44827871662132,1
0.6629718247466718,0.5235776299250939,6.142378960612829,0.6142378960612829,1.0,68.10148993418711,1
0.7161195639894006,0.8074300764763596,5.023983158715378,0.5023983158715378,2.0,75.19093161705655,1
0.6392642722559219,0.9182529466963716,4.890635085529972,0.4890635085529972,1.0,64.15069271678705,1
0.5753568677713025,0.2588350053969145,7.498351607210808,0.7498351607210808,0.0,63.520799050076,1
0.7812391032915333,0.6931440556855187,2.089151884254253,0.2089151884254253,0.0,49.76841642404902,0
0.7725784091884652,0.5476879871671924,6.089588103141742,0.6089588103141742,2.0,42.612436981822036,0
0.8702560242183787,0.6627863479105236,2.6135353809993567,0.26135353809993567,1.0,46.315215267837885,1
0.693195802933642,0.20037781857800419,0.8516196117688946,0.08516196117688946,1.0,54.35919307733351,1
0.35587436397066163,0.27267338990088363,5.528797196185603,0.5528797196185603,2.0,80.2674856039526,1
0.5246805399571225,0.5498464282430584,2.6860782673767316,0.26860782673767314,0.0,37.686538866863394,0
0.49060002351708387,0.002945579707658408,7.426538466979052,0.7426538466979051,2.0,71.83943592702055,1
0.10786685564271514,0.7164252739923055,6.504128083200981,0.6504128083200981,0.0,32.46748262990538,1
0.8117430929517397,0.16156819659902244,2.243224179480068,0.22432241794800678,1.0,32.80066859717416,0
0.9128538558292874,0.9313018536569928,8.615624548261348,0.8615624548261348,0.0,47.7871510520836,1
0.9844088907381552,0.8606071868529577,3.4699858896061686,0.34699858896061686,2.0,53.217449739646845,1
0.24796766019083327,0.623351146388679,7.090532519352807,0.7090532519352807,0.0,42.34273139115473,0
0.09564019470487306,0.8910576705438695,2.6732342790438124,0.26732342790438124,1.0,87.60536360816309,1
0.11104185173805814,0.9872450568411707,1.9659964429964982,0.19659964429964982,0.0,49.80657812944384,1
0.804296973339073,0.7749564952981048,8.602729982493912,0.8602729982493912,2.0,60.44330900842705,1
0.6317416849572367,0.6266324711931397,9.186653208545534,0.9186653208545534,0.0,94.61756662043021,1
0.7561201441448971,0.4492817495099787,3.5205082145602873,0.35205082145602873,1.0,46.50343482830813,1
0.9051964034886817,0.8135623003080475,3.1497034350508257,0.3149703435050826,2.0,70.22155682687158,1
0.22626925889403493,0.7044357939464031,7.025655085241897,0.7025655085241896,2.0,78.52412577841923,1
0.3640853134746559,0.4726399903744576,2.273641077124312,0.22736410771243118,1.0,47.61775539006872,0
0.792371096944494,0.500034677391457,8.642061093201637,0.8642061093201636,1.0,33.736332243942606,1
0.25939189667190043,0.22893595979249914,0.08514877644854368,0.008514877644854368,0.0,81.4386717959298,0
0.5060408568982818,0.7885900722987043,1.421233815175672,0.1421233815175672,1.0,48.78641020736995,0
0.4434506733226903,0.8783307831067847,1.2070265295754545,0.12070265295754545,2.0,50.88201904033387,0
0.5953051607603993,0.01648357773068898,3.1782361719253407,0.31782361719253405,0.0,56.9583414899081,0
0.9882028696195297,0.1118989033410478,8.66141133923995,0.8661411339239949,0.0,32.538226530448995,1
0.1037150064501765,0.9912357429329045,6.400094942186162,0.6400094942186162,0.0,85.34207191832422,1
0.4846423835078235,0.17810752836259602,1.0747259348074578,0.10747259348074578,1.0,86.11662434835787,0
0.9589868121848948,0.7365284749734597,0.7891724939972811,0.0789172493997281,0.0,86.63859338086742,0
0.3478768776280132,0.4808427237138604,2.8843249422148953,0.28843249422148953,2.0,41.87035452865619,0
0.7405973109183801,0.521351208077826,6.198324292060391,0.6198324292060391,1.0,93.45377943775023,1
0.9292704247540591,0.10837753424743901,5.937583797382178,0.5937583797382178,2.0,72.99657890277007,1
0.24060742331264606,0.13784774108131348,1.1422284546678585,0.11422284546678585,2.0,68.5417484445384,0
0.08138025389551451,0.5779105172699847,7.607991060428167,0.7607991060428166,1.0,76.94727053781126,1
0.07569302871463068,0.3776297551746065,6.322650629370599,0.6322650629370599,2.0,79.13711969480833,0
0.0729936242021676,0.7974620887506315,9.830562192806964,0.9830562192806964,1.0,57.04828052184284,1
0.3505208527739768,0.9719780958638804,5.525952291404474,0.5525952291404475,2.0,67.95496478897809,0
0.12621463048615766,0.8123168556787357,3.2732379387613753,0.3273237938761375,0.0,68.03435949255588,1
0.4050258330508706,0.40591601711386605,1.193514599136315,0.1193514599136315,2.0,30.507640228200334,0
0.7541275777442104,0.4821806027331117,9.191004991816307,0.9191004991816307,1.0,30.634875100326557,1
0.29822619746299284,0.15668801593735493,0.3766969887240412,0.03766969887240412,1.0,60.595794192737515,0
0.47941818191978036,0.6956916553284236,3.4872797630093166,0.34872797630093166,0.0,66.30059954371299,0
0.12736879691031677,0.4473584379053197,5.307388589512119,0.5307388589512119,1.0,75.96937440915272,0
0.6982897119412751,0.8573837232271239,5.697913840959905,0.5697913840959905,1.0,78.92646957966053,1
0.3176747862433862,0.6520296256219366,5.823236049033429,0.5823236049033429,1.0,68.07574963566366,1
0.13522576532803054,0.17054324115348096,7.17120368363703,0.717120368363703,2.0,48.48559723811339,0
0.9546705568484224,0.410982953421102,1.2832195039471006,0.12832195039471006,1.0,70.25513721968476,0
0.7696224519118392,0.6769489930349238,7.193463302363192,0.7193463302363192,2.0,46.887050774581084,0
0.6523277031439774,0.8579222854059189,8.895173246811854,0.8895173246811854,2.0,83.14238572577311,1
0.7229996436769286,0.35080649357891003,0.30446862269473685,0.030446862269473685,1.0,57.51554050050326,1
0.42549232019897,0.6694942590274324,0.358076181363971,0.0358076181363971,1.0,88.17213677302306,0
0.29833109906546684,0.1735928285159345,9.913800628140615,0.9913800628140615,2.0,38.31588267224111,0
0.4999866613568129,0.9047127157463136,3.1194251412596294,0.31194251412596297,0.0,75.85580678552648,1
0.825258016782839,0.5751698032986348,4.550630226563374,0.4550630226563374,2.0,57.90581784772444,1
0.9637926874297196,0.7686002219551558,3.10062582819268,0.310062582819268,0.0,38.279627255576074,1
0.6052813042596228,0.3968514478219616,5.564866452906983,0.5564866452906984,1.0,66.33601567193539,1
0.3763596309007029,0.9405411848555426,7.114815533561957,0.7114815533561958,0.0,43.770497353133614,1
0.7182059914353669,0.7201068179975473,7.599498714084149,0.7599498714084149,2.0,49.003181849346014,0
0.6970677908060207,0.15365743685915434,3.553888123375807,0.3553888123375807,1.0,59.65438027705033,0
0.24746427210716104,0.5501855398660749,2.605768953705545,0.2605768953705545,1.0,53.68341718821803,1
0.43551402632145864,0.2717519718277037,5.466319979833498,0.5466319979833498,1.0,55.266495913324555,0
0.13401361757412455,0.8333595611108927,3.8425504260958707,0.3842550426095871,2.0,55.80684438663084,0
0.40227833799943,0.7828244020250879,6.2211157575686125,0.6221115757568613,0.0,31.103248038929515,1
0.7627488048578895,0.4945452001762526,6.115539237705719,0.6115539237705719,0.0,53.87543685902467,0
0.3139027436111651,0.30192662469991816,8.944530543484964,0.8944530543484964,2.0,55.577799858210746,0
0.633032709280976,0.8526869657647371,0.03856505954493272,0.0038565059544932723,1.0,68.52780982442214,1
0.3276496746696176,0.8504843284587379,1.018481943999695,0.1018481943999695,2.0,61.25965657921117,1
0.14710367253862133,0.5052358907735345,7.8674870081776005,0.78674870081776,1.0,41.215253471675226,1
0.7413875552360039,0.7172569101951687,5.835599534322892,0.5835599534322892,2.0,68.2143233283182,1
0.5893122437040242,0.2855006461755436,0.625060317692514,0.0625060317692514,0.0,32.28039647799246,0
0.8254576627326645,0.3488498937617003,9.425571677470318,0.9425571677470318,1.0,51.66273589145863,0
0.6789541072750334,0.9440560118201518,6.504043812300361,0.6504043812300362,1.0,70.30743647940008,1
0.8171921553406362,0.7362768375988873,4.859955341527346,0.4859955341527346,1.0,70.55887155464178,1
0.15494807963450696,0.07212053298020216,7.795860037807357,0.7795860037807356,2.0,41.726698400416566,0
0.6145836732002201,0.4577334205577319,5.960151023829376,0.5960151023829375,0.0,52.047309059617085,0
0.3673785899944696,0.39574488036468525,3.732968688999405,0.3732968688999405,2.0,59.750330190993665,1
0.7465064694317692,0.23098925739534237,2.9663499181604847,0.29663499181604847,2.0,56.742865879359115,0
0.5800860450496786,0.9949418007228595,4.534298546425123,0.4534298546425123,0.0,74.55175263599712,1
0.054180098347804684,0.1357910007822064,4.752462617068092,0.4752462617068092,1.0,78.1122304647494,1
0.5335459762000035,0.3142669815156258,7.12031914053573,0.712031914053573,0.0,32.65595671457019,1
0.7442913339987256,0.8487185934615462,4.730028256962557,0.4730028256962557,1.0,78.44238364163917,0
0.2627883905311358,0.13227466799106402,0.18342162576291732,0.018342162576291732,1.0,87.1028421560565,1
0.6545265068390898,0.376138892537331,6.846509927073705,0.6846509927073705,2.0,89.40388293833003,0
0.8409257698780793,0.6341925605334479,0.6960808253967021,0.06960808253967021,0.0,33.63881508142918,0
0.06516754374335532,0.33689575893234114,8.463308000766016,0.8463308000766017,1.0,87.44151061411759,1
0.5780223709971288,0.40882071955421495,7.082760233267486,0.7082760233267485,0.0,40.64087252691159,1
0.8876008978948684,0.5501134209599237,5.978401735986646,0.5978401735986646,2.0,51.99249280078424,0
0.12641988954934602,0.9526868945295621,4.541590961175399,0.4541590961175399,0.0,54.80803494871728,1
0.2692476749652408,0.8709069082260456,1.7211055274378673,0.17211055274378673,2.0,49.434102664204744,0
0.6259240394533347,0.11196290077527449,6.5499608331813,0.6549960833181301,1.0,49.15642005634763,0
0.5851838901417317,0.5694295164283117,1.094941163672991,0.10949411636729911,2.0,41.01185959337402,0
0.7933961221871138,0.6532967424857992,6.045457785891913,0.6045457785891913,0.0,72.83602696843242,1
0.6290528750922503,0.32576183039517526,1.8333845878211408,0.18333845878211408,1.0,67.72932477855669,0
0.5758450153020541,0.2641970206265324,5.968705065605006,0.5968705065605006,0.0,69.87888012449274,0
0.45185138692202453,0.5977331600997418,1.511593388164748,0.1511593388164748,0.0,63.88813964604185,0
0.07824928181824709,0.41497813765959635,0.9448222644536564,0.09448222644536564,2.0,44.35431631716439,1
0.5910883108728138,0.9050648900256837,4.708707048723067,0.4708707048723067,2.0,68.11006520186774,1
0.15662583105047412,0.16355444079804216,7.097537755311213,0.7097537755311213,2.0,72.49224724996847,0
0.9958494909970061,0.041083862619646916,2.384540586458954,0.23845405864589542,0.0,33.375018029294615,1
0.07850008205671699,0.8996162992822653,4.977059208956773,0.49770592089567733,2.0,94.20306971346305,0
0.07571630374287386,0.8961248728004539,7.98881045216278,0.798881045216278,1.0,67.68603163514858,0
0.787329432064701,0.41677017889454837,5.494360354665765,0.5494360354665765,0.0,71.49160715618629,0
0.10116525649018104,0.7538891331871175,5.971294451986134,0.5971294451986134,1.0,67.02931470664736,1
0.4050762787323793,0.8457151407341307,2.201592860158874,0.2201592860158874,0.0,74.89678631049203,0
0.9274990278513697,0.25489024703924124,1.2449909642473767,0.12449909642473767,1.0,72.6948904056753,0
0.7878824678096347,0.6544440606452684,1.4904244761955565,0.14904244761955565,1.0,81.94493378104916,0
0.23284219539094353,0.7371499218973545,9.728041099128708,0.9728041099128708,0.0,40.500528930912886,1
0.2510298660422158,0.35749223881500025,0.8661826347817869,0.08661826347817869,2.0,40.64200785973056,0
0.5922702548893328,0.9459947910443862,1.5150696943077524,0.15150696943077524,1.0,44.27266021997251,0
0.48643913902240543,0.9671526068979318,2.0569402466308286,0.20569402466308287,1.0,92.62445718053894,0
0.11674636115488701,0.4867278755817924,7.879456086377488,0.7879456086377488,0.0,53.207310915241784,0
0.15864734020030502,0.07599989179677247,3.9795355494907128,0.39795355494907125,2.0,50.55134478602729,1
0.8028963318271438,0.9189686323367625,7.9089625192493775,0.7908962519249377,1.0,44.905100165326374,1
0.34479076236913664,0.522974423716,4.189278101205998,0.4189278101205998,1.0,61.29135411719455,1
0.7990122518772892,0.13882713241728062,7.947346707304584,0.7947346707304584,0.0,88.84555723272254,1
0.18982729495232764,0.7320972662898184,8.954722941370855,0.8954722941370855,2.0,73.82163383027064,0
0.5994325285508626,0.6871536118054661,4.472956102891072,0.44729561028910714,1.0,42.20446728419056,1
0.5051087280359994,0.13985830645662156,9.863672548241205,0.9863672548241205,2.0,84.42790209680008,1
0.3263854767996137,0.27485543340357366,9.329112180150936,0.9329112180150936,1.0,91.45780611088124,1
0.6085770387122191,0.8642613132128556,0.153581853949335,0.015358185394933499,0.0,76.34851568643424,1
0.12453484269018322,0.9695852307365098,5.641418339547139,0.5641418339547138,2.0,68.58553485593445,1
0.8564684028710685,0.40525207002578234,6.571222243569568,0.6571222243569568,1.0,73.66514588342133,0
0.7433833453183712,0.13458622472527537,8.431643089305958,0.8431643089305958,1.0,77.83849494287398,1
0.2869733259609272,0.35198009499745286,6.733600023268252,0.6733600023268252,1.0,85.86112006693479,1
0.5801517721812299,0.5076172974589086,6.882510970963996,0.6882510970963996,2.0,72.81359388149562,0
0.9021689043100211,0.300423926922192,2.8964521961294643,0.2896452196129464,0.0,64.54591709585438,0
0.4223047907423727,0.6113002547388061,8.205421289429601,0.8205421289429602,2.0,41.85923923315311,0
0.36334160995870246,0.007923533373147662,0.6328863378644423,0.06328863378644423,1.0,54.32464931254059,0
0.7989471190579588,0.8164764174744514,6.573954023067294,0.6573954023067294,2.0,35.49859805152509,1
0.0011860208688685425,0.8446561692596175,2.0202395151791896,0.20202395151791896,1.0,77.35426538147925,1
0.6863732360937015,0.7835050983490257,7.6557598274204475,0.7655759827420447,1.0,94.49902735596199,1
0.2158060612160666,0.3034346688968076,7.902413614852474,0.7902413614852474,1.0,36.23774878125384,0
0.694246994279554,0.6323718774883411,1.7478497993993658,0.17478497993993658,1.0,58.612729043225904,0
0.4379010044983589,0.3652151053701955,7.935529742880093,0.7935529742880093,2.0,75.50494847696183,1
0.02029522505088932,0.3892746154716612,8.374955404325199,0.83749554043252,0.0,31.94492394461998,0
0.8742598508278199,0.7091002643318384,0.5303175730962062,0.05303175730962062,0.0,58.57214684262991,0
0.5465397574016737,0.8435406399418169,4.300067027187059,0.4300067027187059,2.0,81.66050000460001,1
0.3136012429740792,0.8309916367454123,1.9269520256711148,0.19269520256711148,2.0,49.05852450828383,1
0.7033796379201319,0.23108757692734538,1.264057858252372,0.1264057858252372,1.0,72.88063779534606,0
0.49594050163489056,0.658028736903871,8.035550602670815,0.8035550602670816,0.0,69.4771511709044,1
0.03494859499311864,0.26706949669732294,2.9317876100050935,0.2931787610005093,2.0,75.50200607746147,0
0.6502564009774173,0.6284406903318862,6.43996382027059,0.643996382027059,2.0,45.61025119656237,1
0.9695316149129121,0.36720484327676206,0.036814481367616336,0.0036814481367616336,2.0,40.94172561804662,0
0.22197943037613588,0.7899587095735309,0.7945410495105387,0.07945410495105387,0.0,31.09921861875679,0
0.8629260945593032,0.9374682745845505,6.102409512141717,0.6102409512141718,0.0,61.2227081206337,1
0.6209949134896843,0.28998111373376767,3.7027260153068298,0.370272601530683,1.0,42.14448110671863,1
0.07789838599965637,0.868814326021008,8.797051108890715,0.8797051108890714,0.0,72.32846684236239,0
0.7299749788915345,0.7400005470353311,0.8223932426273539,0.08223932426273539,2.0,65.69656972164742,0
0.44149015438065575,0.5660231865009603,6.237576491047953,0.6237576491047954,1.0,84.19143976942644,0
0.7937339754963493,0.52496993852771,7.028820015262072,0.7028820015262072,0.0,82.1259199068483,0
0.6357455613780776,0.31930541964999803,6.112195967845102,0.6112195967845102,2.0,53.47875875816094,0
0.0027846646265414776,0.20328506334786423,6.807092906761957,0.6807092906761957,2.0,49.25741353637551,0
0.12629720646274611,0.08338621036663518,2.4933040216885782,0.24933040216885782,2.0,35.34120606182762,0
0.35243962001385953,0.7124489803924292,7.671764698741727,0.7671764698741728,1.0,79.16418539120316,1
0.48185431753401264,0.222441219286587,5.546583654014382,0.5546583654014382,2.0,62.25329997520155,0
0.932127287257451,0.4953877701255913,7.880433710803988,0.7880433710803988,1.0,51.85931262193846,1
0.821972207906366,0.8898149116692463,1.2176476750575105,0.12176476750575105,0.0,75.73142950427088,1
0.8016154582649122,0.6711063872699018,1.270290461244179,0.1270290461244179,1.0,47.81681757725726,1
0.5395763950744356,0.16923479380845052,3.9551974650421693,0.39551974650421695,0.0,61.072153338546116,0
0.09286370517334963,0.7344538323426281,3.898626635283189,0.3898626635283189,0.0,58.33752318923871,1
0.7458075116847572,0.21483388095481826,1.2846727043362072,0.12846727043362072,0.0,47.56498626723002,0
0.08654832215943975,0.7799094403906806,0.8120454900273322,0.08120454900273322,1.0,81.3786138736812,1
0.0914477148846079,0.07771221719307797,0.8077538370342774,0.08077538370342774,2.0,75.97685088113664,0
0.2550859620282213,0.14170914993106054,0.5237883675042054,0.05237883675042054,0.0,63.76963882169327,0
0.9225637350972175,0.9341903772656687,0.33146237767705866,0.033146237767705866,2.0,74.9309564033792,1
0.7499187851421557,0.2802845726490284,8.077576168094694,0.8077576168094694,2.0,35.81092089255064,0
0.07665255121947945,0.15063580301738366,9.34983535105625,0.9349835351056249,1.0,57.93890275685393,1
0.918910454481374,0.2149078383890367,4.256751822812108,0.42567518228121076,1.0,69.00985404839562,0
0.7833751801080943,0.361099732954954,1.867404477574176,0.1867404477574176,1.0,55.59814815080111,1
0.6036427882749054,0.8376158836589982,3.2836866264994446,0.32836866264994446,0.0,76.41804826385356,0
0.12696202780345833,0.1525212535619601,8.185161037672449,0.8185161037672449,0.0,63.94412983011892,1
0.32012284855134154,0.01575071456567323,9.292514625790085,0.9292514625790085,0.0,54.88735358491817,1
0.30068182371306273,0.8649914784401495,2.3868600457126954,0.23868600457126954,1.0,56.99772847004118,0
0.6400471402944355,0.2996586856577368,0.306091292308609,0.0306091292308609,1.0,76.55582842676277,1
0.5878696214556742,0.07691714163908636,3.086188137180379,0.3086188137180379,0.0,34.27753114475508,1
0.27724099377751,0.027766713950817756,3.8536485503938867,0.38536485503938867,0.0,84.47990201694181,1
0.31109923989233945,0.8995773113605596,0.030079342165080236,0.0030079342165080236,2.0,33.728254136388834,0
0.5184417153224824,0.5231403921762067,6.81425213051728,0.681425213051728,1.0,38.623818243022,1
0.8454065969340913,0.610499141783928,1.2450244143264921,0.12450244143264921,2.0,82.66370355302526,0
0.12622503524059492,0.6160560784219361,0.8184119139701451,0.08184119139701451,2.0,54.33989736053349,1
0.7257380713278834,0.5221938372427858,7.191353315231587,0.7191353315231587,2.0,59.86264810243719,0
0.9956742234799547,0.7692612797249087,7.70782464457092,0.770782464457092,0.0,54.229272886019324,0
0.74973288007119,0.9060860022225268,1.8402815397920402,0.18402815397920402,1.0,36.048014635439095,1
0.4415711151322581,0.641077336469116,7.684902291897654,0.7684902291897654,1.0,69.55625906764227,0
0.7316745697402229,0.8438841401723299,2.9748883343290133,0.29748883343290133,2.0,74.78959874248311,0
0.860686471409858,0.009615817528010329,3.0812167282761758,0.3081216728276176,2.0,42.3456941073243,1
0.7685000997344731,0.4801882139409195,1.2243235023866739,0.12243235023866739,2.0,78.88652464724458,0
0.012757501956892514,0.6040475736256877,2.2651399553432414,0.22651399553432414,2.0,36.48715444478538,0
0.13149351505446372,0.20123154772141272,0.3876897439669913,0.03876897439669913,0.0,80.3632383312909,0
0.10714261073818443,0.16029690391134577,6.719625164500589,0.6719625164500589,0.0,75.58684558603906,0
0.031825945607647954,0.1362437224225539,8.513701070760524,0.8513701070760524,1.0,89.28757679629537,1
0.7145230014586309,0.28482008621831867,0.4834389865124189,0.04834389865124189,2.0,82.87734249788004,1
0.26737344510282923,0.8234110680829825,2.5540759317638795,0.25540759317638795,0.0,84.89220881435016,0
0.7219566065664371,0.027648759375107024,3.4620714978241574,0.34620714978241574,0.0,92.25094873649594,1
0.666098439679374,0.6024277762880353,3.9254608936992383,0.39254608936992386,0.0,84.881698695869,0
0.523611154101697,0.0681538660378127,8.242066440754934,0.8242066440754934,2.0,81.76645055079366,1
0.05971422357764078,0.5931963056508585,0.4287710798723432,0.04287710798723432,2.0,42.748204089168595,0
0.3053062226959652,0.2522078395079844,6.141133774183462,0.6141133774183463,1.0,79.07982596937285,0
0.027114749293491003,0.15734245650442025,5.322674620160658,0.5322674620160658,0.0,71.12591993241163,0
0.9100202412209905,0.46583277346772467,8.38474224763199,0.8384742247631991,0.0,92.50161646753101,1
0.30863361616582885,0.2311063400811959,3.05863769173526,0.305863769173526,0.0,76.80220740198467,0
0.0949495532757112,0.3782670881933302,1.0181994771473502,0.10181994771473502,1.0,46.87249522587242,0
0.0025181163521733607,0.6330506759025707,1.3057800655704066,0.13057800655704066,1.0,40.66824037573612,0
0.6115126652128509,0.936229980365116,6.305780497033933,0.6305780497033933,0.0,48.28825874332082,1
0.6209690496423085,0.6178214090084686,5.457563557598293,0.5457563557598293,2.0,61.209133040718015,0
0.9949252926436672,0.507068217649553,5.9228341385617425,0.5922834138561742,1.0,72.41303231123348,0
0.28860918757777543,0.5570000856272036,1.3709138204355031,0.1370913820435503,0.0,43.980992606017665,0
0.04652519655545906,0.4720929834853195,0.4248998187711883,0.04248998187711883,1.0,45.133330275106154,0
0.7793823551010405,0.5628106456278844,5.664933610390265,0.5664933610390265,2.0,49.62120864400854,0
0.3045819567528014,0.5701774032783086,0.8106178294491917,0.08106178294491917,2.0,82.47338869416274,0
0.33065904057827733,0.4921950506023146,9.296404594500405,0.9296404594500405,1.0,53.75231930993413,0
0.9077343388319611,0.7883720070583113,8.03317660647733,0.803317660647733,1.0,35.09475098738129,0
0.5753702769378235,0.3907453160813321,1.7995285747020162,0.17995285747020162,0.0,65.42729059626748,0
0.4003496483740948,0.10854735151095685,5.978445942484479,0.5978445942484478,2.0,30.386678314833546,0
0.9505577079147378,0.6430521665751584,1.3202455375963829,0.13202455375963829,2.0,73.79076182743255,0
0.2652911614592224,0.7960963611160599,9.361709421432431,0.9361709421432431,0.0,84.73490454749334,1
0.02147791185907255,0.7800177693516182,5.89451748420618,0.589451748420618,1.0,40.814831837058854,0
0.2308752834258585,0.2521316365491256,3.1775513550803614,0.31775513550803614,2.0,84.8989915036087,0
0.04412596573596439,0.6470209668044333,6.8040037874280825,0.6804003787428082,0.0,74.13653791797236,1
0.4077473442990075,0.9985876415563546,0.025384408310948903,0.0025384408310948903,1.0,36.40593192250618,0
0.8310665585603373,0.10456507355369082,2.8785777390850376,0.28785777390850376,2.0,44.81312916145154,0
0.9751795736538413,0.5227553057386628,2.341691934516578,0.2341691934516578,0.0,44.777037831810176,1
0.7003209199630149,0.30538744464673395,3.4617702727901434,0.34617702727901434,1.0,43.372647574066946,0
0.9261149092326136,0.7912232407563258,0.8530633657700504,0.08530633657700504,1.0,51.745785786659106,1
0.40853203110617886,0.3247276980371616,9.679896628054555,0.9679896628054555,1.0,88.99876875821055,0
0.3027094829185841,0.7335834267712787,4.678876051850313,0.4678876051850313,0.0,44.56915008736216,0
0.1542252285720972,0.1604542980937098,8.564081470682993,0.8564081470682993,2.0,90.23560310825766,0
0.5008806993726558,0.06696746348853944,0.5951334019452581,0.05951334019452581,0.0,65.72779344029644,0
0.3269380556771876,0.10410233085287379,8.448240694813542,0.8448240694813542,1.0,63.60735836806145,0
0.10753769672115288,0.26029181393524603,6.5303474175151,0.65303474175151,0.0,73.79575148414249,0
0.9319150519604701,0.8495142823524304,6.78773202235943,0.678773202235943,2.0,82.36899479847355,1
0.1237038061102167,0.1504337818760315,8.063427160835634,0.8063427160835633,1.0,92.24634368184591,0
0.7397394119989789,0.033390477995465906,5.26073100446634,0.526073100446634,1.0,30.174825156061516,0
0.06807507135168556,0.8534608306708414,6.3401137057275045,0.6340113705727505,0.0,55.87853957531736,0
0.5271164669865139,0.3748822567172382,8.997846416922314,0.8997846416922315,1.0,41.63699830177693,1
0.6748025318596172,0.5887339763122547,1.2510461569842046,0.12510461569842046,2.0,39.863750891559064,1
0.23453448162056323,0.08379853944267046,0.5566604361902916,0.05566604361902916,1.0,39.55666378826943,1
0.0756496485600241,0.9073445435994871,9.826923657436687,0.9826923657436687,0.0,76.13549387926025,1
0.5933646034205271,0.5044431023244182,8.81497693774474,0.8814976937744741,0.0,33.32415853905536,0
0.6029068967194756,0.08956958946156623,5.139859729788122,0.5139859729788122,0.0,84.38710675398137,0
0.31198249891201835,0.6338112485592057,7.80770652443811,0.780770652443811,2.0,78.91685939752429,1
0.37619335019426725,0.3655657151490693,8.819208701348662,0.8819208701348662,0.0,56.602573362443856,1
0.045605765350892,0.3534070526369375,4.668563731774967,0.4668563731774967,0.0,57.65488037334855,0
0.2957885879711394,0.4082185904565071,0.9795885793518511,0.0979588579351851,1.0,74.09355678799967,0
0.8826024750451681,0.5081233258284493,4.806446345179908,0.4806446345179908,0.0,30.70012906670494,0
0.17129451004123342,0.6193259655712052,3.513728881108702,0.3513728881108702,0.0,55.163703821484646,0
0.4680518943946017,0.1464128836097628,0.23142085129993828,0.023142085129993828,0.0,41.70884696209433,0
0.6768262211650198,0.754366296574226,9.590471292166544,0.9590471292166545,0.0,41.75059121214596,1
0.8028822582253597,0.02714346307284088,7.157842627084355,0.7157842627084354,1.0,65.78835980099358,1
0.08114916927680438,0.6991728576891109,7.858184691540152,0.7858184691540152,0.0,45.985361319905635,1
0.591836124095916,0.18329747962368304,5.96760093869939,0.596760093869939,0.0,54.38694574913189,0
0.6272901739593187,0.4468240503495956,2.691709874131021,0.2691709874131021,2.0,76.62552509791898,1
0.19738135839651294,0.5615510812591015,5.8470229065975605,0.5847022906597561,2.0,70.34368664007995,1
0.03084851705793501,0.6473798242016366,6.8027141287803605,0.680271412878036,0.0,51.45147984799954,0
0.8443668984244065,0.7910353948969923,5.973400573610538,0.5973400573610538,2.0,33.224174936581576,0
0.4400698320737513,0.5161965112791062,1.2714428588788407,0.12714428588788407,0.0,31.73330730832666,0
0.06077926822808155,0.8801271518193752,8.13551974491745,0.8135519744917451,1.0,61.69049677742554,0
0.5780287087253008,0.9550510958755302,2.9755236754360648,0.2975523675436065,1.0,57.399517724654416,1
0.3769129604400334,0.9760468599189573,3.9673167740706736,0.3967316774070674,1.0,81.768987951931,1
0.08020131017371745,0.3195614719822282,5.507132154958832,0.5507132154958831,1.0,35.33163076500553,0
0.2871112323187289,0.032174180450275314,9.776356884104903,0.9776356884104903,2.0,85.24535040786546,1
0.32683112330821584,0.7157967701039618,3.125245231968079,0.3125245231968079,0.0,43.81460086462872,1
0.5749049813290407,0.2518976981285722,0.41875842689424125,0.041875842689424125,1.0,52.797529366311416,0
0.4033335380085077,0.7676865137888744,9.724560602748271,0.9724560602748271,2.0,85.89534433725659,1
0.10699217783472859,0.005000545522235944,9.574792226846263,0.9574792226846263,1.0,84.44754835521088,0
0.6353354188434033,0.7771832024484356,1.9827993764007457,0.19827993764007457,2.0,63.468808430232144,0
0.7287991882568118,0.07014406685866825,8.290438640054697,0.8290438640054697,0.0,35.308253580252824,1
0.5073029722473233,0.8793470320821989,9.196171350735408,0.9196171350735408,1.0,68.38104262405116,1
0.06335074338510449,0.6513122704510464,0.12992130734700957,0.012992130734700957,0.0,79.51334585795901,1
0.1032247939573736,0.16171215213341006,7.547497772023027,0.7547497772023026,1.0,47.05026658500974,1
0.9446458792797889,0.5078219415760503,1.7988572706770178,0.17988572706770178,1.0,41.89901520185695,0
0.18936535753814088,0.5052013698990461,8.271806544470953,0.8271806544470953,2.0,62.307732543510994,1
0.3074945565264511,0.8790385809689091,0.20946185820474583,0.020946185820474583,2.0,78.70487864417295,1
0.687513715792956,0.5323367271155396,6.91241469719319,0.691241469719319,0.0,62.817783643319565,0
0.7918356159790042,0.55047692207986,8.167754370488916,0.8167754370488917,1.0,45.565244754344526,0
0.9110189202856108,0.3189998730760941,0.3563877962470563,0.03563877962470563,2.0,86.47956664618994,0
0.39518575477593165,0.7285042873441314,7.570631491808375,0.7570631491808375,0.0,86.68044125825905,1
0.9922920041938073,0.050298202157405214,1.1876362913175043,0.11876362913175043,0.0,72.79156020930222,0
0.10389053211088184,0.9679530854445342,0.7908576768953945,0.07908576768953945,2.0,34.82883551910246,0
0.8265342560146973,0.6062508987793395,9.20664824126078,0.920664824126078,1.0,45.0881153135418,0
0.2721061528892921,0.8456652899119128,9.23030283704214,0.923030283704214,1.0,70.21317252043208,0
0.9370909214807118,0.7810668805353146,7.411405204967721,0.7411405204967721,0.0,80.78471262248583,1
0.8691963097942869,0.2181524438741661,8.902053559686516,0.8902053559686516,1.0,60.8269436128952,0
0.7622706069297871,0.2890760622567866,0.16707469994604596,0.016707469994604596,1.0,49.76286701351513,0
0.6037474549941152,0.2780112316442902,5.116785127668289,0.511678512766829,0.0,87.49391499773697,0
0.21445633879868997,0.22551806056739854,8.71638244151625,0.871638244151625,2.0,54.78657936508033,0
0.4619253605327107,0.01590729218278475,8.92775568572391,0.892775568572391,2.0,89.55561950127536,0
0.03478582474717862,0.8269514508519049,3.6702682164726674,0.36702682164726674,1.0,64.6021630860286,0
0.7094035737968369,0.5378524802073715,3.2460971544882247,0.32460971544882244,0.0,69.92813380653097,0
0.11587926745320509,0.5911840550739538,6.99978346892787,0.6999783468927869,0.0,38.12221333320907,1
0.2582882335468597,0.4917033930694379,0.60168749005857,0.060168749005857,0.0,47.39300936718987,0
0.24504959165181317,0.12436358945458836,7.805201159525331,0.7805201159525331,2.0,93.35452591217263,0
0.7879486558241905,0.43610288865536284,2.496822343791302,0.2496822343791302,2.0,76.71339068027385,1
0.4006478101086971,0.2936332118453704,5.215724973199901,0.5215724973199901,2.0,61.00984948483065,0
0.5345409775979186,0.8920585466474369,1.9255061759088365,0.19255061759088365,2.0,63.892762391172525,1
0.20861855614112967,0.7012081208599346,7.343579078249956,0.7343579078249955,0.0,35.70668899443781,1
0.33410211409035384,0.16265739042239313,9.56469424217968,0.956469424217968,2.0,80.91645364924281,1
0.5118989430735408,0.7019173316168182,5.408336271982347,0.5408336271982347,0.0,34.638793220599574,1
0.1942038895024839,0.5483677587079797,9.507167898857547,0.9507167898857547,0.0,55.15450463049855,0
0.6898125014363373,0.0816773187597829,4.020692884034132,0.40206928840341316,1.0,56.69239915968372,1
0.44926737828853736,0.06955110423957667,2.8640151949212136,0.28640151949212134,2.0,69.20052501880777,0
0.9836504167458601,0.14743733157439487,8.386103942441212,0.8386103942441212,2.0,57.009640331195364,1
0.2465303965749429,0.8104974262045241,0.37931825039327793,0.03793182503932779,1.0,92.4463429404663,0
0.3960596001184975,0.8299490432618261,2.8117537961023578,0.28117537961023575,0.0,81.86368537717782,0
0.9246628826854728,0.6081807100313379,6.904897612474514,0.6904897612474514,0.0,92.35616504393734,1
0.8859973882887181,0.01562631808151216,1.8891170625573084,0.18891170625573084,0.0,63.71775774265191,0
0.48416979732928744,0.3171216359221375,8.904531267433569,0.8904531267433569,2.0,49.64526837728191,1
0.12359356338836336,0.40090870390563105,4.821778031199246,0.4821778031199246,1.0,93.78516754130136,1
0.4087813792321826,0.28438528702436994,2.459032258163786,0.2459032258163786,1.0,35.27954835301098,0
0.5873306218026368,0.5811276138608497,3.7125493950710373,0.37125493950710375,2.0,90.26017655832595,1
0.2542291376628695,0.062211264811037226,2.8374732515823697,0.283747325158237,1.0,36.225823291275134,0
0.1911328781191779,0.01996994222856363,7.00919134410369,0.700919134410369,0.0,82.44891192918014,1
0.531437662534854,0.5878668155804522,1.099047967399518,0.1099047967399518,2.0,80.69555593124913,0
0.1760239921113077,0.26453036118877893,8.536732553241961,0.8536732553241961,1.0,72.88040238236323,1
0.8745347378287577,0.6865292293109323,1.4881973591671804,0.14881973591671804,2.0,80.86595907027802,0
0.07424087285775172,0.777592837364148,2.8246718683473704,0.28246718683473704,2.0,35.72373293585765,0
0.9874006754794394,0.6110571670364802,6.267048016671259,0.6267048016671259,0.0,54.27816976127878,1
0.5379430100127969,0.9896954719937888,3.5420661760455516,0.3542066176045552,0.0,51.87209606563356,1
0.9835623205382057,0.6429268337695672,5.100534630079809,0.5100534630079809,1.0,93.7995023757466,1
0.7515160505997021,0.7727503322963373,5.69104311478621,0.5691043114786211,1.0,60.71477092516858,1
0.1528980850860504,0.6410173336922713,2.5902183711450233,0.25902183711450233,2.0,33.22726091586798,0
0.22743752780249238,0.8054417084553416,5.346017854784305,0.5346017854784305,0.0,46.85536946337328,1
0.10694690384769223,0.39060190176500986,9.393639968606461,0.9393639968606461,2.0,84.86543091505015,0
0.7290852922066601,0.4343576494327446,0.02475878982804547,0.002475878982804547,2.0,87.95701515831624,0
0.1686584728717455,0.33518748832871126,5.962284137249415,0.5962284137249415,2.0,90.27823047514863,0
0.7145796948678638,0.5764779333231616,3.202060731242936,0.3202060731242936,1.0,39.36769940015583,1
0.8594984906292134,0.37464295505158285,8.620552946744112,0.8620552946744112,0.0,74.72565267462419,0
0.4117144439300583,0.9878619591743735,0.9659202875416273,0.09659202875416273,2.0,56.15172967023723,0
0.6610375099010591,0.6030037351070743,0.6062447085286105,0.060624470852861045,0.0,77.8058398675833,0
0.8951957817531911,0.3357008554240736,4.048962763956576,0.40489627639565756,1.0,83.58481591041848,0
0.7531256100919933,0.5081660309926719,6.737422379145025,0.6737422379145025,0.0,46.9815688158721,1
0.13076061955117146,0.7806128966795417,0.06452069962116558,0.006452069962116558,0.0,62.5219774237053,0
0.2925122339376035,0.8061172531351917,8.11233814111512,0.8112338141115121,1.0,51.273607160070405,0
0.5356376166309499,0.6371015108089543,3.3651360838007816,0.33651360838007816,1.0,59.63470574111865,0
0.26426913574522337,0.0023305198248867454,9.20253341726627,0.920253341726627,2.0,48.89002755983572,0
0.5059238034632734,0.8686130970522099,9.057656060934864,0.9057656060934864,1.0,52.0763287575624,1
0.9528307529421376,0.9098020141156706,7.638090388495345,0.7638090388495345,2.0,47.69788101837838,0
0.45316706612895374,0.871649108141548,7.370056497375787,0.7370056497375786,2.0,49.398753413289235,0
0.26166984913228897,0.6711160076505488,6.008121946634914,0.6008121946634913,1.0,67.56771641019768,0
0.14657867877900765,0.027099451865780444,7.9448757180167675,0.7944875718016767,2.0,69.01843005558467,0
0.9010975030264898,0.9507802574551256,1.7808307656049216,0.17808307656049216,2.0,89.84789688482029,0
0.2297931891012831,0.06780752061457829,8.171083334078258,0.8171083334078257,1.0,55.38771021319828,0
0.19362009841911842,0.14948424429030172,5.652079727508006,0.5652079727508006,1.0,72.73551263818584,0
0.5511372819706148,0.6279011008845119,7.819757701753078,0.7819757701753078,1.0,92.75546670583061,0
0.46171105189134565,0.46180936928535377,4.937986073656429,0.4937986073656429,0.0,60.31350128503425,1
0.3856648914121309,0.7547580698750986,6.309587019383969,0.6309587019383969,0.0,80.64490799340132,0
0.5786516826314644,0.633144279492083,3.4159673644244313,0.34159673644244315,0.0,93.03391003490329,1
0.5694058866846756,0.004189976635800008,4.244115840646461,0.4244115840646461,1.0,81.33545441332839,1
0.06840251816600695,0.6428149468543811,3.647732267216288,0.3647732267216288,2.0,35.23272041985173,0
0.4149186621504757,0.8582199334306958,7.405912825574157,0.7405912825574157,2.0,42.55232359620863,0
0.7209866160477623,0.852146401947533,2.005489262525435,0.2005489262525435,0.0,49.167440372964464,1
0.38167914691701466,0.15740804970419486,9.30521222564834,0.930521222564834,2.0,74.60402541101058,0
0.9976593476324369,0.347361578729802,8.292844886632862,0.8292844886632862,1.0,73.64348672783429,1
0.2353850609709076,0.11952940520251043,8.61734791364287,0.861734791364287,2.0,38.914880941389285,0
0.49636428623469797,0.7514823349238862,9.13980856455644,0.913980856455644,1.0,59.207602532399235,1
0.6739292805223791,0.6275604982325481,4.360194315478719,0.43601943154787187,2.0,57.4182382149887,1
0.547862685467851,0.4844336377695525,8.919149626159689,0.8919149626159688,2.0,74.84144080783905,1
0.03907312192589274,0.2997589666390339,4.441049475750467,0.4441049475750467,1.0,46.96159538099109,1
0.5136661869979653,0.7870981645492504,1.0160550100464916,0.10160550100464916,2.0,45.455404760671,0
0.9664271691633401,0.7914334199167848,0.4958534609095888,0.04958534609095888,2.0,68.78708727278767,0
0.4066638831653392,0.4911801076752045,0.6358337474579123,0.06358337474579123,0.0,35.38392275391212,0
0.1161788787195881,0.1244207168469782,1.8800661598329638,0.18800661598329638,2.0,73.47553595340995,0
0.021258406665039975,0.4653590262322487,3.5980506016918437,0.35980506016918434,2.0,58.5628641737012,1
0.41226481905908063,0.8960668132653556,9.792523713365398,0.9792523713365398,1.0,64.86241174822806,0
0.18529681861517155,0.5840853917741926,2.4119973520540428,0.24119973520540428,1.0,82.12925223575053,0
0.8346987466546977,0.7540007824300898,9.129918124846972,0.9129918124846972,0.0,41.76315612389199,1
0.9522574736197861,0.29466796754338864,8.104334532459792,0.8104334532459792,2.0,43.64651163845805,1
0.9405300726720326,0.3431634978432734,8.611228242026991,0.8611228242026991,2.0,88.57022758012393,1
0.3745295341350493,0.1171208040115943,7.847618919672412,0.7847618919672412,1.0,78.16357850637266,1
0.4547570608068896,0.34280507636890434,9.730935745831069,0.9730935745831069,2.0,47.075277464423635,1
0.3150797280486106,0.1696135019368007,1.1981390852209106,0.11981390852209106,0.0,76.84736801619881,0
0.12905245659036924,0.5389798341420103,4.789780428302636,0.47897804283026363,1.0,59.71726424734773,1
0.5590388023329278,0.3938054912688346,3.428355740554725,0.3428355740554725,2.0,70.1234721049498,0
0.18620525252626685,0.8357516876409096,2.842374850999436,0.2842374850999436,1.0,81.1319736015192,0
0.059408197546951924,0.38272812054683214,4.468241216253501,0.4468241216253501,2.0,32.909099689995884,0
0.8494333258146024,0.21233836198360279,4.80929616057145,0.480929616057145,0.0,69.72678644430796,1
0.7985159920852952,0.0842348686135791,9.859461709789251,0.9859461709789251,2.0,52.0002165372079,1
0.9262824224757654,0.2525713618981409,2.646816786062952,0.2646816786062952,0.0,63.54965452042174,1
0.32740576742886107,0.6973633133849287,9.116812212767732,0.9116812212767732,0.0,53.64403980576431,1
0.8707205453573744,0.6262308671155271,1.6697360968379416,0.16697360968379416,2.0,91.16822221882954,0
0.3984519300239401,0.6199459401902017,6.650463023812469,0.6650463023812468,2.0,68.81518811385592,0
0.07277942765194712,0.85817072285845,3.0541622552567063,0.3054162255256706,1.0,85.02894140082614,1
0.45784110487063034,0.25280940196881796,9.603798063541479,0.9603798063541479,0.0,46.68714051662895,0
0.5537861530415527,0.4707925947824322,6.346130131281326,0.6346130131281326,1.0,53.69968370518637,1
0.43209251885962796,0.1681844285666717,0.6421552480319948,0.06421552480319948,0.0,81.15936623365671,0
0.7854358662802758,0.21879484632297086,9.235399166625244,0.9235399166625244,0.0,45.238672875457844,1
0.3518277763604337,0.37091846594904865,2.93817419654407,0.293817419654407,0.0,94.99959266411047,0
0.9210610167681825,0.7070798999905603,9.273983442001864,0.9273983442001864,1.0,72.90516640776825,1
0.07416337298797981,0.8337093966186624,0.13485296526656088,0.013485296526656088,0.0,88.29323525579157,0
0.7204073384860645,0.30721399711559016,2.1869088608878497,0.21869088608878498,2.0,36.793461015563786,0
0.9289779793323514,0.397764297486614,2.7839828398754376,0.27839828398754374,0.0,56.89892097214741,0
0.5531622082205802,0.8876606622015639,6.879860178186781,0.6879860178186781,2.0,51.83488058837429,0
0.878678296964503,0.780240097606798,7.97950748690724,0.797950748690724,2.0,93.11264222634131,1
0.6918311865247455,0.6903350379749102,6.300902089328305,0.6300902089328305,1.0,39.40869386216344,0
0.014529334785205572,0.407143397701606,0.6202298397067418,0.062022983970674184,1.0,78.63060946118662,0
0.6712446444139886,0.3410590342164095,4.336383159369531,0.43363831593695307,0.0,71.00502918186248,0
0.6565616595264343,0.7234296820253424,4.9398391464033224,0.49398391464033226,0.0,85.33824903031689,0
2.7464833659673893e-05,0.0933264734085194,3.587221498771589,0.3587221498771589,0.0,93.52367083688327,0
0.40916072770621514,0.5434663007892857,4.195458297760833,0.41954582977608335,1.0,82.38289867152105,1
0.03879941706190748,0.060805232373093876,4.82615762484685,0.482615762484685,2.0,46.38992720814408,0
0.2929987974973789,0.6233375984123564,5.540018063015858,0.5540018063015858,2.0,84.22595620326766,1
0.9865824789393582,0.5684114311087646,6.309507189196694,0.6309507189196694,2.0,64.2393418621439,0
0.9402841832108733,0.05979271055078239,2.1012235851472703,0.21012235851472702,2.0,72.46512503877,0
0.6848592718425573,0.4198651078026976,9.016865173076086,0.9016865173076086,1.0,48.22873445519765,1
0.36685208653165,0.1924499205741167,8.278827912109712,0.8278827912109712,2.0,83.04103531595474,1
0.3964519299883533,0.7981222143879998,7.86613545713021,0.786613545713021,0.0,58.890045056971005,0
0.038214687320596075,0.913282774356726,8.058541970589621,0.8058541970589621,0.0,82.54387408942996,1
0.33828491818593953,0.3146778503408548,5.2545767714289005,0.52545767714289,2.0,57.77152140597933,0
0.7843845313912499,0.02931894610608443,9.530570633346674,0.9530570633346673,0.0,70.07522252900743,0
0.5193529536745303,0.8976545600261228,3.659496803741278,0.3659496803741278,2.0,36.69464205280085,0
0.47667777605888073,0.8445223014881711,4.199827588818171,0.41998275888181713,0.0,36.01028733999333,1
0.09109792065722688,0.7968487366908455,8.162787182371545,0.8162787182371545,2.0,91.94299772639762,1
0.9190004771393835,0.35637883019804184,8.690038831991224,0.8690038831991224,2.0,77.1942544433573,1
0.2830732194045358,0.07970657025732886,4.489873456840891,0.44898734568408905,0.0,41.225194951761935,0
0.38290280985919656,0.9748710013407135,8.480117517953625,0.8480117517953625,0.0,68.85279911053911,1
0.3307098526955984,0.49341059223467365,6.332347087401172,0.6332347087401172,2.0,80.77771236513034,0
0.32873410250500945,0.35661122689477187,3.880209023703273,0.38802090237032727,2.0,68.91611398157644,1
0.5993239547510599,0.7772105779939246,9.054966638694435,0.9054966638694435,1.0,59.149067427620935,1
0.6270323432537884,0.6707011011401496,5.031815806656263,0.5031815806656262,1.0,84.29096512909477,0
0.5985621055648228,0.041865579100023864,8.491435591348534,0.8491435591348534,1.0,33.30037044572928,0
0.06849812703007507,0.9583976789737637,8.124178276435309,0.8124178276435309,2.0,71.1668199264389,1
0.9695374824410293,0.5560637263738846,0.9663189436663389,0.09663189436663389,0.0,60.745505317180566,0
0.7139876960657188,0.1882385688534397,8.711260730281577,0.8711260730281577,0.0,72.13081510809282,0
0.8827286835758722,0.01596965978028375,1.624224803016353,0.1624224803016353,0.0,48.87922565701382,1
0.15966932564368186,0.552237567163248,8.138602141978637,0.8138602141978637,1.0,40.56090039444373,0
0.9321080701637954,0.5940402478661123,7.55568618922338,0.755568618922338,0.0,93.32259170839207,1
0.7216806665306396,0.09962465252155484,7.3717578861146364,0.7371757886114636,2.0,86.17492917605533,1
0.5007157364696412,0.5449280578686585,9.208765764995112,0.9208765764995113,1.0,89.08126505759708,0
0.023132512380655057,0.4317235508493401,6.005593608268871,0.6005593608268871,2.0,79.9693348496582,0
0.25318577007700516,0.4376269338261528,3.386043651160046,0.33860436511600456,2.0,34.219805123334446,0
0.8387413683612424,0.9752616344162832,5.931924536686012,0.5931924536686012,0.0,70.81432400344801,1
0.37918169967005855,0.29588571573202305,6.961289233165548,0.6961289233165548,2.0,54.792268751229706,1
0.6782767273819127,0.8841605669762539,3.6461976440027843,0.36461976440027843,0.0,51.728739289743864,1
0.7307930299748063,0.34451919295812095,2.542960169575524,0.25429601695755244,2.0,46.199348846297745,0
0.7756497079254584,0.17950170365539675,4.896909273920716,0.48969092739207165,2.0,41.74286455148364,0
0.38235228296694057,0.15226598881951026,8.983068915970536,0.8983068915970536,2.0,39.06420869408439,0
0.9098333782170352,0.940638054607634,6.304647108962811,0.6304647108962811,1.0,37.87859708711112,1
0.29219995908475027,0.02329194870742768,8.972556243124837,0.8972556243124836,0.0,76.25164348916567,0
0.8360645983219457,0.219160638726139,4.751156633298525,0.47511566332985244,0.0,90.47703647059,0
0.42473307040451447,0.34047397620800435,9.46990636257504,0.946990636257504,2.0,54.720613342928296,0
0.23422885292664564,0.6567999120583063,7.915582616347628,0.7915582616347627,0.0,36.89118317054449,0
0.34344935151256606,0.37580070802712406,3.5458327670101597,0.35458327670101597,1.0,44.37528591477247,0
0.7995634388062371,0.020413573557595766,4.482195978669731,0.4482195978669731,2.0,78.55451372911406,1
0.6148705674420806,0.516959694889043,9.977689698579148,0.9977689698579149,2.0,52.654309304173275,0
0.13667870919772362,0.8844656891973672,9.537003389804342,0.9537003389804342,0.0,73.08353019180136,0
0.12396725973486167,0.8865710336377329,4.102406745804443,0.41024067458044433,1.0,43.365545287277065,1
0.6872008068056038,0.9915952454793991,8.335593459850982,0.8335593459850982,0.0,79.19053790898502,1
0.2394922736621281,0.3423925297611923,9.097292777468525,0.9097292777468524,0.0,72.58631509948175,1
0.20865948491760344,0.12246280048654523,2.5174791434385293,0.2517479143438529,2.0,44.44539027455623,0
0.7495017669227739,0.0695385330174868,5.176060708613672,0.5176060708613672,2.0,90.5782739885658,0
0.32265367289590374,0.8670916919633552,7.570853437685176,0.7570853437685175,2.0,63.972888846755,0
0.0683052599281172,0.7482137898448121,0.7686160178735224,0.07686160178735224,2.0,44.29110497146938,1
0.42483487158365585,0.6275736906054661,8.056841343217014,0.8056841343217014,0.0,66.8341326803524,1
0.5691787042446779,0.4967603497428351,2.1104616316533233,0.21104616316533234,1.0,56.99611723535104,1
0.6014891970061493,0.45734066184564803,4.7897362912606765,0.47897362912606767,0.0,89.61432239528342,0
0.058505408108135204,0.4939518930174328,3.752038488814443,0.3752038488814443,0.0,50.140648732200624,1
0.45355930965991464,0.3638446381737259,7.401692446820319,0.7401692446820319,2.0,87.6101708827638,0
0.35956199329080873,0.47467716162863416,2.3316456940973707,0.23316456940973707,1.0,78.25500863353699,0
0.44893475290042417,0.21032948336084045,4.663579103933921,0.46635791039339214,0.0,74.19298856020332,1
0.041697302457728624,0.11776795198206291,2.6557907949811757,0.26557907949811754,2.0,41.94912141562263,0
0.2956069104989383,0.21129516483087207,0.5480222168989246,0.05480222168989246,2.0,35.59880346746549,0
0.6434585387518903,0.970963982627384,8.435119326483706,0.8435119326483707,0.0,86.18840977246045,1
0.1259163614526323,0.9906864929181184,2.245199855675094,0.22451998556750938,2.0,67.08522481689232,0
0.9592203888231016,0.7515114685203056,2.324171565951363,0.2324171565951363,2.0,92.74397747002457,1
0.9939107501084263,0.8371912078828727,0.4675885453248141,0.04675885453248141,0.0,63.5655880233952,1
0.36044230020605517,0.10356636120491236,5.026967745458012,0.5026967745458012,0.0,68.43994249106215,0
0.6809554363264771,0.12302660768986007,2.689639970255527,0.26896399702555274,0.0,94.8120682497183,1
0.6353435228672073,0.09265464127348089,5.655014442179351,0.5655014442179351,0.0,76.53296031363293,1
0.16716481565989394,0.06319566790747466,7.235292872907126,0.7235292872907126,0.0,53.401950188368225,1
0.388194109473854,0.7473415970789614,0.45929634688410825,0.045929634688410825,1.0,83.80669440915271,0
0.9806462925693095,0.05640307203913453,2.004897590919125,0.2004897590919125,0.0,49.2070844098014,1
0.12767426722714914,0.949040563752366,3.908913605071773,0.3908913605071773,0.0,64.12992112395644,1
0.5751767718959588,0.6540370450750831,8.797635548175021,0.8797635548175021,2.0,45.466610893256124,0
0.5991807441222877,0.1708762667868997,1.097252132641161,0.1097252132641161,1.0,94.65438687319677,0
0.1675254276309004,0.8175225791343337,7.438301223389164,0.7438301223389164,0.0,90.74399505607117,0
0.5352481463437031,0.8236937620328614,9.535823875270856,0.9535823875270856,2.0,86.80110843353197,0
0.9174620934774843,0.5638887825464424,0.7766698860799204,0.07766698860799204,0.0,56.07423029341996,1
0.1156562117766522,0.09098398736526814,3.330093595873702,0.3330093595873702,1.0,77.35425700313013,0
0.18974299449562815,0.40077813114059846,7.695678700400258,0.7695678700400258,2.0,46.95088208436928,0
0.2556285812395164,0.5485373126113261,9.351817471959546,0.9351817471959546,0.0,55.34998454102993,1
0.750979584600647,0.7437957340808994,2.467288176886359,0.2467288176886359,0.0,82.29466198201816,1
0.5772514178770745,0.2985037348298458,6.418802329833943,0.6418802329833942,2.0,33.6665218829898,1
0.5035470273142567,0.8731571484673232,7.31563587681752,0.731563587681752,0.0,33.21751802043365,0
0.7920642102348427,0.2507379710089648,4.0402385335612685,0.40402385335612684,1.0,72.97003678743724,1
0.9782671449305222,0.9981984907965893,6.695280799144067,0.6695280799144067,2.0,80.34888338909472,0
0.19595805134911926,0.11505530319758961,5.491273968329363,0.5491273968329363,1.0,54.93027697523366,0
0.8120504188283537,0.8329495996251804,9.371768656865472,0.9371768656865471,0.0,73.85396219791122,1
0.3700883707133811,0.13221688113846197,5.387211042899594,0.5387211042899593,2.0,88.69368376362169,1
0.14599122375890994,0.7593130522257605,5.166139544848567,0.5166139544848567,2.0,36.49904146615076,1
0.25652010092779676,0.8623012285388406,6.692954043074517,0.6692954043074517,1.0,83.98355063012464,1
0.39929648309146926,0.3129185304226877,1.5229753421528969,0.1522975342152897,0.0,67.81311466590469,0
0.8991608921642679,0.10133392716886291,5.3095830740569605,0.530958307405696,1.0,57.45311255489361,0
0.4784095311960024,0.9999091585229412,0.5068654088676605,0.05068654088676605,2.0,33.361278519678905,0
0.6143030626007719,0.9710522425927398,6.270239727788171,0.6270239727788172,0.0,54.964885690673285,1
0.03323446527274854,0.7568210920569203,5.346636721659679,0.5346636721659679,1.0,81.60283449875512,0
0.06400671171532202,0.3864903618574588,8.394001479980538,0.8394001479980538,1.0,65.22768072083454,1
0.9383326339560449,0.13440064402297713,7.977031616721693,0.7977031616721693,1.0,41.46001756113494,0
0.8383178128389648,0.4180502918111749,4.325450761262294,0.4325450761262294,0.0,45.094397411447225,1
0.4896406506797496,0.7203425775353184,6.589933716572023,0.6589933716572023,1.0,85.09533722448231,0
0.20039825875437256,0.1523639693106783,3.0331496917665257,0.30331496917665257,2.0,58.138993626554466,0
0.04017562116047413,0.016800375331881057,3.8783778046656803,0.387837780466568,0.0,36.20665072167561,0
0.9753488518740228,0.9040352588026142,0.7802451744017258,0.07802451744017258,0.0,93.26658590979639,1
0.005672287880468807,0.699989854912964,1.007037683739045,0.10070376837390449,1.0,46.47505665646295,0
0.23764778532885655,0.693840128723291,8.18745199476115,0.8187451994761149,2.0,81.77166093385729,1
0.6839029729042115,0.9471857571553647,9.719438450129216,0.9719438450129216,0.0,30.8321459657288,1
0.937898256210071,0.5207053390055504,4.892213471307306,0.4892213471307306,2.0,46.672550779009995,1
0.11705930915112495,0.3180769541946932,1.2796420438706835,0.12796420438706835,2.0,51.91298598134276,0
0.7738909989687388,0.9094256453182638,0.8833837786441301,0.08833837786441301,0.0,85.86264233768554,1
0.3317681307847691,0.9858115710541738,0.45406716664095015,0.045406716664095015,0.0,78.61663010889794,0
0.6797184264798182,0.02045992021777776,8.787799554947897,0.8787799554947897,0.0,50.021380182987855,0
0.0966332303980848,0.33067287796331013,4.421986630669608,0.44219866306696076,2.0,81.1863892908812,0
0.8648168268977217,0.36240560529735244,8.803684871656372,0.8803684871656372,0.0,82.6539075135412,1
0.7072239339604005,0.11122780755831208,3.6282785968826547,0.3628278596882655,1.0,63.28135387417055,0
0.9556018394526306,0.22157325292093277,5.88061414301492,0.5880614143014921,0.0,63.0126841000462,0
0.5024191575607241,0.024457596784180025,6.738384969816792,0.6738384969816792,1.0,63.11899057649846,0
0.8876913302177539,0.6964161569901497,0.5003394996921284,0.05003394996921284,2.0,40.8807969643811,0
0.5403986272974277,0.10690515021082903,6.815944746652228,0.6815944746652228,0.0,82.82755215587822,0
0.5127891859193724,0.8876275791512833,7.997159436481419,0.7997159436481419,0.0,76.44936856048692,1
0.09461042121593477,0.5839754552650537,0.22079760324097086,0.022079760324097086,1.0,85.2099876761953,1
0.8141694769851137,0.35615904634581674,0.5882181787903829,0.058821817879038285,1.0,83.01883148623038,0
0.41220251882876524,0.8088870455407862,5.220884767842899,0.5220884767842899,2.0,81.05341622524597,0
0.6000250443402845,0.6506704164216678,9.713828459476117,0.9713828459476117,0.0,80.72448294884543,1
0.6506916287488145,0.7530228047152561,9.732449238727028,0.9732449238727028,1.0,91.38929403500475,1
0.7748113021731773,0.8777763687170718,1.0957865630068986,0.10957865630068986,2.0,69.35171420160508,0
0.5753443128565303,0.8076650328241012,7.6088041404536275,0.7608804140453628,2.0,83.81587041233368,0
0.6199105482309952,0.7791425832464434,7.933189253464711,0.7933189253464711,1.0,82.08715689776807,1
0.5207546646004206,0.7298434463741637,8.76955286472345,0.8769552864723449,2.0,47.565190832352876,1
0.613951722996516,0.3774884082534581,0.43518149937524786,0.043518149937524786,1.0,66.77229752179429,1
0.44422901334093245,0.6518311409336055,9.724335632058564,0.9724335632058564,1.0,77.42995799286805,1
0.7764115149914489,0.5656988833251341,8.217086090534728,0.8217086090534729,0.0,36.72534349012648,1
0.8105072479568572,0.9634458865043225,6.076862371340248,0.6076862371340248,2.0,64.48776795764876,0
0.517107573718847,0.5009355334450116,0.6682815899485983,0.06682815899485983,2.0,30.184600629649857,0
0.14662803930809742,0.22181782017773688,2.4015825947317615,0.24015825947317615,0.0,45.61963289652364,0
0.37349797241662863,0.45772835456968053,3.466314116317016,0.34663141163170164,1.0,61.614108366387335,1
0.8399386696479172,0.4146501113255018,8.573874727249484,0.8573874727249484,2.0,49.95045102968424,1
0.9167490021598936,0.4685163615523017,7.611203890283625,0.7611203890283625,0.0,80.12084512896523,1
0.2670530017376632,0.5810304301115639,9.407205985282422,0.9407205985282422,2.0,71.43126520529229,0
0.9411026002545265,0.9480225050929492,4.225374529965235,0.42253745299652345,2.0,47.39010022685536,0
0.27671324274587616,0.28108032854905196,9.167981850406854,0.9167981850406853,1.0,31.110060248106723,1
0.9188768427465391,0.9691288153856668,8.957084078815134,0.8957084078815134,2.0,46.55634550665603,1
0.935435526037511,0.77958262310476,0.184865658365293,0.0184865658365293,0.0,63.739818589272495,1
0.5048319088182472,0.18292092676696337,2.3925413135625737,0.23925413135625737,1.0,79.54495932293521,1
0.9505521542389218,0.28044060654042147,7.9988298136528115,0.7998829813652811,1.0,69.2189076044173,1
0.5492723658641315,0.9093252497539652,6.650919178961885,0.6650919178961885,2.0,33.62815195419008,1
0.3788902880280586,0.8013430815993855,2.2288795806035635,0.22288795806035636,0.0,60.323839229926435,0
0.8101595052526882,0.1433607993488254,7.814698542373835,0.7814698542373835,0.0,92.36844600119512,0
0.1085221015119876,0.584568586477003,3.16555887695092,0.316555887695092,0.0,88.76299111572247,0
0.21665506834932613,0.27699325760449467,6.021449619609384,0.6021449619609384,2.0,78.25568408122042,0
0.2132501055258128,0.6297503430753465,9.346577441043964,0.9346577441043964,2.0,48.44796624207074,0
0.62207352857774,0.17358200746498376,2.3961818157609507,0.23961818157609507,2.0,31.44084878869158,0
0.7088728251627254,0.35191291556191107,0.5536749477353375,0.055367494773533754,1.0,59.663845105483574,1
0.8374254135273428,0.3885284726047572,6.601387938367623,0.6601387938367622,1.0,54.33852138373384,1
0.8998619645963163,0.5377087585082706,7.284213979771118,0.7284213979771118,1.0,73.93011680223516,1
0.8750475164854444,0.23931697570656907,3.1257881779311103,0.31257881779311103,1.0,34.588301750342715,1
0.6819945969146564,0.7277463524380172,4.68410953359648,0.468410953359648,0.0,90.0196045422315,1
0.9148266774600968,0.8092667132220828,5.010901482283035,0.5010901482283036,0.0,77.83086815498399,1
0.27554454167601294,0.6399896908770958,8.159471542108188,0.8159471542108188,0.0,93.11489058531264,1
0.7252759262272815,0.9030815053774952,6.930791563992153,0.6930791563992152,0.0,86.24539380893167,1
0.07666743171473012,0.7904951927934453,2.729839055917834,0.2729839055917834,0.0,57.96484562921016,0
0.12522842473991602,0.04401442497305541,2.7301215189665964,0.2730121518966596,1.0,73.06229567430184,0
0.22612214405297304,0.08472123156462463,3.249650813196717,0.3249650813196717,2.0,84.96591262854525,1
0.10267674237688373,0.6599686242506794,1.4595282744355609,0.1459528274435561,2.0,43.25187989087232,0
0.9656658466053425,0.7218754803528913,1.3427850506494499,0.134278505064945,2.0,30.625952194269235,0
0.4662442294673884,0.9679049408789626,8.174115361960517,0.8174115361960517,0.0,49.992919147117064,0
0.9067043604777993,0.003332542724965526,8.317052240241786,0.8317052240241786,1.0,58.43456683792061,0
0.4766319479754181,0.2369605093706093,2.6007992387766645,0.26007992387766643,1.0,70.59708574589256,0
0.6996761889017341,0.8317509534535537,8.50396783983192,0.8503967839831921,1.0,47.122582450675445,0
0.32171479594053287,0.891533573249534,5.707349392728888,0.5707349392728889,0.0,58.733880576850076,0
0.9506654529042675,0.4644321973065082,7.12157796183099,0.712157796183099,0.0,72.16416073142216,0
0.03489446179518274,0.4837554648502552,8.804442001747422,0.8804442001747421,0.0,83.58754011691072,1
0.6974045812209717,0.8536193417484642,3.0834419763113274,0.30834419763113274,0.0,44.750795340288285,0
0.9503799929883825,0.4599686800811341,6.622260558529604,0.6622260558529603,1.0,81.99373405710777,1
0.7881486297603499,0.7874283132040486,3.08533307578688,0.308533307578688,1.0,91.04801866934656,1
0.8275962790413184,0.9487301347863885,9.029148992290624,0.9029148992290624,2.0,56.62154611687907,1
0.29916301996036676,0.2618462349908601,2.995857859477714,0.2995857859477714,2.0,65.8792101473205,0
0.45184799011553944,0.2743999111122749,6.2533396786667526,0.6253339678666753,0.0,30.64895445296304,0
0.13618093038673185,0.9386027062204175,1.910265532824853,0.1910265532824853,1.0,76.16362209659236,0
0.37640556537766456,0.42429929228562524,3.697795640971928,0.3697795640971928,0.0,86.68086714627607,0
0.008435268131620877,0.01572713634970546,3.513987111041722,0.3513987111041722,2.0,31.299168196903693,0
0.7787696057350504,0.5024897330046606,7.50324694363961,0.750324694363961,0.0,84.83839279974583,1
0.9530123472523272,0.6167601484054881,2.865952562429823,0.2865952562429823,0.0,39.68645130222205,1
0.7008493507103244,0.24473776610006925,3.2740865989195376,0.3274086598919538,1.0,84.73642118865408,0
0.8102975936529436,0.7274103852899679,0.09414736100236687,0.009414736100236687,2.0,65.22381058460508,1
0.5134697254752956,0.23294264544450827,3.1583694285001607,0.31583694285001607,1.0,54.06035918748419,0
0.1916684702994481,0.1196493239518418,2.721474689122385,0.2721474689122385,2.0,91.18208893708545,0
0.720815461608853,0.24936567551555022,5.4460739351339615,0.5446073935133962,0.0,69.80326993816796,1
0.29928380489573025,0.5339098475735805,4.017804620446764,0.40178046204467643,2.0,32.512622519647216,1
0.45952500475180835,0.8557881756717353,9.80471331833905,0.9804713318339051,0.0,79.7900253357041,1
0.900667844705391,0.5293321945661568,5.461322373259653,0.5461322373259654,2.0,41.85592168768772,0
0.37293713248602933,0.848985521358935,0.727486728040293,0.0727486728040293,0.0,90.01286705998822,0
0.289369517656597,0.06418638914700703,8.094852728330464,0.8094852728330464,2.0,40.819638814530066,0
0.03169450373647975,0.37258641482387045,0.5326485207611253,0.053264852076112534,0.0,61.697768849348925,1
0.7014568734086619,0.43517849510794415,8.37229660511593,0.837229660511593,2.0,63.967561707795085,0
0.21521991891323755,0.8017257278850539,4.05471185626179,0.40547118562617895,2.0,66.64568559899676,1
0.6394166312732141,0.6106468137753579,0.6167691665277597,0.06167691665277597,1.0,64.66414560824377,0
0.3666041739010273,0.7850366322809551,9.773655651979121,0.9773655651979121,2.0,58.537983018842496,1
0.7876756846396264,0.33855674512975353,4.954255361662419,0.4954255361662419,1.0,76.33407633758031,1
0.889894480862972,0.9340327725498192,8.548130491311726,0.8548130491311726,0.0,40.11138396224948,1
0.2357032385743677,0.8136565237322062,4.20557989442173,0.420557989442173,1.0,81.17258920405054,0
0.7923111006098921,0.9154855482734097,4.616074574260573,0.46160745742605724,1.0,32.43430182018959,0
0.15281378734042517,0.2627960684518874,3.6236410505416994,0.36236410505416994,1.0,84.73620201116273,0
0.14092734534652918,0.006569227765137908,3.689219832511683,0.3689219832511683,0.0,78.73887787365351,1
